index,sourceInternalId,sourceFile,sha256,phash,width,height,aspectRatio,format,mime,colorMode,hasAlpha,alphaBounds,fileSize,rgbaDecodedBytes,transparentPaddingRatio,exactDuplicateOf,nearDuplicateGroup,category,semanticName,confidence,usedOnScreens,bakedText,nineSliceCandidate,notes
1,01a23149e09e72fa8ac700f6e0a62ad010a041f9,analysis/figma/raw/images/01a23149e09e72fa8ac700f6e0a62ad010a041f9,7d440b12e9b5a2d1a074f54883ff124d5adbde1ba8ab07c2256c2409a8fe4f68,dfb16046869e9b1a,330,336,0.982143,PNG,image/png,RGBA,True,"{""x"": 0, ""y"": 0, ""w"": 330, ""h"": 336}",193777,443520,0.0,,"[""NEAR-001""]",ui,ui_icon_crystal_snowflake__330x336,0.85,[],NO_VISIBLE_TEXT,False,
2,02730f95ce54e51cd6c92682fae4c880e893f520,analysis/figma/raw/images/02730f95ce54e51cd6c92682fae4c880e893f520,8bec1ea9c31e1b76bb2ad0857e02a5e9a0d5361a38c2c003e06154ecd742e28b,eb9cd5c19cc39063,323,441,0.732426,PNG,image/png,RGBA,True,"{""x"": 0, ""y"": 0, ""w"": 323, ""h"": 441}",205708,569772,0.0,,"[""NEAR-002""]",ui,ui_frame_magic_gold__323x441,0.85,[],NO_VISIBLE_TEXT,False,
3,027fb1a160a836ad27c008214bdd44046699c6b3,analysis/figma/raw/images/027fb1a160a836ad27c008214bdd44046699c6b3,98f748832c288eca96aa9b561cf92c4514f4764cf7ddc08ec03cdcf886d79fd9,c9cb252c36e4d59a,300,252,1.190476,PNG,image/png,RGBA,True,"{""x"": 0, ""y"": 0, ""w"": 300, ""h"": 252}",66635,302400,0.0,,,currency,currency_gem_blue__300x252,0.95,"[""SCREEN-003"", ""SCREEN-004"", ""SCREEN-005"", ""SCREEN-006"", ""SCREEN-007""]",NO_VISIBLE_TEXT,False,
4,02a4dde377213241fff0dc579b2094999cc76847,analysis/figma/raw/images/02a4dde377213241fff0dc579b2094999cc76847,79721ca5ecb40c17dd507586c745450d238c1232b7bd035367575b0224605552,9cc8d636632f3859,462,747,0.618474,PNG,image/png,RGBA,True,"{""x"": 0, ""y"": 0, ""w"": 462, ""h"": 747}",282446,1380456,0.0,,"[""NEAR-003""]",equipment,equipment_fox_sorcerer_staff__462x747,0.95,[],NO_VISIBLE_TEXT,False,
5,02cacfc26701953eb11a6dfc5b4e46ff4b8f6d75,analysis/figma/raw/images/02cacfc26701953eb11a6dfc5b4e46ff4b8f6d75,83addef0f4fb65cfceff32bab38c40c1dd758fe4b2d8f0dcc35329487cbb008f,ecc8b3368d876869,538,602,0.893688,PNG,image/png,RGBA,True,"{""x"": 0, ""y"": 0, ""w"": 538, ""h"": 602}",427851,1295504,0.0,,"[""NEAR-004""]",relic,relic_compass_gold__538x602,0.95,"[""SCREEN-005""]",NO_VISIBLE_TEXT,False,
6,0340666bee1059d8aef76d0dc38c26ba9429cc3d,analysis/figma/raw/images/0340666bee1059d8aef76d0dc38c26ba9429cc3d,f4e10b4aae9f5b7ed63d5ca974a86cfbaf9ad917a911e659e94612df76dab518,ce9c3bc360dc3c43,353,325,1.086154,PNG,image/png,RGBA,True,"{""x"": 0, ""y"": 0, ""w"": 353, ""h"": 325}",138470,458900,0.0,,,ui,ui_icon_crown__353x325,0.95,"[""SCREEN-004""]",NO_VISIBLE_TEXT,False,
7,034be57911f70df8a8504a42e69cb4eb200d2b7a,analysis/figma/raw/images/034be57911f70df8a8504a42e69cb4eb200d2b7a,9120a2e104e6dd85579d3234caafd75a786d77dc113db298805f35627e2aac98,ecb1c14ed2363633,311,328,0.948171,PNG,image/png,RGBA,True,"{""x"": 0, ""y"": 0, ""w"": 311, ""h"": 328}",157543,408032,0.0,,"[""NEAR-005""]",equipment,equipment_elf_archer_hood__311x328,0.85,[],NO_VISIBLE_TEXT,False,
8,0431d4a4bcacc5183a9b0f2d3c635e4eb47856b9,analysis/figma/raw/images/0431d4a4bcacc5183a9b0f2d3c635e4eb47856b9,562460c20896f47952619b5aa3afe1d0135d3b177e9cb0b9e0b58fa28ea08e93,eec8b03493393b2b,1628,1757,0.926579,PNG,image/png,RGBA,True,"{""x"": 0, ""y"": 0, ""w"": 1628, ""h"": 1757}",2651429,11441584,0.0,,"[""NEAR-006""]",relic,relic_infernal_mask__1628x1757,0.95,"[""SCREEN-003""]",NO_VISIBLE_TEXT,False,
9,05534612ec3043db12c74f036585a065bb002b07,analysis/figma/raw/images/05534612ec3043db12c74f036585a065bb002b07,537e1126739256391509a32336c907a37a22e91cd73f4e97e8402b55f38cf6d3,d8df2d4f2320f027,430,435,0.988506,PNG,image/png,RGBA,True,"{""x"": 0, ""y"": 0, ""w"": 430, ""h"": 435}",241972,748200,0.0,,"[""NEAR-007""]",hero,hero_ice_fairy__430x435,0.85,[],NO_VISIBLE_TEXT,False,
10,05a04461351d086a16a2c9b63bc7c05772867132,analysis/figma/raw/images/05a04461351d086a16a2c9b63bc7c05772867132,41aa0e1ac6e0eb6205846f41196a20372274580c3b45ffe5733bdbf86ee0a0b7,ab8684d9f160d5da,1596,1576,1.01269,PNG,image/png,RGBA,True,"{""x"": 0, ""y"": 0, ""w"": 1596, ""h"": 1576}",2260978,10061184,0.0,,"[""NEAR-008""]",enemy,enemy_poison_mushroom__1596x1576,0.95,[],NO_VISIBLE_TEXT,False,
11,06cd33d87f0b29a2964c598bf7e3124a59294bad,analysis/figma/raw/images/06cd33d87f0b29a2964c598bf7e3124a59294bad,3d5df4d8d308bf1a8e334541dd302b34fdc06088f388b14a6fd51cf887c4da83,fa668938653df052,261,290,0.9,PNG,image/png,RGBA,True,"{""x"": 0, ""y"": 0, ""w"": 261, ""h"": 290}",140149,302760,0.0,,"[""NEAR-009""]",equipment,equipment_bunny_assassin_pants__261x290,0.85,[],NO_VISIBLE_TEXT,False,
12,0776e9c3b4670521067e7b4d5751c86deac1e358,analysis/figma/raw/images/0776e9c3b4670521067e7b4d5751c86deac1e358,701846984cec94771523267c0425b1600a935382acb03e4e7b8b038c70f9bf43,efcdeb72d2110898,1536,1024,1.5,PNG,image/png,RGBA,True,"{""x"": 0, ""y"": 0, ""w"": 1536, ""h"": 1016}",2541455,6291456,0.0078,,"[""NEAR-010""]",branding,branding_hero_collage__1536x1024,0.95,"[""SCREEN-002""]",NO_VISIBLE_TEXT,False,
13,07938c8d6fff7ef8f5f691688e4860a8e46ddffa,analysis/figma/raw/images/07938c8d6fff7ef8f5f691688e4860a8e46ddffa,188b86dcf82eefca301f55c9cd4a012c6522c731810b73d11757ed5c5c263ab0,fae0c43d86d5831b,1254,1254,1.0,PNG,image/png,RGB,False,"{""x"": 0, ""y"": 0, ""w"": 1254, ""h"": 1254}",1926775,6290064,0.0,,"[""NEAR-011""]",reward,reward_gold_chest__1254x1254,0.95,"[""SCREEN-008"", ""SCREEN-009""]",NO_VISIBLE_TEXT,False,
14,08b1bc2751f3b6f0d6d9b634e5c8a9bb021199ef,analysis/figma/raw/images/08b1bc2751f3b6f0d6d9b634e5c8a9bb021199ef,552ce9ca7d9a4168248e9f2b1af9c6ad9fa2413ec80bd798abe4d8ef179c616f,ffd4aad0aad0a8c1,1580,1579,1.000633,PNG,image/png,RGBA,True,"{""x"": 0, ""y"": 0, ""w"": 1580, ""h"": 1579}",1226849,9979280,0.0,,"[""NEAR-012""]",ui,ui_button_red_square__1580x1579,0.95,"[""SCREEN-003""]",NO_VISIBLE_TEXT,True,
15,092ac501041d697546d50159ce69fa085983abcb,analysis/figma/raw/images/092ac501041d697546d50159ce69fa085983abcb,100ccd3992f30b999f8258a97aa2c08613ef6a6e8e8db539d06d34488dd2e8df,ffd57fd580800a15,335,53,6.320755,PNG,image/png,RGBA,True,"{""x"": 0, ""y"": 0, ""w"": 335, ""h"": 53}",20505,71020,0.0,,"[""NEAR-013""]",ui,ui_bar_cyan_fill__335x53,0.85,[],NO_VISIBLE_TEXT,False,
16,09bfd4ac03b6b9ef80b573897cf0839e13037230,analysis/figma/raw/images/09bfd4ac03b6b9ef80b573897cf0839e13037230,15304ce778149e7057a2564cb0250d251c628a20a5015971b7f23c013e662d37,e8869276dfca9831,474,358,1.324022,PNG,image/png,RGBA,True,"{""x"": 0, ""y"": 0, ""w"": 474, ""h"": 358}",243828,678768,0.0,,"[""NEAR-014""]",enemy,enemy_swamp_crocodile__474x358,0.85,[],NO_VISIBLE_TEXT,False,
17,0a0e8be3bb2ff3816b58a759156e65a7f21fb8f4,analysis/figma/raw/images/0a0e8be3bb2ff3816b58a759156e65a7f21fb8f4,ab659dd75576e5dcf484f8d92d1438548ae1bb543fd129674bc287473b67e954,c3ce1f623c926c3c,289,278,1.039568,PNG,image/png,RGBA,True,"{""x"": 0, ""y"": 0, ""w"": 289, ""h"": 278}",135241,321368,0.0,,"[""NEAR-015""]",equipment,equipment_ice_fairy_boots__289x278,0.85,[],NO_VISIBLE_TEXT,False,
18,0a3daa5714e0526d57a8f4de13d2b6233b30a292,analysis/figma/raw/images/0a3daa5714e0526d57a8f4de13d2b6233b30a292,ed1bd6fe0e29e07f44046f2db81ac0456bcceb5943b2ebb1d8702badbfe7d8db,ff3a84d094db84aa,259,387,0.669251,PNG,image/png,RGBA,True,"{""x"": 0, ""y"": 0, ""w"": 259, ""h"": 387}",160786,400932,0.0,,"[""NEAR-016""]",ui,ui_frame_equipment_gold__259x387,0.85,[],NO_VISIBLE_TEXT,True,
19,0ac29d5d34a548d42a7f415c8a753877e9e9cf6d,analysis/figma/raw/images/0ac29d5d34a548d42a7f415c8a753877e9e9cf6d,3cc4090d237bd314c8cfd5c7667ccfd918c4e5583b3ff9f561720d35d6fb5396,bcd39463c7a1c896,405,416,0.973558,PNG,image/png,RGBA,True,"{""x"": 0, ""y"": 0, ""w"": 405, ""h"": 416}",250162,673920,0.0,,"[""NEAR-017""]",hero,hero_raccoon_engineer__405x416,0.85,[],NO_VISIBLE_TEXT,False,
20,0adf1ea1483dd69e64864417cfad5467a9f756f9,analysis/figma/raw/images/0adf1ea1483dd69e64864417cfad5467a9f756f9,b51017dbb49621c1e2452a79c838861123fcf389d7b5bab3777628bbd88b08ba,e4ed9b12394d6564,432,404,1.069307,PNG,image/png,RGBA,True,"{""x"": 0, ""y"": 0, ""w"": 432, ""h"": 404}",235609,698112,0.0,,"[""NEAR-018""]",ui,ui_frame_heart_wings__432x404,0.85,[],NO_VISIBLE_TEXT,False,
21,0af28b86d0bf4dd07dcc86106fa47288eb5e449c,analysis/figma/raw/images/0af28b86d0bf4dd07dcc86106fa47288eb5e449c,28d32483760d5025b9137c076d5532188ce549439202f00740ba027f2e8fea7d,eec6801bd2f19965,1448,1086,1.333333,PNG,image/png,RGB,False,"{""x"": 0, ""y"": 0, ""w"": 1448, ""h"": 1086}",1713403,6290112,0.0,,"[""NEAR-019""]",branding,branding_logo__1448x1086,0.95,"[""SCREEN-001"", ""SCREEN-002""]",YES,False,
22,0b2bf358d7101831113c0546963d06e71534f4cb,analysis/figma/raw/images/0b2bf358d7101831113c0546963d06e71534f4cb,88668671dc6a6233c8618a4dd8eb256cc82bcbb378c3926b460bf41404e63c18,da83e91fc4d83646,534,437,1.221968,PNG,image/png,RGBA,True,"{""x"": 0, ""y"": 0, ""w"": 534, ""h"": 437}",322935,933432,0.0,,"[""NEAR-020""]",equipment,equipment_turtle_warrior_ring__534x437,0.95,[],NO_VISIBLE_TEXT,False,
23,0c533b392e238edbbc6070da6d92a522e2a480b0,analysis/figma/raw/images/0c533b392e238edbbc6070da6d92a522e2a480b0,c2dee402177403c8d632e48b44ee906055903caa67b4990fa59dcd9238c70147,e9cd2732a4d0934f,499,482,1.03527,PNG,image/png,RGBA,True,"{""x"": 0, ""y"": 0, ""w"": 499, ""h"": 482}",392847,962072,0.0,,"[""NEAR-021""]",boss,boss_frost_dragon__499x482,0.85,[],NO_VISIBLE_TEXT,False,
24,0c6ccea79d2675660a690d1fbf6aff624f31024a,analysis/figma/raw/images/0c6ccea79d2675660a690d1fbf6aff624f31024a,11c9ff5cadf10515512147fcd58535b9c445de1fcb624cf5a5bf19c8c2fdc4ff,dac82f0f78b4cc07,452,543,0.832413,PNG,image/png,RGBA,True,"{""x"": 0, ""y"": 0, ""w"": 452, ""h"": 543}",300079,981744,0.0,,"[""NEAR-022""]",equipment,equipment_fox_sorcerer_ring__452x543,0.95,[],NO_VISIBLE_TEXT,False,
25,0cf9cf29b984c58a7af8eb8b445cdbb1123a44c8,analysis/figma/raw/images/0cf9cf29b984c58a7af8eb8b445cdbb1123a44c8,a8a64e50da1df1b2c132f7a485d0215271425520362047a3a542fa213fa5bfde,edc6a4ad3092b38b,1302,1413,0.921444,PNG,image/png,RGBA,True,"{""x"": 0, ""y"": 0, ""w"": 1302, ""h"": 1413}",681736,7358904,0.0,,"[""NEAR-023""]",ui,ui_icon_upgrade_arrow__1302x1413,0.95,"[""SCREEN-004"", ""SCREEN-010"", ""SCREEN-013"", ""SCREEN-014"", ""SCREEN-015""]",NO_VISIBLE_TEXT,False,
26,0cfd855bcdef93e33e3e68babd5866bcf2fa4162,analysis/figma/raw/images/0cfd855bcdef93e33e3e68babd5866bcf2fa4162,32388b31042b8f382df34a8e8e511e2e4f5b5e020c2be1ee72222e32890e1c46,95953927a4656d6c,435,899,0.483871,PNG,image/png,RGBA,True,"{""x"": 0, ""y"": 0, ""w"": 435, ""h"": 899}",315966,1564260,0.0,,"[""NEAR-024""]",equipment,equipment_ice_fairy_staff_spear__435x899,0.95,[],NO_VISIBLE_TEXT,False,
27,0d8dfc1da087dbdb043b08faed0eb0b12b49c371,analysis/figma/raw/images/0d8dfc1da087dbdb043b08faed0eb0b12b49c371,5652b9fb3db25e09b142ff050ce4fd27d1eb37c52ed6b95dea1931cd3d8c09c0,c6e30f9d484e33e2,413,553,0.746835,PNG,image/png,RGBA,True,"{""x"": 0, ""y"": 0, ""w"": 413, ""h"": 553}",293134,913556,0.0,,"[""NEAR-025""]",equipment,equipment_owl_mage_ring_crescent__413x553,0.95,[],NO_VISIBLE_TEXT,False,
28,0e5e63d6d0df4a896df8e9e3731dfe440e0360d3,analysis/figma/raw/images/0e5e63d6d0df4a896df8e9e3731dfe440e0360d3,a2135ea0283ce501c3f5282bf63e9049626bc24424fe234f244ded1a77d7bd09,cac1b716d09d7962,306,425,0.72,PNG,image/png,RGBA,True,"{""x"": 0, ""y"": 0, ""w"": 306, ""h"": 425}",169552,520200,0.0,,,equipment,equipment_inferno_dragon_ring__306x425,0.95,[],NO_VISIBLE_TEXT,False,
29,104dcd5307e71acef9d8a52d8db1a9e2e960a814,analysis/figma/raw/images/104dcd5307e71acef9d8a52d8db1a9e2e960a814,0aede10a3babd0ef8ad6b0d42556ac0388bef2d0caec7a8b715818c328648cd1,cecf2670b9701d94,324,296,1.094595,PNG,image/png,RGBA,True,"{""x"": 0, ""y"": 0, ""w"": 324, ""h"": 296}",203570,383616,0.0,,"[""NEAR-026""]",portrait,portrait_elf_archer__324x296,0.85,[],NO_VISIBLE_TEXT,False,
30,12124c5ba3d45e740c85976a849ad20d62a751c0,analysis/figma/raw/images/12124c5ba3d45e740c85976a849ad20d62a751c0,83f194e4e2c1b9cf4e22a3dadb9209d3d062535ede9935a9972c23be963ed350,ae9a62a79f619c30,331,296,1.118243,PNG,image/png,RGBA,True,"{""x"": 0, ""y"": 0, ""w"": 331, ""h"": 296}",228601,391904,0.0,,"[""NEAR-027""]",portrait,portrait_raccoon_engineer__331x296,0.85,[],NO_VISIBLE_TEXT,False,
31,13562fe59895c6ec439ecf556040bd2e2f4f25a7,analysis/figma/raw/images/13562fe59895c6ec439ecf556040bd2e2f4f25a7,8af4b9bba0ca46968282c9b4dca048bce055fc3c5276952b59e91fc2c4996bf0,dbc0b90fcc1e6668,558,491,1.136456,PNG,image/png,RGBA,True,"{""x"": 0, ""y"": 0, ""w"": 558, ""h"": 491}",384312,1095912,0.0,,"[""NEAR-028""]",equipment,equipment_raccoon_engineer_ring_clock__558x491,0.95,[],NO_VISIBLE_TEXT,False,
32,136e2c3daa100e5c10e35a8e6e483bbcab334c7d,analysis/figma/raw/images/136e2c3daa100e5c10e35a8e6e483bbcab334c7d,bded8080e12bd31df451430a20948a1e4190182f7a509bbc307ced469c0825d9,f9830778969c3e25,457,420,1.088095,PNG,image/png,RGBA,True,"{""x"": 0, ""y"": 0, ""w"": 457, ""h"": 420}",262080,767760,0.0,,"[""NEAR-029""]",hero,hero_fox_sorcerer__457x420,0.85,[],NO_VISIBLE_TEXT,False,
33,159634f01579f83f29dd08cad88628ab01ae0f62,analysis/figma/raw/images/159634f01579f83f29dd08cad88628ab01ae0f62,ac234bb903a02124235d830d4740bd3f25719af669b9172cd1fb723277b9ea44,9cc8d636232f3a59,231,374,0.617647,PNG,image/png,RGBA,True,"{""x"": 0, ""y"": 0, ""w"": 231, ""h"": 374}",88065,345576,0.0,,"[""NEAR-003""]",equipment,equipment_fox_sorcerer_staff__231x374,0.85,[],NO_VISIBLE_TEXT,False,
34,1660096ef0fb0a817a58f20baa2a15ae8fcf4f13,analysis/figma/raw/images/1660096ef0fb0a817a58f20baa2a15ae8fcf4f13,bb830bde653e0cbc23c64a8cc614c1500ffa52542feef94dc9eb4ded2c3d19db,c49b39c36f6c44c3,335,377,0.888594,PNG,image/png,RGBA,True,"{""x"": 0, ""y"": 0, ""w"": 335, ""h"": 377}",219134,505180,0.0,,"[""NEAR-030""]",equipment,equipment_ice_fairy_robe__335x377,0.85,[],NO_VISIBLE_TEXT,False,
35,167b955bffaeeb6cc65e384a90dbe8318b6469eb,analysis/figma/raw/images/167b955bffaeeb6cc65e384a90dbe8318b6469eb,4f9daeb4f0172bf2bb87046c67ad376f31b71ec2b4fb7864a18a8bbbfe9ae6b2,d2c11d6db8304f97,465,536,0.867537,PNG,image/png,RGBA,True,"{""x"": 0, ""y"": 0, ""w"": 465, ""h"": 536}",318854,996960,0.0,,"[""NEAR-031""]",equipment,equipment_ice_fairy_ring_gem__465x536,0.95,[],NO_VISIBLE_TEXT,False,
36,1aa2cad57ec093d74ced0b3cb6507e28f7ad140c,analysis/figma/raw/images/1aa2cad57ec093d74ced0b3cb6507e28f7ad140c,d216e66385550b3642cf69c32147ceb903e01b3330b505d04a725a8ec54099f2,ecec131318cd656d,429,416,1.03125,PNG,image/png,RGBA,True,"{""x"": 0, ""y"": 0, ""w"": 429, ""h"": 416}",227123,713856,0.0,,"[""NEAR-032""]",ui,ui_frame_orange_wings__429x416,0.85,[],NO_VISIBLE_TEXT,False,
37,1adf237e14b08e2b9e68c12ebdc0f77382c34b17,analysis/figma/raw/images/1adf237e14b08e2b9e68c12ebdc0f77382c34b17,32f8e12519e194908bb48f850b086d016f9636a02667035141bf8b87fe10c6c6,cb9c34663bc36266,447,635,0.703937,PNG,image/png,RGBA,True,"{""x"": 0, ""y"": 0, ""w"": 447, ""h"": 635}",378155,1135380,0.0,,"[""NEAR-033""]",relic,relic_fire_crystal__447x635,0.95,"[""SCREEN-005""]",NO_VISIBLE_TEXT,False,
38,1ae552b846d2cd9a35035f2b16555df744df4a32,analysis/figma/raw/images/1ae552b846d2cd9a35035f2b16555df744df4a32,18e4da1c4e7254a0be2f85a77b5f16886969d81094bbef60211d016baabe052d,fa96e1291ee0b453,1254,1254,1.0,PNG,image/png,RGBA,True,"{""x"": 18, ""y"": 12, ""w"": 1221, ""h"": 1177}",1783847,6290064,0.0861,,"[""NEAR-034""]",decoration,decoration_raccoon_castle__1254x1254,0.95,"[""SCREEN-012""]",NO_VISIBLE_TEXT,False,
39,1bec326d67982d2b37b0bf94fdceb5e11c18095d,analysis/figma/raw/images/1bec326d67982d2b37b0bf94fdceb5e11c18095d,3c6d4b076f85591581f834359f293c58b9555b73db070f15b6c6a78c28a92158,ffafaa80ea84ea80,1448,1614,0.89715,PNG,image/png,RGBA,True,"{""x"": 0, ""y"": 0, ""w"": 1448, ""h"": 1614}",2481267,9348288,0.0,,"[""NEAR-035"", ""NEAR-036""]",ui,ui_panel_blue_square__1448x1614,0.95,"[""SCREEN-003"", ""SCREEN-004"", ""SCREEN-005"", ""SCREEN-006"", ""SCREEN-007""]",NO_VISIBLE_TEXT,True,
40,1e615ffee51f6045a4682a21538b096f62e47134,analysis/figma/raw/images/1e615ffee51f6045a4682a21538b096f62e47134,f66d72d08e1210eafa306471c8867f9b06ae849ff9fd77eae6df7604525c0be7,ecc70332f09b1877,1797,1858,0.967169,PNG,image/png,RGBA,True,"{""x"": 0, ""y"": 0, ""w"": 1797, ""h"": 1858}",2403476,13355304,0.0,,"[""NEAR-037""]",hero,hero_elf_archer__1797x1858,0.95,"[""SCREEN-004"", ""SCREEN-007""]",NO_VISIBLE_TEXT,False,
41,207cfefaffb4ac766f12ef881d0ff2c934130535,analysis/figma/raw/images/207cfefaffb4ac766f12ef881d0ff2c934130535,1119d40c83041d4af538933e75b6348d5d02d6d30828ee69070bd1f82b04ca1b,e49393a5794d5c8c,332,313,1.060703,PNG,image/png,RGBA,True,"{""x"": 0, ""y"": 0, ""w"": 332, ""h"": 313}",173406,415664,0.0,,"[""NEAR-038""]",equipment,equipment_elf_archer_coat__332x313,0.85,[],NO_VISIBLE_TEXT,False,
42,22d068463183b40f7113e48fb8a193d0748bd89c,analysis/figma/raw/images/22d068463183b40f7113e48fb8a193d0748bd89c,8e3417f70b66228ac77bdf7d5b5f3a556582426d80b3d3f171608d6438a91fbb,c9ccbc6c9131d333,240,317,0.757098,PNG,image/png,RGBA,True,"{""x"": 0, ""y"": 0, ""w"": 240, ""h"": 317}",158282,304320,0.0,,"[""NEAR-039""]",relic,relic_wolf_mask__240x317,0.85,[],NO_VISIBLE_TEXT,False,
43,24e7b4b661c7ee64dfa762ed3c11611dc92191b0,analysis/figma/raw/images/24e7b4b661c7ee64dfa762ed3c11611dc92191b0,2d060451d45ab5b82785cec7a77472d9cc21f1ff19de2fc5856379d96b24ae12,ef1bdeec84319150,1968,1659,1.186257,PNG,image/png,RGBA,True,"{""x"": 0, ""y"": 0, ""w"": 1968, ""h"": 1659}",3477537,13059648,0.0,,"[""NEAR-040""]",boss,boss_infernal_dragon__1968x1659,0.95,[],NO_VISIBLE_TEXT,False,
44,26136bc5cc95a7230b2b40e0333a783605c4cd2d,analysis/figma/raw/images/26136bc5cc95a7230b2b40e0333a783605c4cd2d,c13e7e70598dff3947a946a6c7578c31e79d136b4a51113ca94df2546ae03894,c3ce1f623c926c3c,578,556,1.039568,PNG,image/png,RGBA,True,"{""x"": 0, ""y"": 0, ""w"": 578, ""h"": 556}",425934,1285472,0.0,,"[""NEAR-015""]",equipment,equipment_ice_fairy_boots__578x556,0.95,[],NO_VISIBLE_TEXT,False,
45,26709afb60ab655eba934861a8765d7ead7d951e,analysis/figma/raw/images/26709afb60ab655eba934861a8765d7ead7d951e,19fa40dd0088641f9dbe4b5d0199c1971173867e31250f850631aaea75d1495d,e6cfb0301bc30ecd,357,360,0.991667,PNG,image/png,RGBA,True,"{""x"": 0, ""y"": 0, ""w"": 357, ""h"": 360}",205348,514080,0.0,,"[""NEAR-041""]",ui,ui_frame_purple_orb__357x360,0.85,[],NO_VISIBLE_TEXT,False,
46,26a707abab8df237a6b554a0bca024fad16b0587,analysis/figma/raw/images/26a707abab8df237a6b554a0bca024fad16b0587,701cc0a4519f66f347bfa1bfeca78111adeb56f08c7b8ff23fdd57be3b8992bb,a6c88b36a0ade99b,279,402,0.69403,PNG,image/png,RGBA,True,"{""x"": 0, ""y"": 0, ""w"": 279, ""h"": 402}",103933,448632,0.0,,"[""NEAR-042""]",equipment,equipment_inferno_dragon_sword__279x402,0.85,[],NO_VISIBLE_TEXT,False,
47,2704c8e4d69345be4fd9b883a269bdeb3611375e,analysis/figma/raw/images/2704c8e4d69345be4fd9b883a269bdeb3611375e,42507c5b58ee689177ecd740a547272be22ddac912dd5509115ddc8751c1c5c6,b08dcb7691630f2d,454,405,1.120988,PNG,image/png,RGBA,True,"{""x"": 0, ""y"": 0, ""w"": 454, ""h"": 405}",280779,735480,0.0,,"[""NEAR-043""]",hero,hero_turtle_warrior__454x405,0.85,[],NO_VISIBLE_TEXT,False,
48,27498cd527af92b2768eef17c1e5cd6a9454328a,analysis/figma/raw/images/27498cd527af92b2768eef17c1e5cd6a9454328a,c82b2020a1a80aa6f3468574256a11d2ab83ce0f72b8980d5866357d38b97dd0,9bc4741bc3a47a1b,754,329,2.291793,PNG,image/png,RGBA,True,"{""x"": 0, ""y"": 0, ""w"": 754, ""h"": 329}",316516,992264,0.0,,"[""NEAR-044""]",background,background_grass_platform__754x329,0.95,"[""SCREEN-007""]",NO_VISIBLE_TEXT,False,
49,27d3ca679aff035f5275fb0758710d482bf2f399,analysis/figma/raw/images/27d3ca679aff035f5275fb0758710d482bf2f399,8a5c6aaa363f8decbf070b5f41175355efc664ec509bb8f4b45fe03dcf0cce7a,e9c696189c29f1c7,1654,1388,1.191643,PNG,image/png,RGBA,True,"{""x"": 0, ""y"": 0, ""w"": 1654, ""h"": 1388}",1802156,9183008,0.0,,"[""NEAR-045""]",enemy,enemy_toxic_slime__1654x1388,0.95,[],NO_VISIBLE_TEXT,False,
50,27ec234b70e5c41081959a8665c00ab83a148594,analysis/figma/raw/images/27ec234b70e5c41081959a8665c00ab83a148594,f1035f26198a3bccdc3912c7749b6152ecbee370dd992829f60aea4cf07fee91,d2c11d6db8304f97,233,268,0.869403,PNG,image/png,RGBA,True,"{""x"": 0, ""y"": 0, ""w"": 233, ""h"": 268}",104500,249776,0.0,,"[""NEAR-031""]",equipment,equipment_ice_fairy_ring_gem__233x268,0.85,[],NO_VISIBLE_TEXT,False,
51,289edf8d7d4cc89271745df76c84e59a84441d75,analysis/figma/raw/images/289edf8d7d4cc89271745df76c84e59a84441d75,0d3c6287b32fd09d6a0dab7045ce740ea3058151b2627c3e13f2365c2f61063b,fffae0e8c0e1c181,244,219,1.114155,PNG,image/png,RGBA,True,"{""x"": 0, ""y"": 0, ""w"": 244, ""h"": 219}",68394,213744,0.0,,,ui,ui_frame_board_slot__244x219,0.95,"[""SCREEN-003""]",NO_VISIBLE_TEXT,True,
52,29d4b3a5e3bb07d8d4d82add1e71cc5c879233f6,analysis/figma/raw/images/29d4b3a5e3bb07d8d4d82add1e71cc5c879233f6,e5d2d4a82f9a6acb3838965f1867b8d33d1a08252f31e5004c9a0bba40ad196d,fbd0d5d494c590e4,282,500,0.564,PNG,image/png,RGBA,True,"{""x"": 0, ""y"": 0, ""w"": 282, ""h"": 500}",164109,564000,0.0,,"[""NEAR-046""]",ui,ui_panel_plain_navy__282x500,0.85,[],NO_VISIBLE_TEXT,True,
53,29d71879d7ca4f81f849d09d382caabbee442d6a,analysis/figma/raw/images/29d71879d7ca4f81f849d09d382caabbee442d6a,bef3295f46a703605063c0b01fb5234778ce8ebba9df2a2405e1f5555482e184,cecf2670b9709d90,647,592,1.092905,PNG,image/png,RGBA,True,"{""x"": 0, ""y"": 0, ""w"": 647, ""h"": 592}",495663,1532096,0.0,,"[""NEAR-026""]",portrait,portrait_elf_archer__647x592,0.95,"[""SCREEN-004""]",NO_VISIBLE_TEXT,False,
54,2a448a50e985e72af9e22c1145c95b359c87b74a,analysis/figma/raw/images/2a448a50e985e72af9e22c1145c95b359c87b74a,5c2251775dd57dc972cb0f98e9b52764c97a863303375f9d857b2d41ca192ac3,ebc1e63a301f8ec1,611,673,0.907875,PNG,image/png,RGBA,True,"{""x"": 0, ""y"": 0, ""w"": 611, ""h"": 673}",534142,1644812,0.0,,"[""NEAR-047""]",equipment,equipment_owl_mage_robe_crescent__611x673,0.95,[],NO_VISIBLE_TEXT,False,
55,2ac06680b310c2e4c49f64eb7d85013490aa3a3d,analysis/figma/raw/images/2ac06680b310c2e4c49f64eb7d85013490aa3a3d,109edb53a67ef63dd336fdfd437d5c2c06f0ab910c899bbf779c28971fd6d71c,cee33134c632f04f,269,284,0.947183,PNG,image/png,RGBA,True,"{""x"": 0, ""y"": 0, ""w"": 269, ""h"": 284}",134345,305584,0.0,,"[""NEAR-048""]",equipment,equipment_panda_monk_pants__269x284,0.85,[],NO_VISIBLE_TEXT,False,
56,2ae1207478c6cad2336a4eb0ddb7e802654cbb4f,analysis/figma/raw/images/2ae1207478c6cad2336a4eb0ddb7e802654cbb4f,cbcaa6827861b59d14c470c9b8eaa240707691e2026ab096377fe5182d8cbd0f,a6d867f39801076f,281,370,0.759459,PNG,image/png,RGBA,True,"{""x"": 0, ""y"": 0, ""w"": 281, ""h"": 370}",96900,415880,0.0,,"[""NEAR-049""]",equipment,equipment_elf_archer_bow__281x370,0.85,[],NO_VISIBLE_TEXT,False,
57,2d2da51be9deeded3d9b9f07d6af7fb93015e94c,analysis/figma/raw/images/2d2da51be9deeded3d9b9f07d6af7fb93015e94c,98b9a5ab596a9221fe731017d363a2fc1ac9114b1f788d025318907f938e98f5,cfb5a41a63ce3093,536,516,1.03876,PNG,image/png,RGBA,True,"{""x"": 0, ""y"": 0, ""w"": 536, ""h"": 516}",328264,1106304,0.0,,"[""NEAR-050""]",equipment,equipment_elf_archer_ring__536x516,0.95,"[""SCREEN-004""]",NO_VISIBLE_TEXT,False,
58,2e6532461095a06c2911e42ee8acd8ec351883ee,analysis/figma/raw/images/2e6532461095a06c2911e42ee8acd8ec351883ee,c7131f28b541bab97712955f39763cbeda823a27630a8fc713d5e4ee681e185c,e3c1f13f0f3c0c2c,474,437,1.084668,PNG,image/png,RGBA,True,"{""x"": 0, ""y"": 0, ""w"": 474, ""h"": 437}",160379,828552,0.0,,,ui,ui_icon_heart__474x437,0.95,"[""SCREEN-007""]",NO_VISIBLE_TEXT,False,
59,2fe539a12c7c857eabe1150073d8c7250f8b4e7c,analysis/figma/raw/images/2fe539a12c7c857eabe1150073d8c7250f8b4e7c,c757cb792bc8baf2a2c615553f16fb3847dcfcee9e398932a0102b1bdcf5e35d,bcc3491b97c4532b,1774,1837,0.965705,PNG,image/png,RGBA,True,"{""x"": 0, ""y"": 0, ""w"": 1774, ""h"": 1837}",3469692,13035352,0.0,,"[""NEAR-051""]",ui,ui_wheel_reward_illustration__1774x1837,0.95,"[""SCREEN-003"", ""SCREEN-004"", ""SCREEN-005"", ""SCREEN-006"", ""SCREEN-007""]",NO_VISIBLE_TEXT,False,
60,3009340212c93c612320bf8ecc63c85b6c3a1f42,analysis/figma/raw/images/3009340212c93c612320bf8ecc63c85b6c3a1f42,ad0a10c273cb5fa5c996ccd40e246d4acb14f7f1da055dda03a46883a354ea0d,94ef68b84bd03e92,852,1846,0.461538,PNG,image/png,RGB,False,"{""x"": 0, ""y"": 0, ""w"": 852, ""h"": 1846}",2498604,6291168,0.0,,"[""NEAR-052""]",reference,reference_screen_equipment__852x1846,0.95,[],YES,False,
61,3117bbf2ea8e080c3c460da6edb2f28b6ac59544,analysis/figma/raw/images/3117bbf2ea8e080c3c460da6edb2f28b6ac59544,b92b190517d730b27bba0316be20e7504fe1deeed7520cc7d308dc954d339900,838f3c616cd0b1cf,2172,724,3.0,PNG,image/png,RGB,False,"{""x"": 0, ""y"": 0, ""w"": 2172, ""h"": 724}",2063950,6290112,0.0,,"[""NEAR-053""]",background,background_dungeon_goblin_strip__2172x724,0.95,[],NO_VISIBLE_TEXT,False,
62,3133f215a4fce97c1de11bb8216582dc7da04f41,analysis/figma/raw/images/3133f215a4fce97c1de11bb8216582dc7da04f41,b52a02fd910d38c610dd0124f4982efb39842615cb37f7e523b1150a12be5990,acaf923529b3212f,314,314,1.0,PNG,image/png,RGBA,True,"{""x"": 0, ""y"": 0, ""w"": 314, ""h"": 314}",280047,394384,0.0,,"[""NEAR-054""]",branding,branding_app_icon__314x314,0.85,[],YES,False,
63,358859852eeefbfcfc2b2b9f34fe521fae0c9686,analysis/figma/raw/images/358859852eeefbfcfc2b2b9f34fe521fae0c9686,a272d540091baa70ebd7c1b2fc5da5cd1b857c03ae10eb19eeba5443fdd418fb,87e660a03b4b3f35,236,418,0.564593,PNG,image/png,RGBA,True,"{""x"": 0, ""y"": 0, ""w"": 236, ""h"": 418}",250544,394592,0.0,,"[""NEAR-055""]",background,background_castle_platform__236x418,0.85,[],NO_VISIBLE_TEXT,False,
64,361e1bf843e69fc4acc10557b15117a84f05362f,analysis/figma/raw/images/361e1bf843e69fc4acc10557b15117a84f05362f,669960464d41fa191f0e7d967f1e0f73af8cb16b139591bbb616e84333f1c88f,eecced72d20380d9,1536,1024,1.5,PNG,image/png,RGB,False,"{""x"": 0, ""y"": 0, ""w"": 1536, ""h"": 1024}",2417331,6291456,0.0,,"[""NEAR-056""]",branding,branding_hero_collage__1536x1024_variant2,0.95,"[""SCREEN-002""]",NO_VISIBLE_TEXT,False,
65,36f8f6f7a7d0c7e0ae4e20f0b737fad9bba67716,analysis/figma/raw/images/36f8f6f7a7d0c7e0ae4e20f0b737fad9bba67716,a077a6307dd25d102c917f5c6f8585d6e8de991942805716c81e9e96cd3212d1,ec96d95a9d610c33,1562,1651,0.946093,PNG,image/png,RGBA,True,"{""x"": 0, ""y"": 0, ""w"": 1562, ""h"": 1651}",1831018,10315448,0.0,,"[""NEAR-057""]",enemy,enemy_fire_lizard__1562x1651,0.95,[],NO_VISIBLE_TEXT,False,
66,373d77e6b8229fd322f1eaf0a04dc6569d9a690b,analysis/figma/raw/images/373d77e6b8229fd322f1eaf0a04dc6569d9a690b,98f2540eeb471b789d175541337419f3e25cd1cf1b24ef8d8a315db1e987ed65,d6892963db962978,438,436,1.004587,PNG,image/png,RGBA,True,"{""x"": 0, ""y"": 0, ""w"": 438, ""h"": 436}",270364,763872,0.0,,,ui,ui_nav_shop__438x436,0.95,"[""SCREEN-003"", ""SCREEN-004"", ""SCREEN-005"", ""SCREEN-006"", ""SCREEN-007""]",NO_VISIBLE_TEXT,False,
67,37ba6af3a49a0eee8774c7fe203120891ca06035,analysis/figma/raw/images/37ba6af3a49a0eee8774c7fe203120891ca06035,bacee1f5307f2343ef8ace3ca5920662f64715757f327093331397535996bbf0,d8992dafea6a06a4,213,462,0.461039,PNG,image/png,RGBA,True,"{""x"": 0, ""y"": 0, ""w"": 213, ""h"": 462}",279201,393624,0.0,,"[""NEAR-058""]",reference,reference_screen_battle__213x462,0.85,[],YES,False,
68,388cc29f981c9ff236dd87f701629cfc2df0ed1b,analysis/figma/raw/images/388cc29f981c9ff236dd87f701629cfc2df0ed1b,759a86b217a88e7aaef39b92f25e4443cad6465ac598fb6fcd649f147e8139a4,fadbc129ac24b478,314,314,1.0,PNG,image/png,RGBA,True,"{""x"": 0, ""y"": 0, ""w"": 314, ""h"": 314}",212854,394384,0.0,,"[""NEAR-059""]",decoration,decoration_raccoon_castle__314x314,0.85,[],NO_VISIBLE_TEXT,False,
69,399835a2248bc008049911515ada1858ec75cf7b,analysis/figma/raw/images/399835a2248bc008049911515ada1858ec75cf7b,e2953ae77e9a51b37e90cd4b86f351b2feb6afc31fcc3e3cfb6495436125c2c5,bbcbebb484789122,1974,1657,1.19131,PNG,image/png,RGBA,True,"{""x"": 0, ""y"": 0, ""w"": 1974, ""h"": 1657}",3885358,13083672,0.0,,"[""NEAR-060""]",boss,boss_shadow_dragon__1974x1657,0.95,[],NO_VISIBLE_TEXT,False,
70,39e89bf91b4cec39742c2340a3cf488173f6c014,analysis/figma/raw/images/39e89bf91b4cec39742c2340a3cf488173f6c014,340c82f0e860823d3113aa9a6fee0d00fb918ea6ddbb8081919a253c00fa8f42,c7c7da31b898b2a8,272,91,2.989011,PNG,image/png,RGBA,True,"{""x"": 0, ""y"": 0, ""w"": 272, ""h"": 91}",63819,99008,0.0,,"[""NEAR-061""]",background,background_dungeon_shadow_strip__272x91,0.85,[],NO_VISIBLE_TEXT,False,
71,3a4c7d87973beb2a6bac697b8b6f40ea4b0180b8,analysis/figma/raw/images/3a4c7d87973beb2a6bac697b8b6f40ea4b0180b8,d4e152e978d922e6a2a7222ba19c1c223f0f58ec2fb312de44d0764ea75e42f7,b4d2b3352e4f8d88,305,271,1.125461,PNG,image/png,RGBA,True,"{""x"": 0, ""y"": 0, ""w"": 305, ""h"": 271}",154759,330620,0.0,,"[""NEAR-062""]",equipment,equipment_lion_knight_chest__305x271,0.85,[],NO_VISIBLE_TEXT,False,
72,3a80e816a423683876f3467005e81e966d98f0f3,analysis/figma/raw/images/3a80e816a423683876f3467005e81e966d98f0f3,7fc153bc4d367d6c58b217c1d6e4c00c85e6ab0056a682bde49ff7a96b0fc3ba,fe6b83b471930b12,257,244,1.053279,PNG,image/png,RGBA,True,"{""x"": 0, ""y"": 0, ""w"": 257, ""h"": 244}",103196,250832,0.0,,"[""NEAR-063""]",equipment,equipment_turtle_warrior_ring_shell__257x244,0.85,[],NO_VISIBLE_TEXT,False,
73,3d2805e8ff2eed585f7f5531ff9d272f3b2634f8,analysis/figma/raw/images/3d2805e8ff2eed585f7f5531ff9d272f3b2634f8,03a8405529b1481f2ace9e741a086db0bd72c9638fdaa083432fbde624547e81,d9836ab89f1cb5c0,321,296,1.084459,PNG,image/png,RGBA,True,"{""x"": 0, ""y"": 0, ""w"": 321, ""h"": 296}",201389,380064,0.0,,"[""NEAR-064""]",portrait,portrait_fox_sorcerer__321x296,0.85,[],NO_VISIBLE_TEXT,False,
74,3d7b2576105a02f7f41d79b0ff9f2043fe62c15f,analysis/figma/raw/images/3d7b2576105a02f7f41d79b0ff9f2043fe62c15f,09c840c3d2a7f2b2d96be8717ce6e82207d49765158760b01ac3032314411dc4,ce6e3491119c5b9b,284,291,0.975945,PNG,image/png,RGBA,True,"{""x"": 0, ""y"": 0, ""w"": 284, ""h"": 291}",158735,330576,0.0,,"[""NEAR-065""]",ui,ui_icon_gold_pile__284x291,0.85,[],NO_VISIBLE_TEXT,False,
75,3d9e65afef836d103767896dee052022ccc13984,analysis/figma/raw/images/3d9e65afef836d103767896dee052022ccc13984,fb0282768904c95ee2865418a040b3436651d06460ef2057bf5136a7e9985f26,b7e08d98b226e98d,628,784,0.80102,PNG,image/png,RGBA,True,"{""x"": 0, ""y"": 0, ""w"": 628, ""h"": 784}",262916,1969408,0.0,,"[""NEAR-066""]",equipment,equipment_inferno_dragon_spear__628x784,0.95,[],NO_VISIBLE_TEXT,False,
76,3e90c264d05d2f38863dee69a57bad0835294298,analysis/figma/raw/images/3e90c264d05d2f38863dee69a57bad0835294298,e9014dadf9f3bbd5e7c34db7e7586bcf8243d2142e6d7912a31469d161ea5ff5,9f83f07c47298ed0,348,265,1.313208,PNG,image/png,RGBA,True,"{""x"": 0, ""y"": 0, ""w"": 348, ""h"": 265}",127599,368880,0.0,,,background,background_stone_slot__348x265,0.95,"[""SCREEN-003""]",NO_VISIBLE_TEXT,False,
77,3f7661b751fc2f8c82ca6e3dae34a25b87a1ba6b,analysis/figma/raw/images/3f7661b751fc2f8c82ca6e3dae34a25b87a1ba6b,a1243c7cf24ce5647fb8790becc3adffd6977128fc1065e7553a4d9ef01063ff,c4cc1c699976a6c7,484,545,0.888073,PNG,image/png,RGBA,True,"{""x"": 0, ""y"": 0, ""w"": 484, ""h"": 545}",332054,1055120,0.0,,"[""NEAR-067""]",equipment,equipment_ice_fairy_ring_snowflake__484x545,0.95,[],NO_VISIBLE_TEXT,False,
78,4043fe7b5bb26d9a56eb46d369dd44a7bea0355b,analysis/figma/raw/images/4043fe7b5bb26d9a56eb46d369dd44a7bea0355b,5c8e84e8451eb51aaf077f1be720af1c8344c4328334f2c809fc33724bedbc99,e986b8761f02c93d,1606,1561,1.028828,PNG,image/png,RGBA,True,"{""x"": 0, ""y"": 0, ""w"": 1606, ""h"": 1561}",2382686,10027864,0.0,,"[""NEAR-068""]",enemy,enemy_bomb_goblin__1606x1561,0.95,[],NO_VISIBLE_TEXT,False,
79,4262bc5b52ccf861ee9cf940d4000bafcffdc84b,analysis/figma/raw/images/4262bc5b52ccf861ee9cf940d4000bafcffdc84b,f403a505a25fafb7ccec28a4c3cbfb24b3bcfbfc34bc2e7426e59e6cfc5cf803,ffaeaac2aae0aa80,1576,1595,0.988088,PNG,image/png,RGBA,True,"{""x"": 0, ""y"": 0, ""w"": 1576, ""h"": 1595}",1336637,10054880,0.0,,"[""NEAR-069""]",ui,ui_panel_dark_square__1576x1595,0.95,"[""SCREEN-003"", ""SCREEN-004"", ""SCREEN-005"", ""SCREEN-006"", ""SCREEN-007""]",NO_VISIBLE_TEXT,True,
80,43d5300cde4ec04b5352a0762d9e21c53a8370f2,analysis/figma/raw/images/43d5300cde4ec04b5352a0762d9e21c53a8370f2,eaafc4c09d944e7cc7688f78c51f77e3986f565ec3eef7f2889ec3bd19ded400,adc3928cc81de772,506,452,1.119469,PNG,image/png,RGBA,True,"{""x"": 0, ""y"": 0, ""w"": 506, ""h"": 452}",318420,914848,0.0,,,equipment,equipment_bunny_assassin_ring__506x452,0.95,[],NO_VISIBLE_TEXT,False,
81,4422f3554ef303338bf2c5ce27a183cf1e2316ec,analysis/figma/raw/images/4422f3554ef303338bf2c5ce27a183cf1e2316ec,f2e3b7f1056d3f71205b60dab65e220db23f37fd27118c5c4e5dbba103de906d,ef1bdeec84319150,492,415,1.185542,PNG,image/png,RGBA,True,"{""x"": 0, ""y"": 0, ""w"": 492, ""h"": 415}",359158,816720,0.0,,"[""NEAR-040""]",boss,boss_infernal_dragon__492x415,0.85,[],NO_VISIBLE_TEXT,False,
82,44b20761ceb8fc370add7b0ad7d8dea272bbac01,analysis/figma/raw/images/44b20761ceb8fc370add7b0ad7d8dea272bbac01,ffc605be3b37c63ba73e8c656b5a661cbb75945759e8ff106a80d56afab06dce,879c0d0d18d1eb6f,292,441,0.662132,PNG,image/png,RGBA,True,"{""x"": 1, ""y"": 0, ""w"": 291, ""h"": 441}",127024,515088,0.0034,,"[""NEAR-070""]",equipment,equipment_ice_fairy_staff_snowflake__292x441,0.85,[],NO_VISIBLE_TEXT,False,
83,45449f7a8414d7efaffdcdb33a76fc1ef27dea4e,analysis/figma/raw/images/45449f7a8414d7efaffdcdb33a76fc1ef27dea4e,e493d6e9023f582b495d9546f804256b76df38c71f35134f1cf79c90a5bf0e22,d1bb4baa645c12ba,852,1846,0.461538,PNG,image/png,RGB,False,"{""x"": 0, ""y"": 0, ""w"": 852, ""h"": 1846}",2306400,6291168,0.0,,"[""NEAR-071""]",reference,reference_screen_wheel__852x1846,0.95,[],YES,False,
84,45e7b2da1606b82d39f929c61e5f1cbcfa932627,analysis/figma/raw/images/45e7b2da1606b82d39f929c61e5f1cbcfa932627,256497d52f68a33ea62f2c07598065fef6d34f9753b5f1b89fa0dd70448274d1,f9c3626b9ba8d481,621,592,1.048986,PNG,image/png,RGBA,True,"{""x"": 0, ""y"": 0, ""w"": 621, ""h"": 592}",571333,1470528,0.0,,"[""NEAR-072""]",portrait,portrait_owl_mage__621x592,0.95,[],NO_VISIBLE_TEXT,False,
85,487ed1c8312cc200790af6f0f17d2f31779b99cf,analysis/figma/raw/images/487ed1c8312cc200790af6f0f17d2f31779b99cf,6ff34a2deb7d7babf8a4e066572c54c0ab8839aa4a8d9f30621aa173b9e3bada,eecdd4199224996e,358,258,1.387597,PNG,image/png,RGBA,True,"{""x"": 0, ""y"": 0, ""w"": 358, ""h"": 258}",133487,369456,0.0,,"[""NEAR-073""]",equipment,equipment_bunny_assassin_axes__358x258,0.85,[],NO_VISIBLE_TEXT,False,
86,4a1a52b5970ee31620411fa7195a005ae872b81c,analysis/figma/raw/images/4a1a52b5970ee31620411fa7195a005ae872b81c,e439cfc9fb7937411062889a3302fccdd805bcea86b000db1a20ef57d7f08b94,c6e30f9d484e33e2,207,277,0.747292,PNG,image/png,RGBA,True,"{""x"": 0, ""y"": 0, ""w"": 207, ""h"": 277}",96923,229356,0.0,,"[""NEAR-025""]",equipment,equipment_owl_mage_ring_crescent__207x277,0.85,[],NO_VISIBLE_TEXT,False,
87,4cc88a1fa76bcfc927baf7aa055edcfd32dd0130,analysis/figma/raw/images/4cc88a1fa76bcfc927baf7aa055edcfd32dd0130,f3bbc4875317fad9598975b77346e2513741531b22dfa467c777e005eaba8109,8cad7f151161f0dc,941,1672,0.562799,PNG,image/png,RGB,False,"{""x"": 0, ""y"": 0, ""w"": 941, ""h"": 1672}",2224583,6293408,0.0,,"[""NEAR-074""]",background,background_forest_glade__941x1672,0.95,"[""SCREEN-005""]",NO_VISIBLE_TEXT,False,
88,4d6289a8e6e4f27f2168f14964906e375cf372ae,analysis/figma/raw/images/4d6289a8e6e4f27f2168f14964906e375cf372ae,0e2b606cbba2444f7badad8cd8800a6dfcff579a6ce9bb902ab669ca4bf89494,e68e97db09710b8c,342,357,0.957983,PNG,image/png,RGBA,True,"{""x"": 0, ""y"": 0, ""w"": 342, ""h"": 357}",177550,488376,0.0,,"[""NEAR-075""]",equipment,equipment_elf_archer_hood_fur__342x357,0.85,[],NO_VISIBLE_TEXT,False,
89,4e749bdb6b99992e4cb2deba666f0780c792a876,analysis/figma/raw/images/4e749bdb6b99992e4cb2deba666f0780c792a876,c1f67e4f7aef348ffb9b52b981a454a86d6eb185885e648ea0ba7876a67a3f01,d194926ab65bcd26,197,396,0.497475,PNG,image/png,RGBA,True,"{""x"": 0, ""y"": 0, ""w"": 197, ""h"": 396}",97700,312048,0.0,,"[""NEAR-076""]",equipment,equipment_owl_mage_staff_crescent__197x396,0.85,[],NO_VISIBLE_TEXT,False,
90,4ef146a3161fd460450196d7a049be935a2ed028,analysis/figma/raw/images/4ef146a3161fd460450196d7a049be935a2ed028,cf224973a8cc35466a4e3d7e98198f7d2fe026d401cfddd02d52eba01761c92a,fb429134a64fcdb0,610,596,1.02349,PNG,image/png,RGBA,True,"{""x"": 0, ""y"": 0, ""w"": 610, ""h"": 596}",448517,1454240,0.0,,"[""NEAR-077""]",equipment,equipment_inferno_dragon_chest__610x596,0.95,[],NO_VISIBLE_TEXT,False,
91,4f1125faf2ec52a33420ac28a147aa4afb24a78f,analysis/figma/raw/images/4f1125faf2ec52a33420ac28a147aa4afb24a78f,4abd512905df1157258b66dc26f8561d140310942eb281c1f924034eebde9585,fc94906be2b5c706,510,544,0.9375,PNG,image/png,RGBA,True,"{""x"": 0, ""y"": 0, ""w"": 510, ""h"": 544}",382148,1109760,0.0,,"[""NEAR-078""]",relic,relic_boar_mask__510x544,0.95,"[""SCREEN-005""]",NO_VISIBLE_TEXT,False,
92,4f6e66aa6234b8e763bb7e2220f302a32bad9d34,analysis/figma/raw/images/4f6e66aa6234b8e763bb7e2220f302a32bad9d34,2aed58698d1dab1223cc1ecff3bfbfd1c14af195e0b126e48a6869274c682f73,ec96d95a9d610c33,391,413,0.946731,PNG,image/png,RGBA,True,"{""x"": 0, ""y"": 0, ""w"": 391, ""h"": 413}",185514,645932,0.0,,"[""NEAR-057""]",enemy,enemy_fire_lizard__391x413,0.85,[],NO_VISIBLE_TEXT,False,
93,506e2c442ef14cc3433543f99131e6d33c63ac0c,analysis/figma/raw/images/506e2c442ef14cc3433543f99131e6d33c63ac0c,697e6fa6a8e039fe065106cd1d0c56c894a34aff3c375effdd7f7b4b06c22eb8,dee58085bd9e5618,1940,1924,1.008316,PNG,image/png,RGBA,True,"{""x"": 0, ""y"": 0, ""w"": 1940, ""h"": 1924}",2084689,14930240,0.0,,"[""NEAR-079""]",ui,ui_wheel_outer_ring__1940x1924,0.95,"[""SCREEN-013"", ""SCREEN-014"", ""SCREEN-015""]",NO_VISIBLE_TEXT,False,
94,50dd7bc64a457b17d2132683b3d77f77bb9e53c0,analysis/figma/raw/images/50dd7bc64a457b17d2132683b3d77f77bb9e53c0,70e485da918e2e379d6123d1bc749b64ab9695a05e57a68d128bad69dec74568,d1b6842b9ef80de4,1672,941,1.776833,PNG,image/png,RGB,False,"{""x"": 0, ""y"": 0, ""w"": 1672, ""h"": 941}",2955798,6293408,0.0,,"[""NEAR-080""]",branding,branding_banner__1672x941,0.95,[],YES,False,
95,50f9115542ef6d9d489842242ef313ea9645bd7f,analysis/figma/raw/images/50f9115542ef6d9d489842242ef313ea9645bd7f,69d5017f11f18cc186fb401ac96d01e70e95b6df3b714764795466d149891484,afb2f035cd4a9238,326,283,1.151943,PNG,image/png,RGBA,True,"{""x"": 0, ""y"": 0, ""w"": 326, ""h"": 283}",180321,369032,0.0,,"[""NEAR-081""]",equipment,equipment_raccoon_engineer_coat__326x283,0.85,[],NO_VISIBLE_TEXT,False,
96,51a308f9a466cd5582bda5a2d805eb5087745591,analysis/figma/raw/images/51a308f9a466cd5582bda5a2d805eb5087745591,163cc8fa5eeccd88e499e6396a8024ef33ad6e5942644e535afc1c6a823a357a,ec3393c00fcdb478,335,371,0.902965,PNG,image/png,RGBA,True,"{""x"": 0, ""y"": 0, ""w"": 335, ""h"": 371}",166776,497140,0.0,,,reward,reward_gift_box__335x371,0.95,[],NO_VISIBLE_TEXT,False,
97,524e46745b1a5f281ae4bdc29ede708141e8b425,analysis/figma/raw/images/524e46745b1a5f281ae4bdc29ede708141e8b425,8ba8a0aeab1db48266e3f3bf58b5f314df131e0d367086faeefee79c1b87bd6a,ecc61318b0f93b47,362,272,1.330882,PNG,image/png,RGBA,True,"{""x"": 13, ""y"": 9, ""w"": 336, ""h"": 255}",154975,393856,0.1298,,"[""NEAR-082""]",branding,branding_logo__362x272,0.85,[],YES,False,
98,52d69f67d2853fb40f3a6ba2c0ed076c4c83d5a8,analysis/figma/raw/images/52d69f67d2853fb40f3a6ba2c0ed076c4c83d5a8,8fe53d2ede6c8b9414c82ee60a0f34ca16887886225bac86c359c919b7510641,e986b8761f02c93d,402,391,1.028133,PNG,image/png,RGBA,True,"{""x"": 0, ""y"": 0, ""w"": 402, ""h"": 391}",245880,628728,0.0,,"[""NEAR-068""]",enemy,enemy_bomb_goblin__402x391,0.85,[],NO_VISIBLE_TEXT,False,
99,531d002be7c9fa402b324aebc0597b2e89bbe538,analysis/figma/raw/images/531d002be7c9fa402b324aebc0597b2e89bbe538,98edc841daa5099456253acb15c58dcfd13ec3e3b665c88a97560f9e251d778f,f89285dc5e63a519,1886,1748,1.078947,PNG,image/png,RGBA,True,"{""x"": 0, ""y"": 0, ""w"": 1886, ""h"": 1748}",2455597,13186912,0.0,,"[""NEAR-083""]",hero,hero_inferno_dragon__1886x1748,0.95,"[""SCREEN-003""]",NO_VISIBLE_TEXT,False,
100,539492df93df8197e8f1b570ecab39a53d0e666c,analysis/figma/raw/images/539492df93df8197e8f1b570ecab39a53d0e666c,53e066aaa1b479f32f3aa5e8db01530b4437e84832e6e6c13ed7bf31c8e16dc7,e9b99c2436674ad2,255,348,0.732759,PNG,image/png,RGBA,True,"{""x"": 0, ""y"": 0, ""w"": 255, ""h"": 348}",108139,354960,0.0,,"[""NEAR-084""]",equipment,equipment_lion_knight_hammer__255x348,0.85,[],NO_VISIBLE_TEXT,False,
101,54e166b2a97ba055bfa15f4e10479466ce5068d4,analysis/figma/raw/images/54e166b2a97ba055bfa15f4e10479466ce5068d4,786b978db44f3144fed66330f7c9b1f8dae205d47b798beaf555b52bbbf93573,cec835a48c39b36e,1402,1456,0.962912,PNG,image/png,RGBA,True,"{""x"": 0, ""y"": 0, ""w"": 1402, ""h"": 1456}",1876596,8165248,0.0,,"[""NEAR-085""]",ui,ui_icon_battle_swords__1402x1456,0.95,"[""SCREEN-003"", ""SCREEN-004"", ""SCREEN-005"", ""SCREEN-006"", ""SCREEN-007""]",NO_VISIBLE_TEXT,False,
102,5533571eb13bd14e6e984313dd1eb34b0c22b8f9,analysis/figma/raw/images/5533571eb13bd14e6e984313dd1eb34b0c22b8f9,a4d3d6d92a18a96a072757651d9c2bf398598c24ecae92555ddffc02b227e4e2,eda690119c72c7ad,459,410,1.119512,PNG,image/png,RGBA,True,"{""x"": 0, ""y"": 0, ""w"": 459, ""h"": 410}",305225,752760,0.0,,"[""NEAR-086""]",enemy,enemy_iron_beetle__459x410,0.85,[],NO_VISIBLE_TEXT,False,
103,5562b5751773f0255e1623439b57c83d7fa00216,analysis/figma/raw/images/5562b5751773f0255e1623439b57c83d7fa00216,6ac0ffd2bdf989190dcd3cb1d141447c87402c1888d912b44e6ac8f22913c8ab,d4ec4fc52e852f84,298,163,1.828221,PNG,image/png,RGBA,True,"{""x"": 0, ""y"": 0, ""w"": 298, ""h"": 163}",54498,194296,0.0,,"[""NEAR-087""]",ui,ui_button_gold__298x163,0.85,[],NO_VISIBLE_TEXT,True,
104,55bb45a83917dbb44725acd3ca9524d42f4ecab8,analysis/figma/raw/images/55bb45a83917dbb44725acd3ca9524d42f4ecab8,510e4babcaf64909884b89c0ee3b37eb17750f5b90b9d75058177f3790ee998e,cf88723225c31fce,231,258,0.895349,PNG,image/png,RGBA,True,"{""x"": 0, ""y"": 0, ""w"": 231, ""h"": 258}",88894,238392,0.0,,"[""NEAR-088""]",equipment,equipment_fox_sorcerer_ring_mask__231x258,0.85,[],NO_VISIBLE_TEXT,False,
105,55e08f61b7b03b548c7fb448d55988a1a7e71930,analysis/figma/raw/images/55e08f61b7b03b548c7fb448d55988a1a7e71930,81eba1816d5e924a18928f5b44e2036580d298c778b8e1fa5b9d73f6fb2fe0b6,e9ecce90b09c8e8e,1484,1322,1.122542,PNG,image/png,RGBA,True,"{""x"": 0, ""y"": 0, ""w"": 1484, ""h"": 1322}",1402495,7847392,0.0,,"[""NEAR-089""]",ui,ui_icon_blue_triangle__1484x1322,0.95,"[""SCREEN-013"", ""SCREEN-014"", ""SCREEN-015""]",NO_VISIBLE_TEXT,False,
106,56f804b8b337c8ec30e0cdbd468141660a13ffac,analysis/figma/raw/images/56f804b8b337c8ec30e0cdbd468141660a13ffac,4990d49d4d5769d7d0364d49ce3b89213fa3cdeb4aea0d3b0fc28343603bfdf7,859a7963768d64d4,272,91,2.989011,PNG,image/png,RGBA,True,"{""x"": 0, ""y"": 0, ""w"": 272, ""h"": 91}",62892,99008,0.0,,"[""NEAR-090""]",background,background_dungeon_frost_strip__272x91,0.85,[],NO_VISIBLE_TEXT,False,
107,56fefa41ce54478df42e9635270a205cf710f713,analysis/figma/raw/images/56fefa41ce54478df42e9635270a205cf710f713,3102a68ae72c58f976ed0c8e934dce5ca1a90808458a65918b0857eb3e0c901e,afb2f035cd4a9238,651,566,1.150177,PNG,image/png,RGBA,True,"{""x"": 0, ""y"": 0, ""w"": 651, ""h"": 566}",514654,1473864,0.0,,"[""NEAR-081""]",equipment,equipment_raccoon_engineer_coat__651x566,0.95,[],NO_VISIBLE_TEXT,False,
108,581b34804874a6010bcb4cf42ec8bca715ba5c27,analysis/figma/raw/images/581b34804874a6010bcb4cf42ec8bca715ba5c27,26f5b7535f099ca443ae4d8f09f7d920123be80e8163c84d3eecff689f50be96,e6e69c4db118c333,253,290,0.872414,PNG,image/png,RGBA,True,"{""x"": 0, ""y"": 0, ""w"": 253, ""h"": 290}",110637,293480,0.0,,"[""NEAR-091""]",relic,relic_blue_crescent__253x290,0.85,[],NO_VISIBLE_TEXT,False,
109,5976164c9088d9f3322d497bbf2c3c76b9211e1f,analysis/figma/raw/images/5976164c9088d9f3322d497bbf2c3c76b9211e1f,549d0c779f2822144d7764a6310959f442e5da74f168bc99f656dd25e1c86f68,ffd0c1d594c580f4,1126,2000,0.563,PNG,image/png,RGBA,True,"{""x"": 0, ""y"": 0, ""w"": 1126, ""h"": 2000}",1429345,9008000,0.0,,"[""NEAR-046""]",ui,ui_panel_plain_navy__1126x2000,0.95,"[""SCREEN-006"", ""SCREEN-007"", ""SCREEN-008"", ""SCREEN-009"", ""SCREEN-011"", ""SCREEN-012""]",NO_VISIBLE_TEXT,True,
110,5977fb8357d809397ef4e35cfd9cdef06a3f5c9e,analysis/figma/raw/images/5977fb8357d809397ef4e35cfd9cdef06a3f5c9e,2d3f325cceb897b09c2201adfa9e748e41339972cedf981c2a51d057e7ea1bd3,9ecb9d946817645a,328,398,0.824121,PNG,image/png,RGBA,True,"{""x"": 0, ""y"": 0, ""w"": 328, ""h"": 398}",173081,522176,0.0,,,equipment,equipment_inferno_dragon_ring_gem__328x398,0.95,[],NO_VISIBLE_TEXT,False,
111,597ec45d22678bda09402fee655a352ec2439e73,analysis/figma/raw/images/597ec45d22678bda09402fee655a352ec2439e73,e28e5ee62daca30f3316a1eebc6445570e59ab0b5a9fc665787b85453c409d58,eec8b03493393b2b,407,440,0.925,PNG,image/png,RGBA,True,"{""x"": 0, ""y"": 0, ""w"": 407, ""h"": 440}",277793,716320,0.0,,"[""NEAR-006""]",relic,relic_infernal_mask__407x440,0.85,[],NO_VISIBLE_TEXT,False,
112,599dab42cfb75937f7a1b9fc111ccb283886ac49,analysis/figma/raw/images/599dab42cfb75937f7a1b9fc111ccb283886ac49,a0b74f4a855a2dd00d085fda4d9098e997d0eafa3e28f703fab2c06d6d97f967,aec2b1334b85d347,668,500,1.336,PNG,image/png,RGBA,True,"{""x"": 0, ""y"": 0, ""w"": 668, ""h"": 500}",529238,1336000,0.0,,"[""NEAR-092""]",equipment,equipment_raccoon_engineer_chest_machine__668x500,0.95,[],NO_VISIBLE_TEXT,False,
113,59fabe382ec32d1dfedf9b053ba7bf9bf5355a65,analysis/figma/raw/images/59fabe382ec32d1dfedf9b053ba7bf9bf5355a65,dee381fa4b917cefb8f27501870deecba240b0d8a44d124b1d79c3baefcd677c,e8c0b74fcd38866c,470,571,0.823117,PNG,image/png,RGBA,True,"{""x"": 0, ""y"": 0, ""w"": 470, ""h"": 571}",363296,1073480,0.0,,"[""NEAR-093""]",relic,relic_leaf_crescent__470x571,0.95,"[""SCREEN-005""]",NO_VISIBLE_TEXT,False,
114,5a5f49a12405c47385e182776d35af1e3809f250,analysis/figma/raw/images/5a5f49a12405c47385e182776d35af1e3809f250,26aeb77ab5fa7c4ca3473a2993d3bb1c87cec7d3cab7a9885244010fd5d1edee,a4d2de354abb9306,529,544,0.972426,PNG,image/png,RGBA,True,"{""x"": 0, ""y"": 0, ""w"": 529, ""h"": 544}",355979,1151104,0.0,,"[""NEAR-094""]",equipment,equipment_elf_archer_ring_leaf__529x544,0.95,"[""SCREEN-004""]",NO_VISIBLE_TEXT,False,
115,5b2fb629c36746c86adbb8f7460d1770ae270cdc,analysis/figma/raw/images/5b2fb629c36746c86adbb8f7460d1770ae270cdc,bbffc23e9dcc5da6a4f6f2f85680798c25877faccba3562f2c5b0c841909d56d,ff3a84d494da84aa,1035,1545,0.669903,PNG,image/png,RGBA,True,"{""x"": 0, ""y"": 0, ""w"": 1035, ""h"": 1545}",1518777,6396300,0.0,,"[""NEAR-016""]",ui,ui_frame_equipment_gold__1035x1545,0.95,"[""SCREEN-005""]",NO_VISIBLE_TEXT,True,
116,5bb94d24b5701250d51a9f5999e913cb4657055c,analysis/figma/raw/images/5bb94d24b5701250d51a9f5999e913cb4657055c,7cef3018bc159a7895deff14b1772ef17ddc3920c3700f4135b261509b28f60e,c49b39c36f6c44c3,670,754,0.888594,PNG,image/png,RGBA,True,"{""x"": 0, ""y"": 0, ""w"": 670, ""h"": 754}",668076,2020720,0.0,,"[""NEAR-030""]",equipment,equipment_ice_fairy_robe__670x754,0.95,[],NO_VISIBLE_TEXT,False,
117,5d7e96c8d3236bfc5c2add7121fb26f2b6b510b1,analysis/figma/raw/images/5d7e96c8d3236bfc5c2add7121fb26f2b6b510b1,f3f4637120f244495cf707811565e223f52488455a8fc58c0501fac0cd85d279,bcc3c5ad924b0cb3,472,383,1.232376,PNG,image/png,RGBA,True,"{""x"": 0, ""y"": 0, ""w"": 472, ""h"": 383}",260704,723104,0.0,,"[""NEAR-095""]",enemy,enemy_dark_bat_mage__472x383,0.85,[],NO_VISIBLE_TEXT,False,
118,5dcc8f91b17f1226f0c012df0135ae09f03678b0,analysis/figma/raw/images/5dcc8f91b17f1226f0c012df0135ae09f03678b0,5742eb59c3aab5fa28e82c25c48570f6d0b499d8caac8ee7c31abc5b7efc004a,9c933734c769196a,525,536,0.979478,PNG,image/png,RGBA,True,"{""x"": 0, ""y"": 0, ""w"": 525, ""h"": 536}",203413,1125600,0.0,,"[""NEAR-096""]",ui,ui_icon_sword__525x536,0.95,"[""SCREEN-007""]",NO_VISIBLE_TEXT,False,
119,5dd930ff66d91d0edfd2480e1de8ce59b7b71c98,analysis/figma/raw/images/5dd930ff66d91d0edfd2480e1de8ce59b7b71c98,de660a8e5eabada873b871c369782d63c63a03ab439dfb03c4f399dfdd33e1c7,e4c41e39c9d79833,476,388,1.226804,PNG,image/png,RGBA,True,"{""x"": 0, ""y"": 0, ""w"": 476, ""h"": 388}",264020,738752,0.0,,"[""NEAR-097""]",ui,ui_nav_heroes_helmet__476x388,0.85,[],NO_VISIBLE_TEXT,False,
120,5ecf8359d5ef62bda32ceb060cf8039ccf50ec82,analysis/figma/raw/images/5ecf8359d5ef62bda32ceb060cf8039ccf50ec82,90e3eaeda769b50663313748cd21e125fa93b97402176f2132a5667dcaec542f,ce99a566988e384f,203,288,0.704861,PNG,image/png,RGBA,True,"{""x"": 0, ""y"": 0, ""w"": 203, ""h"": 288}",96681,233856,0.0,,"[""NEAR-098""]",relic,relic_fire_dragon_head__203x288,0.85,[],NO_VISIBLE_TEXT,False,
121,5eeab04b88a09db3ffecc36435ced37c4b0afa6f,analysis/figma/raw/images/5eeab04b88a09db3ffecc36435ced37c4b0afa6f,bf74a88ef0bcf5e9b78ef4b4dbc76fedaa6acc53b0f51c955f8bc2f9a0ae820d,9c933734c769196a,263,268,0.981343,PNG,image/png,RGBA,True,"{""x"": 0, ""y"": 0, ""w"": 263, ""h"": 268}",74616,281936,0.0,,"[""NEAR-096""]",ui,ui_icon_sword__263x268,0.85,[],NO_VISIBLE_TEXT,False,
122,5fa746afd3d5fd77d9d6feb3916a29828e85188f,analysis/figma/raw/images/5fa746afd3d5fd77d9d6feb3916a29828e85188f,f7f0b8d7d8d072b23a6ee37e49447af51fa9adff7eb096c83bea3a574ec6b102,e49793a5794d1c8c,663,625,1.0608,PNG,image/png,RGBA,True,"{""x"": 0, ""y"": 0, ""w"": 663, ""h"": 625}",487827,1657500,0.0,,"[""NEAR-038""]",equipment,equipment_elf_archer_coat__663x625,0.95,[],NO_VISIBLE_TEXT,False,
123,5fe747f63bc0c20354a03a39f34d22bf172c5757,analysis/figma/raw/images/5fe747f63bc0c20354a03a39f34d22bf172c5757,ebb4bd85aed8cef85c92334c2eccdd7c2a6cb94a423cce02cb14d0d2fb51e74e,879c0d0d18d1eb6f,583,881,0.661748,PNG,image/png,RGBA,True,"{""x"": 0, ""y"": 0, ""w"": 583, ""h"": 881}",394650,2054492,0.0,,"[""NEAR-070""]",equipment,equipment_ice_fairy_staff_snowflake__583x881,0.95,[],NO_VISIBLE_TEXT,False,
124,627bd3ee8f9578ceef394a482d97ac1e57fba7fa,analysis/figma/raw/images/627bd3ee8f9578ceef394a482d97ac1e57fba7fa,d5a4b0effd8a3393d95fb03b72274b3dd356c249c3a5dc86d4dabb2937a363d7,ffafaa80ea84ea80,362,404,0.89604,PNG,image/png,RGBA,True,"{""x"": 0, ""y"": 0, ""w"": 362, ""h"": 404}",239657,584992,0.0,,"[""NEAR-035"", ""NEAR-099""]",ui,ui_panel_blue_square__362x404,0.85,[],NO_VISIBLE_TEXT,True,
125,6383c14fef9a588040445156d17871feae1021aa,analysis/figma/raw/images/6383c14fef9a588040445156d17871feae1021aa,ba968d056523ed6723180c226c1a72679edbc07fd2a80e32c2b7ab72475a826b,edc6a4ad3092b38b,326,354,0.920904,PNG,image/png,RGBA,True,"{""x"": 0, ""y"": 0, ""w"": 326, ""h"": 354}",107255,461616,0.0,,"[""NEAR-023""]",ui,ui_icon_upgrade_arrow__326x354,0.85,[],NO_VISIBLE_TEXT,False,
126,64bc704a021064c000e04ee27fdc1f9c185bebe7,analysis/figma/raw/images/64bc704a021064c000e04ee27fdc1f9c185bebe7,c3808158e04cd38a9d6cfddde8febad3179ba104f134b1f6ea59591902747e0d,eed2b20b946dcc34,242,274,0.883212,PNG,image/png,RGBA,True,"{""x"": 0, ""y"": 0, ""w"": 242, ""h"": 274}",129796,265232,0.0,,"[""NEAR-100""]",relic,relic_green_disc__242x274,0.85,[],NO_VISIBLE_TEXT,False,
127,65cd524b7292d59bfce6b1d95c03bb73cf72ebc1,analysis/figma/raw/images/65cd524b7292d59bfce6b1d95c03bb73cf72ebc1,363f9dfc08389657906da5269755aa2068bb50467797f359c9948bd93f27d60d,98c16730cf4e3a76,478,836,0.57177,PNG,image/png,RGBA,True,"{""x"": 0, ""y"": 0, ""w"": 478, ""h"": 836}",420579,1598432,0.0,,"[""NEAR-101""]",equipment,equipment_owl_mage_staff_owl__478x836,0.95,[],NO_VISIBLE_TEXT,False,
128,668c3a9a2ae00999798a24b7ba79bc4702ce62bd,analysis/figma/raw/images/668c3a9a2ae00999798a24b7ba79bc4702ce62bd,4dc6c1c5b0a424ccf7b567d1aa5c5dd654f87ee5fa7ec8d80f3eac99570868be,e9b99c2436674ad2,509,696,0.731322,PNG,image/png,RGBA,True,"{""x"": 0, ""y"": 0, ""w"": 509, ""h"": 696}",310456,1417056,0.0,,"[""NEAR-084""]",equipment,equipment_lion_knight_hammer__509x696,0.95,[],NO_VISIBLE_TEXT,False,
129,66b36f8823daa26c49439008b7247fb72caf8fb6,analysis/figma/raw/images/66b36f8823daa26c49439008b7247fb72caf8fb6,1f7ab0bebbb3ed3b21331dcc86d4ac14024723a2d1efa65137a91fc5614cbfb9,c7c7da31b898ba28,2172,724,3.0,PNG,image/png,RGB,False,"{""x"": 0, ""y"": 0, ""w"": 2172, ""h"": 724}",2123646,6290112,0.0,,"[""NEAR-061""]",background,background_dungeon_shadow_strip__2172x724,0.95,[],NO_VISIBLE_TEXT,False,
130,672e9ee6972d00950355511e004ea13cac508184,analysis/figma/raw/images/672e9ee6972d00950355511e004ea13cac508184,1c98eb0665dbdeb7ef902664f72d7848827ddf8a5ff01d2b078c08c656b60b38,e8c0b74fcd38866c,235,286,0.821678,PNG,image/png,RGBA,True,"{""x"": 0, ""y"": 0, ""w"": 235, ""h"": 286}",118169,268840,0.0,,"[""NEAR-093""]",relic,relic_leaf_crescent__235x286,0.85,[],NO_VISIBLE_TEXT,False,
131,677f461376f4eb79e91a01e0859936fbe5b3279e,analysis/figma/raw/images/677f461376f4eb79e91a01e0859936fbe5b3279e,09b2577fcbe54b7a9851f07386fed80406ea6d33f4f49cf2b67c9a9cba1f511a,bcc38b69371e19c2,281,323,0.869969,PNG,image/png,RGBA,True,"{""x"": 0, ""y"": 0, ""w"": 281, ""h"": 323}",127839,363052,0.0,,"[""NEAR-102""]",equipment,equipment_turtle_warrior_hammer__281x323,0.85,[],NO_VISIBLE_TEXT,False,
132,67cdd7734b2176cf091d7505901539412e9727a3,analysis/figma/raw/images/67cdd7734b2176cf091d7505901539412e9727a3,372ed19f77ed479ee26da1fe4049703b619efe073b540437cdc83117e54f7ed9,ab929694d18f8e69,272,91,2.989011,PNG,image/png,RGBA,True,"{""x"": 0, ""y"": 0, ""w"": 272, ""h"": 91}",54575,99008,0.0,,"[""NEAR-103""]",branding,branding_welcome_text__272x91,0.85,[],YES,False,
133,696dd30a73d5d2e2c929303afd4a5ba32e3332f3,analysis/figma/raw/images/696dd30a73d5d2e2c929303afd4a5ba32e3332f3,aba0caa7ea277efe4f57e292d7ba07b5a9e22c493a36b612dc37024be32d7321,d194926ab65bcd26,394,792,0.497475,PNG,image/png,RGBA,True,"{""x"": 0, ""y"": 0, ""w"": 394, ""h"": 792}",301946,1248192,0.0,,"[""NEAR-076""]",equipment,equipment_owl_mage_staff_crescent__394x792,0.95,[],NO_VISIBLE_TEXT,False,
134,69745b8d9f7ddc33f8e3dd7fcd00b87039fd3eed,analysis/figma/raw/images/69745b8d9f7ddc33f8e3dd7fcd00b87039fd3eed,3a981b702c791b1154957731cd72842ebc2364f518e1ffda5e12a1f8596fa3a0,e4ef921329c4657c,1628,1719,0.947062,PNG,image/png,RGBA,True,"{""x"": 0, ""y"": 0, ""w"": 1628, ""h"": 1719}",2492767,11194128,0.0,,"[""NEAR-104""]",ui,ui_frame_purple_shield__1628x1719,0.95,"[""SCREEN-005""]",NO_VISIBLE_TEXT,False,
135,6a64125f8dc9693f40703fbaf4fe85b7759d80af,analysis/figma/raw/images/6a64125f8dc9693f40703fbaf4fe85b7759d80af,3cc1d97a94a86e6accdada7ba90cb27c035e84473d22d04eec59b9f19261fd67,bcd3c26ed2890d74,454,440,1.031818,PNG,image/png,RGBA,True,"{""x"": 0, ""y"": 0, ""w"": 454, ""h"": 440}",293585,799040,0.0,,"[""NEAR-105""]",hero,hero_owl_mage__454x440,0.85,[],NO_VISIBLE_TEXT,False,
136,6b0fe4f85adb51efb23cdd45f201e502c0686cd1,analysis/figma/raw/images/6b0fe4f85adb51efb23cdd45f201e502c0686cd1,ec5c23fbb04b3ee8647540f5e87334d9d109114d3c73cf7d20119c3b86ec2c74,d1f269a8627872f1,941,1672,0.562799,PNG,image/png,RGB,False,"{""x"": 0, ""y"": 0, ""w"": 941, ""h"": 1672}",2157821,6293408,0.0,,"[""NEAR-106""]",background,background_floating_islands__941x1672,0.95,"[""SCREEN-001"", ""SCREEN-002"", ""SCREEN-003"", ""SCREEN-006"", ""SCREEN-007"", ""SCREEN-008"", ""SCREEN-009"", ""SCREEN-010"", ""SCREEN-011"", ""SCREEN-012"", ""SCREEN-013"", ""SCREEN-014"", ""SCREEN-015""]",NO_VISIBLE_TEXT,False,
137,6b23891eb8e67567c8677d78a892c054f1fe5f21,analysis/figma/raw/images/6b23891eb8e67567c8677d78a892c054f1fe5f21,0884660aeb4e4650f68f218a89143280903c84bd20d4adefe231cfe3bef994d5,eedecb60b0848679,1789,1558,1.148267,PNG,image/png,RGBA,True,"{""x"": 0, ""y"": 0, ""w"": 1789, ""h"": 1558}",2917533,11149048,0.0,,"[""NEAR-107""]",enemy,enemy_stone_gargoyle__1789x1558,0.95,[],NO_VISIBLE_TEXT,False,
138,6b619134c83e85858b3483bc16a80bc6b91dcea2,analysis/figma/raw/images/6b619134c83e85858b3483bc16a80bc6b91dcea2,a99125c69348120007c532079171b6136e53761536c048473cf03f3bff16fa95,f0e3c79d1a1a1c39,273,277,0.98556,PNG,image/png,RGBA,True,"{""x"": 0, ""y"": 0, ""w"": 273, ""h"": 277}",114646,302484,0.0,,"[""NEAR-108""]",currency,currency_blue_orb__273x277,0.85,[],NO_VISIBLE_TEXT,False,
139,6bc34dd104e58e77958567e48e5459e94a81e695,analysis/figma/raw/images/6bc34dd104e58e77958567e48e5459e94a81e695,53a8ca645c3e720207a3b6b3eed6d1296a1ef90179812d9b6ae857689f0ba895,e686b9692195d62b,608,522,1.164751,PNG,image/png,RGBA,True,"{""x"": 0, ""y"": 0, ""w"": 608, ""h"": 522}",396060,1269504,0.0,,"[""NEAR-109""]",equipment,equipment_turtle_warrior_chest_shell__608x522,0.95,[],NO_VISIBLE_TEXT,False,
140,6bda5ce4aa2a6848a588f2f906891a7356a6b28b,analysis/figma/raw/images/6bda5ce4aa2a6848a588f2f906891a7356a6b28b,40dbf7885c870b6b5c616043e34e2e3b72852389564bed936a1a37f0be3e74df,eee0a19d9b9a8a32,1343,1364,0.984604,PNG,image/png,RGBA,True,"{""x"": 0, ""y"": 0, ""w"": 1343, ""h"": 1364}",1619954,7327408,0.0,,"[""NEAR-110""]",ui,ui_icon_hourglass__1343x1364,0.95,"[""SCREEN-003""]",NO_VISIBLE_TEXT,False,
141,6c938c6f880b0cccecab051181158b9261e313c4,analysis/figma/raw/images/6c938c6f880b0cccecab051181158b9261e313c4,8f34dd7492c368f63d21cd8549a86c2fb8d59199acd1069ce06d439ac749d9f7,838f3c616ed0b1ce,272,91,2.989011,PNG,image/png,RGBA,True,"{""x"": 0, ""y"": 0, ""w"": 272, ""h"": 91}",64948,99008,0.0,,"[""NEAR-053""]",background,background_dungeon_goblin_strip__272x91,0.85,[],NO_VISIBLE_TEXT,False,
142,6cafbbc403628666824c3537dd354e81fc8bf517,analysis/figma/raw/images/6cafbbc403628666824c3537dd354e81fc8bf517,b43e93b58d0cb5fe4026b5328fdf240eb03a8df4b4055a26e16bad9206df75b8,cec835a48c39b36e,351,364,0.964286,PNG,image/png,RGBA,True,"{""x"": 0, ""y"": 0, ""w"": 351, ""h"": 364}",208174,511056,0.0,,"[""NEAR-085""]",ui,ui_icon_battle_swords__351x364,0.85,[],NO_VISIBLE_TEXT,False,
143,6e1d9f5aef9515eef69c96c0c505479d1da0d80b,analysis/figma/raw/images/6e1d9f5aef9515eef69c96c0c505479d1da0d80b,ec4b66b0dc31daba972f5a581b0b6c3880a37fcaf37bdc16d030161fa7e323f7,cabc369193ccb983,272,91,2.989011,PNG,image/png,RGBA,True,"{""x"": 0, ""y"": 0, ""w"": 272, ""h"": 91}",65255,99008,0.0,,"[""NEAR-111""]",background,background_dungeon_infernal_strip__272x91,0.85,[],NO_VISIBLE_TEXT,False,
144,6e559698a8b3cecee291e0308c0730d4d11beecc,analysis/figma/raw/images/6e559698a8b3cecee291e0308c0730d4d11beecc,5bbd5f113ad673103d55b28dac8d6c72f31913ba2972c793b368e8054ea66832,d1f269a8727832f1,236,418,0.564593,PNG,image/png,RGBA,True,"{""x"": 0, ""y"": 0, ""w"": 236, ""h"": 418}",250848,394592,0.0,,"[""NEAR-106""]",background,background_floating_islands__236x418,0.85,[],NO_VISIBLE_TEXT,False,
145,6ef0339dd30a9f38bd3dd0ae17011aa50f2f5708,analysis/figma/raw/images/6ef0339dd30a9f38bd3dd0ae17011aa50f2f5708,95be3b6e875c88bdfb5354f14ed3c459e21f83a869e45c203cf5cce1c8c99fb0,bb0fa1c994e09bb4,311,295,1.054237,PNG,image/png,RGBA,True,"{""x"": 0, ""y"": 0, ""w"": 311, ""h"": 295}",204950,366980,0.0,,"[""NEAR-112""]",portrait,portrait_inferno_dragon__311x295,0.85,[],NO_VISIBLE_TEXT,False,
146,7276c1544b69adce858414a636fc63bbad7714ec,analysis/figma/raw/images/7276c1544b69adce858414a636fc63bbad7714ec,bed40ad56e5b0c33cc1e573b37cd36deb5b1862983da0d2b9ffa2ca9428ed92f,cabc369193ccb983,2172,724,3.0,PNG,image/png,RGB,False,"{""x"": 0, ""y"": 0, ""w"": 2172, ""h"": 724}",2236183,6290112,0.0,,"[""NEAR-111""]",background,background_dungeon_infernal_strip__2172x724,0.95,"[""SCREEN-006""]",NO_VISIBLE_TEXT,False,
147,732d97e3ef064419ae0f5906ed9868ea45cab4ea,analysis/figma/raw/images/732d97e3ef064419ae0f5906ed9868ea45cab4ea,71e3d20a6c9d11d768c68f291d42acc25c715a7d57403ab70871cce07ed9e18c,bbb1973c64cd9025,535,811,0.659679,PNG,image/png,RGBA,True,"{""x"": 0, ""y"": 0, ""w"": 535, ""h"": 811}",285470,1735540,0.0,,"[""NEAR-113""]",equipment,equipment_fox_sorcerer_staff_orb__535x811,0.95,[],NO_VISIBLE_TEXT,False,
148,73470e7fcaf52e7d7e796c4160a597fa91217860,analysis/figma/raw/images/73470e7fcaf52e7d7e796c4160a597fa91217860,85448c224627bec7ff919696f00184e966fc66ee6d4f2f26d183f74a0c09e9d6,cf88723225c31fce,461,515,0.895146,PNG,image/png,RGBA,True,"{""x"": 0, ""y"": 0, ""w"": 461, ""h"": 515}",260889,949660,0.0,,"[""NEAR-088""]",equipment,equipment_fox_sorcerer_ring_mask__461x515,0.95,[],NO_VISIBLE_TEXT,False,
149,738f59e3122928950a1bc9b956e1bfb867cfe8b1,analysis/figma/raw/images/738f59e3122928950a1bc9b956e1bfb867cfe8b1,15a3c24edcd9fb2a77f24c0cc7c42585b9ea22c7059045e1f26ef8635a5b4d20,bbb1973c64cd9025,268,406,0.660099,PNG,image/png,RGBA,True,"{""x"": 0, ""y"": 0, ""w"": 268, ""h"": 406}",96573,435232,0.0,,"[""NEAR-113""]",equipment,equipment_fox_sorcerer_staff_orb__268x406,0.85,[],NO_VISIBLE_TEXT,False,
150,73efa90b29fc0fd6c80b77c7c64fa09649518957,analysis/figma/raw/images/73efa90b29fc0fd6c80b77c7c64fa09649518957,a358d8c8fd66ce27d899777db7589fee54d6e52922e188780f345f8d87b35223,fb708c78e309b307,249,268,0.929104,PNG,image/png,RGBA,True,"{""x"": 0, ""y"": 0, ""w"": 249, ""h"": 268}",119544,266928,0.0,,"[""NEAR-114""]",equipment,equipment_elf_archer_boots__249x268,0.85,[],NO_VISIBLE_TEXT,False,
151,741e1dae868073fa4c6d79284c652a31207b2e69,analysis/figma/raw/images/741e1dae868073fa4c6d79284c652a31207b2e69,ab0ddb1af853d6d13b16fb3d2aadfe1b71daf55ee00f0ed26040ba3d8964ff9e,fadbc129ac24b478,1254,1254,1.0,PNG,image/png,RGB,False,"{""x"": 0, ""y"": 0, ""w"": 1254, ""h"": 1254}",1849945,6290064,0.0,,"[""NEAR-059""]",decoration,decoration_raccoon_castle__1254x1254_variant2,0.95,"[""SCREEN-012""]",NO_VISIBLE_TEXT,False,
152,777e17cf85e51215e2caaff22ebb334b17be469a,analysis/figma/raw/images/777e17cf85e51215e2caaff22ebb334b17be469a,3e6d03439c83df7e7e7a73172c38427c6bd0794568a411bf943309904e270042,f0e3c79d1a1a1c39,545,554,0.983755,PNG,image/png,RGBA,True,"{""x"": 0, ""y"": 0, ""w"": 545, ""h"": 554}",266133,1207720,0.0,,"[""NEAR-108""]",currency,currency_blue_orb__545x554,0.95,"[""SCREEN-007""]",NO_VISIBLE_TEXT,False,
153,778ed44d4ffac3c67ec16d188e7a76a0f7f77aae,analysis/figma/raw/images/778ed44d4ffac3c67ec16d188e7a76a0f7f77aae,048f3c41d8ac54b8e87495e293868ba02a31aa3265a2d7ab3cab9529efc4d847,98c16730cf4e3a76,239,418,0.57177,PNG,image/png,RGBA,True,"{""x"": 0, ""y"": 0, ""w"": 239, ""h"": 418}",129573,399608,0.0,,"[""NEAR-101""]",equipment,equipment_owl_mage_staff_owl__239x418,0.85,[],NO_VISIBLE_TEXT,False,
154,782c9ef205e984f78f9b0c449e5c06742c661cc3,analysis/figma/raw/images/782c9ef205e984f78f9b0c449e5c06742c661cc3,4775250dab9b4622bf66fd8b0ff54fa43c8257c5c74317c9855bf45b2a6191cf,f9c3626b9ba8d481,311,296,1.050676,PNG,image/png,RGBA,True,"{""x"": 0, ""y"": 0, ""w"": 311, ""h"": 296}",220494,368224,0.0,,"[""NEAR-072""]",portrait,portrait_owl_mage__311x296,0.85,[],NO_VISIBLE_TEXT,False,
155,78bfa38b717308ddd2622ef3c8676cf9bd328b52,analysis/figma/raw/images/78bfa38b717308ddd2622ef3c8676cf9bd328b52,8af27cd5f91702b07a67a42889daa6859f861b53d5c102c974d74fb7727a875a,ee6a8931b234c4cf,521,524,0.994275,PNG,image/png,RGBA,True,"{""x"": 0, ""y"": 0, ""w"": 521, ""h"": 524}",310281,1092016,0.0,,"[""NEAR-115""]",equipment,equipment_inferno_dragon_robe__521x524,0.95,[],NO_VISIBLE_TEXT,False,
156,7a1da81a8dae2e997e861677021e0dc93c0aa0f4,analysis/figma/raw/images/7a1da81a8dae2e997e861677021e0dc93c0aa0f4,ec4996b49673ecb1994b77ac46d864c65541c9612677e62faf2cb1513b6af2c3,d4bc28ba6acc9a3a,213,462,0.461039,PNG,image/png,RGBA,True,"{""x"": 0, ""y"": 0, ""w"": 213, ""h"": 462}",276702,393624,0.0,,"[""NEAR-116""]",reference,reference_screen_start__213x462,0.85,[],YES,False,
157,7b964ceeade5e1566bf7ecb69061bac17843cb8a,analysis/figma/raw/images/7b964ceeade5e1566bf7ecb69061bac17843cb8a,9de33e14e820794e8cde868cd5225b233a3e99f4d98985d1a314690fa9e180dc,d0d3d2952b8e2d69,2172,724,3.0,PNG,image/png,RGBA,True,"{""x"": 219, ""y"": 17, ""w"": 1673, ""h"": 705}",1533626,6290112,0.25,,"[""NEAR-117""]",branding,branding_welcome_text__2172x724,0.95,"[""SCREEN-001""]",YES,False,
158,7cbd10b7e6c71969b257cb4c6e4e8a393c7545d0,analysis/figma/raw/images/7cbd10b7e6c71969b257cb4c6e4e8a393c7545d0,37992e550ae8f303a2c1b434fe5e7bc3ab3848432ade37fdc6e9729edbb2fb9d,f89285de5e638519,472,437,1.080092,PNG,image/png,RGBA,True,"{""x"": 0, ""y"": 0, ""w"": 472, ""h"": 437}",262560,825056,0.0,,"[""NEAR-083""]",hero,hero_inferno_dragon__472x437,0.85,[],NO_VISIBLE_TEXT,False,
159,7d0289c641e46bae1b62d4fe28ea11d184302d26,analysis/figma/raw/images/7d0289c641e46bae1b62d4fe28ea11d184302d26,f09a6fa7466d5ca352e1b5be84a02119f860fb5527dcd1941ca19f3b97103622,d5973ed43ad41a90,2542,1359,1.870493,PNG,image/png,RGBA,True,"{""x"": 0, ""y"": 0, ""w"": 2542, ""h"": 1359}",845670,13818312,0.0,,"[""NEAR-118""]",ui,ui_button_orange__2542x1359,0.95,"[""SCREEN-005"", ""SCREEN-008"", ""SCREEN-009"", ""SCREEN-013"", ""SCREEN-014"", ""SCREEN-015""]",NO_VISIBLE_TEXT,True,
160,7d1531028cb997d099014cdc8ae9f417c7cc5248,analysis/figma/raw/images/7d1531028cb997d099014cdc8ae9f417c7cc5248,e5e02c5176e03ef85a2f5652e056b3782e66123287cd0a32114c337763b8199a,ebc1e63a301f8ec1,306,337,0.908012,PNG,image/png,RGBA,True,"{""x"": 0, ""y"": 0, ""w"": 306, ""h"": 337}",184536,412488,0.0,,"[""NEAR-047""]",equipment,equipment_owl_mage_robe_crescent__306x337,0.85,[],NO_VISIBLE_TEXT,False,
161,7d89a5b1428ce1d8664a5023c0bd4a196292688c,analysis/figma/raw/images/7d89a5b1428ce1d8664a5023c0bd4a196292688c,c5bca6b0f0bdea1962f2f1882f0457b8dd53cc27c6e90edd9c25573d25929579,d8df2d4f2320f027,1718,1740,0.987356,PNG,image/png,RGBA,True,"{""x"": 0, ""y"": 0, ""w"": 1718, ""h"": 1740}",2393095,11957280,0.0,,"[""NEAR-007""]",hero,hero_ice_fairy__1718x1740,0.95,"[""SCREEN-003"", ""SCREEN-007""]",NO_VISIBLE_TEXT,False,
162,7db345e2f56a2a40ba912d41a5724b3e8d3b888e,analysis/figma/raw/images/7db345e2f56a2a40ba912d41a5724b3e8d3b888e,4508b65d9bba20e222d9400b7e5a839e19212f309153ded7ce4880da7f840d9a,b2cb61f09f289d94,660,592,1.114865,PNG,image/png,RGBA,True,"{""x"": 0, ""y"": 0, ""w"": 660, ""h"": 592}",553827,1562880,0.0,,"[""NEAR-119""]",portrait,portrait_turtle_warrior__660x592,0.95,[],NO_VISIBLE_TEXT,False,
163,7de89c5429f37aa45c08a77de458feaa8b1ff2fe,analysis/figma/raw/images/7de89c5429f37aa45c08a77de458feaa8b1ff2fe,de98eb4c4ba59f9c20dc8b1d3c81b5567615cc01242420c0767cddc44aba84c0,dfca78f0e2c08a87,369,374,0.986631,PNG,image/png,RGBA,True,"{""x"": 0, ""y"": 0, ""w"": 369, ""h"": 374}",197199,552024,0.0,,,ui,ui_icon_settings__369x374,0.95,"[""SCREEN-003"", ""SCREEN-004"", ""SCREEN-005"", ""SCREEN-006"", ""SCREEN-007""]",NO_VISIBLE_TEXT,False,
164,7e32ef894094511eb4a2998cfd764989c3ecaecd,analysis/figma/raw/images/7e32ef894094511eb4a2998cfd764989c3ecaecd,8a2034ab494d7c86de7f840c7490367a04fe19b9e7a931373e69585f08502de1,eee2a18d9b9a8a32,336,341,0.985337,PNG,image/png,RGBA,True,"{""x"": 0, ""y"": 0, ""w"": 336, ""h"": 341}",196793,458304,0.0,,"[""NEAR-110""]",ui,ui_icon_hourglass__336x341,0.85,[],NO_VISIBLE_TEXT,False,
165,7eab4efc82b52ab4e650af14a157246a7fddc75e,analysis/figma/raw/images/7eab4efc82b52ab4e650af14a157246a7fddc75e,eff164e56bbfb81c3d34d3a082b360a8fda48689f03fd10a2dd81fbe67b19697,acaf923529b3212f,1254,1254,1.0,PNG,image/png,RGB,False,"{""x"": 0, ""y"": 0, ""w"": 1254, ""h"": 1254}",2645047,6290064,0.0,,"[""NEAR-054""]",branding,branding_app_icon__1254x1254,0.95,[],YES,False,
166,7f00e6a27e7f7b619d84155ace2e04e6f6feca26,analysis/figma/raw/images/7f00e6a27e7f7b619d84155ace2e04e6f6feca26,39e0df703351086f18db825f78e516d6c51258604fa2a471c3029f7709431e51,e9cd2732a4d0934f,1995,1925,1.036364,PNG,image/png,RGBA,True,"{""x"": 0, ""y"": 0, ""w"": 1995, ""h"": 1925}",4108758,15361500,0.0,,"[""NEAR-021""]",boss,boss_frost_dragon__1995x1925,0.95,[],NO_VISIBLE_TEXT,False,
167,7f8265d92f3025e60df9ea6f8476fc8de4c9c427,analysis/figma/raw/images/7f8265d92f3025e60df9ea6f8476fc8de4c9c427,f118f2c0887a3c7d9e3ade50c1fa7443169166c6a94c4cc86d5cab8a64ee7183,bcc3c5ad924b0cb3,1888,1531,1.233181,PNG,image/png,RGBA,True,"{""x"": 0, ""y"": 0, ""w"": 1888, ""h"": 1531}",2587047,11562112,0.0,,"[""NEAR-095""]",enemy,enemy_dark_bat_mage__1888x1531,0.95,[],NO_VISIBLE_TEXT,False,
168,7f8aa69b5a0a082d157efc135643718e4b8b0ad8,analysis/figma/raw/images/7f8aa69b5a0a082d157efc135643718e4b8b0ad8,7c739e8a0a1fef75282cfb981f75b8e79afb0ca2a089a0a7b2adcb9b6cab0d85,eabad56c95d415c0,293,104,2.817308,PNG,image/png,RGBA,True,"{""x"": 0, ""y"": 0, ""w"": 293, ""h"": 104}",61000,121888,0.0,,"[""NEAR-120""]",ui,ui_panel_gold_navy_wide__293x104,0.85,[],NO_VISIBLE_TEXT,True,
169,7ff0d2d75783cc3d58aba9d755a5375e74d5b133,analysis/figma/raw/images/7ff0d2d75783cc3d58aba9d755a5375e74d5b133,a5883b444bbef3cb48db3d18843babc4feaaea20e0f67a643cf1705d5b34cbfc,e4ef9a1229c4657c,407,430,0.946512,PNG,image/png,RGBA,True,"{""x"": 0, ""y"": 0, ""w"": 407, ""h"": 430}",268595,700040,0.0,,"[""NEAR-104""]",ui,ui_frame_purple_shield__407x430,0.85,[],NO_VISIBLE_TEXT,False,
170,8544522e43d61d581e55ff6f96a24cec53d8a1c8,analysis/figma/raw/images/8544522e43d61d581e55ff6f96a24cec53d8a1c8,2fd957f5e04b3aaa140b7f34146a874171e73cdf6877d970f5c9650880b59ad1,dda422b87ea42cab,1916,821,2.333739,PNG,image/png,RGB,False,"{""x"": 0, ""y"": 0, ""w"": 1916, ""h"": 821}",2605018,6292144,0.0,,"[""NEAR-121""]",background,background_battle_panorama__1916x821,0.95,[],NO_VISIBLE_TEXT,False,
171,860072ba61d2da15aed7f6e0c717fbf9b0c3b359,analysis/figma/raw/images/860072ba61d2da15aed7f6e0c717fbf9b0c3b359,77c70023fca9fd7d6d619691e50f3156f58cf80ed37f05597e2fc6d22752c05e,ecec131318cd656d,1714,1662,1.031288,PNG,image/png,RGBA,True,"{""x"": 0, ""y"": 0, ""w"": 1714, ""h"": 1662}",1914395,11394672,0.0,,"[""NEAR-032""]",ui,ui_frame_orange_wings__1714x1662,0.95,"[""SCREEN-005""]",NO_VISIBLE_TEXT,False,
172,86ef8ab88fddc7cd5fabacfd628f8c0ae4ef4876,analysis/figma/raw/images/86ef8ab88fddc7cd5fabacfd628f8c0ae4ef4876,ad746089526366da7b40518acaf091ad7979878c0ad7b8aad7dfb22bcbf0780c,eabad5e485d415c2,2339,828,2.824879,PNG,image/png,RGBA,True,"{""x"": 0, ""y"": 0, ""w"": 2339, ""h"": 828}",2015445,7746768,0.0,,"[""NEAR-120""]",ui,ui_panel_gold_navy_wide__2339x828,0.95,"[""SCREEN-007""]",NO_VISIBLE_TEXT,True,
173,86f1d78db7ee1bc4e9fcd896e80eb926280b29c8,analysis/figma/raw/images/86f1d78db7ee1bc4e9fcd896e80eb926280b29c8,82a2f6d6dc2d9b8b2cf57cfce5d39d6003e07ab542f4bb0c5ef7cfe2c227edcf,ecc61318b0f93b47,1448,1086,1.333333,PNG,image/png,RGBA,True,"{""x"": 52, ""y"": 37, ""w"": 1344, ""h"": 1017}",1537950,6290112,0.1308,,"[""NEAR-082""]",branding,branding_logo__1448x1086_variant2,0.95,"[""SCREEN-001"", ""SCREEN-002""]",YES,False,
174,876530f5deabec9047682bec53678c43368897b6,analysis/figma/raw/images/876530f5deabec9047682bec53678c43368897b6,e8e001ac6dc3f7a9944120a1f633cbd7a86af1aaa2d01dab024f7c315d43f277,eac9952c639e2467,583,649,0.898305,PNG,image/png,RGBA,True,"{""x"": 0, ""y"": 0, ""w"": 583, ""h"": 649}",309527,1513468,0.0,,"[""NEAR-122""]",equipment,equipment_turtle_warrior_mace__583x649,0.95,[],NO_VISIBLE_TEXT,False,
175,87c433c12114f926b8c045009192d958e224b1b4,analysis/figma/raw/images/87c433c12114f926b8c045009192d958e224b1b4,9cbfe54df96df48f35833cfafa5104d11b03384a1a32c0491a9dcfada6d3eece,fa718c78e309b307,497,535,0.928972,PNG,image/png,RGBA,True,"{""x"": 0, ""y"": 0, ""w"": 497, ""h"": 535}",330095,1063580,0.0,,"[""NEAR-114""]",equipment,equipment_elf_archer_boots__497x535,0.95,"[""SCREEN-004""]",NO_VISIBLE_TEXT,False,
176,884e4a53f27c509c9e0d910c99e8eeb37b3764e0,analysis/figma/raw/images/884e4a53f27c509c9e0d910c99e8eeb37b3764e0,c71995cce8a8c0efd10ef6bd19923ddb06756503f4a0eef4f396b9f5f1f677f3,f8b6900787f0c31f,1783,1677,1.063208,PNG,image/png,RGBA,True,"{""x"": 0, ""y"": 0, ""w"": 1783, ""h"": 1677}",2984010,11960364,0.0,,"[""NEAR-123""]",enemy,enemy_shadow_wolf__1783x1677,0.95,[],NO_VISIBLE_TEXT,False,
177,88cdae02ce87495159d9dc9940267c2a906f5100,analysis/figma/raw/images/88cdae02ce87495159d9dc9940267c2a906f5100,800cd6f6e5c013bc35dbda41e27964de388aaf62c5d2892c4ab02d8f80805799,bcd39463c7a1c896,1617,1662,0.972924,PNG,image/png,RGBA,True,"{""x"": 0, ""y"": 0, ""w"": 1617, ""h"": 1662}",2388902,10749816,0.0,,"[""NEAR-017""]",hero,hero_raccoon_engineer__1617x1662,0.95,"[""SCREEN-003""]",NO_VISIBLE_TEXT,False,
178,89add8e481d0fc4ce89a2cb4b71a84454e9c272a,analysis/figma/raw/images/89add8e481d0fc4ce89a2cb4b71a84454e9c272a,d5a58f0e6b57aaa9f0ebd6c7c33692384760135ce81b4a761c09273a88a68a9a,fed594c0d485c4d5,485,76,6.381579,PNG,image/png,RGBA,True,"{""x"": 0, ""y"": 0, ""w"": 485, ""h"": 76}",69727,147440,0.0,,"[""NEAR-124""]",ui,ui_banner_stage_blue__485x76,0.85,[],NO_VISIBLE_TEXT,False,
179,8a0a4b69bf5c0394c572cfdd62de6728f266a29d,analysis/figma/raw/images/8a0a4b69bf5c0394c572cfdd62de6728f266a29d,424fcfc05250385e412f7b4425c4536406f829f2579bf480032be484d3dbbb87,e68e97db09710b8c,684,714,0.957983,PNG,image/png,RGBA,True,"{""x"": 0, ""y"": 0, ""w"": 684, ""h"": 714}",489367,1953504,0.0,,"[""NEAR-075""]",equipment,equipment_elf_archer_hood_fur__684x714,0.95,[],NO_VISIBLE_TEXT,False,
180,8a880bdca1d66d9fe429ebb1694d85612e725d1e,analysis/figma/raw/images/8a880bdca1d66d9fe429ebb1694d85612e725d1e,c88a6adbed1ce6d0d53fdc61fc2886523ffd944860538de67d913c6f6b1a43f3,eafae0d094943e96,480,88,5.454545,PNG,image/png,RGBA,True,"{""x"": 0, ""y"": 0, ""w"": 480, ""h"": 88}",80915,168960,0.0,,"[""NEAR-125""]",ui,ui_banner_name_purple__480x88,0.85,[],NO_VISIBLE_TEXT,False,
181,8b1c44fd757fb629498188807b520d0ce3fcca3b,analysis/figma/raw/images/8b1c44fd757fb629498188807b520d0ce3fcca3b,9bdf3b94708e0c8b9ae5660f2f254d8ebb31ea2a8694019dee7408a0180ab119,d4940b5a2dcb36cd,254,262,0.969466,PNG,image/png,RGBA,True,"{""x"": 0, ""y"": 0, ""w"": 254, ""h"": 262}",96294,266192,0.0,,,currency,currency_gold_coin__254x262,0.95,"[""SCREEN-003"", ""SCREEN-004"", ""SCREEN-005"", ""SCREEN-006"", ""SCREEN-007""]",NO_VISIBLE_TEXT,False,
182,8c0677f080887f3f13ce4f92dc2577bb83f649d5,analysis/figma/raw/images/8c0677f080887f3f13ce4f92dc2577bb83f649d5,e07a5ef6efc63b7e591d51705758c57a2ead296d63a7fe3c6a4dd7d0052200fb,dc93da6d3148a725,404,447,0.903803,PNG,image/png,RGBA,True,"{""x"": 0, ""y"": 0, ""w"": 404, ""h"": 447}",273050,722352,0.0,,"[""NEAR-126""]",hero,hero_lion_knight__404x447,0.85,[],NO_VISIBLE_TEXT,False,
183,8c59d2219764c76310cc8748366221d6333bb21a,analysis/figma/raw/images/8c59d2219764c76310cc8748366221d6333bb21a,7d4da292d491c12fb08bfb6b7d9ddfa1d31f182c04b65db66161adc2165062f8,d8992dafea6a06a4,852,1846,0.461538,PNG,image/png,RGB,False,"{""x"": 0, ""y"": 0, ""w"": 852, ""h"": 1846}",2514937,6291168,0.0,,"[""NEAR-058""]",reference,reference_screen_battle__852x1846,0.95,[],YES,False,
184,8c7153dc6d86cc3b3063d4b6c9d0602ed36ed4f5,analysis/figma/raw/images/8c7153dc6d86cc3b3063d4b6c9d0602ed36ed4f5,f9199ea9a97a96c800489f8f9b4bc2766044b5f065017830bfe54c9f8246805e,e6e69c4db118c333,505,579,0.872193,PNG,image/png,RGBA,True,"{""x"": 0, ""y"": 0, ""w"": 505, ""h"": 579}",306962,1169580,0.0,,"[""NEAR-091""]",relic,relic_blue_crescent__505x579,0.95,"[""SCREEN-005""]",NO_VISIBLE_TEXT,False,
185,8ca3a7cb9b4642a086c622d22b58dd7c3024006a,analysis/figma/raw/images/8ca3a7cb9b4642a086c622d22b58dd7c3024006a,bfa0ae406ada05ed93b5bfb23af42c471093c298b39cc15a489a5a6c0c404382,d1bb4baa645c12ba,213,462,0.461039,PNG,image/png,RGBA,True,"{""x"": 0, ""y"": 0, ""w"": 213, ""h"": 462}",262234,393624,0.0,,"[""NEAR-071""]",reference,reference_screen_wheel__213x462,0.85,[],YES,False,
186,8cc86c4df778ca895066827e797cbc37b7e6ee8c,analysis/figma/raw/images/8cc86c4df778ca895066827e797cbc37b7e6ee8c,3cebe52f608117476557c7f58abef45ca45b6033a6cd2e36a379c8e401866b28,cb9b3c63370bc22c,245,322,0.76087,PNG,image/png,RGBA,True,"{""x"": 0, ""y"": 0, ""w"": 245, ""h"": 322}",151587,315560,0.0,,"[""NEAR-127""]",relic,relic_rabbit_mask__245x322,0.85,[],NO_VISIBLE_TEXT,False,
187,8da3d328eab24eef9e35927c9eadf0f95e706219,analysis/figma/raw/images/8da3d328eab24eef9e35927c9eadf0f95e706219,e42e47f11e949ac6e19f7903eedec919dcaf9b88e88966aaee52126603c3c289,ffd57fd100802a55,2680,420,6.380952,PNG,image/png,RGBA,True,"{""x"": 0, ""y"": 0, ""w"": 2680, ""h"": 420}",322365,4502400,0.0,,"[""NEAR-013""]",ui,ui_bar_cyan_fill__2680x420,0.95,"[""SCREEN-003""]",NO_VISIBLE_TEXT,False,
188,8eda2a1c335c6e7da64e69651e4729b17bfb7283,analysis/figma/raw/images/8eda2a1c335c6e7da64e69651e4729b17bfb7283,598c4d7bc8280446fda255b9e9eda3d479c834f5fa9c0734acdda7d19e71bfdd,b4d2b3352e4f8d88,610,541,1.127542,PNG,image/png,RGBA,True,"{""x"": 0, ""y"": 0, ""w"": 610, ""h"": 541}",445869,1320040,0.0,,"[""NEAR-062""]",equipment,equipment_lion_knight_chest__610x541,0.95,[],NO_VISIBLE_TEXT,False,
189,8fe532c9489c2b4f3e5f78a7e778a04b2e61cace,analysis/figma/raw/images/8fe532c9489c2b4f3e5f78a7e778a04b2e61cace,a30e81404c3dc97b2ee68f6c5fbd3b32eab1920b1a513ad314e6a01eb4193b05,a6d867f39801076f,561,739,0.759134,PNG,image/png,RGBA,True,"{""x"": 0, ""y"": 0, ""w"": 561, ""h"": 739}",310492,1658316,0.0,,"[""NEAR-049""]",equipment,equipment_elf_archer_bow__561x739,0.95,"[""SCREEN-004""]",NO_VISIBLE_TEXT,False,
190,8ff66404b1cca40c94b979481380dfddfacccc38,analysis/figma/raw/images/8ff66404b1cca40c94b979481380dfddfacccc38,122b33f8779e647d1c3c723bf9730f7d2395ae2f6c747532a2811e164cf4e12c,ad929b35a56c1a4b,312,313,0.996805,PNG,image/png,RGBA,True,"{""x"": 0, ""y"": 0, ""w"": 312, ""h"": 313}",95822,390624,0.0,,"[""NEAR-128""]",equipment,equipment_panda_monk_staff__312x313,0.85,[],NO_VISIBLE_TEXT,False,
191,904a4fff4b7a8b6f5a323e4933dd9a4b694cbb0f,analysis/figma/raw/images/904a4fff4b7a8b6f5a323e4933dd9a4b694cbb0f,b67f622ab2b47e54ed5e7d0ca2389d342a130a9b7c7314dcd43df8e4312efe35,cea6a84e85c93b78,511,435,1.174713,PNG,image/png,RGBA,True,"{""x"": 0, ""y"": 0, ""w"": 511, ""h"": 435}",259943,889140,0.0,,,equipment,equipment_turtle_warrior_ring_orb__511x435,0.95,[],NO_VISIBLE_TEXT,False,
192,90eefb1e52086c29646b1818471aac90bd76ee2d,analysis/figma/raw/images/90eefb1e52086c29646b1818471aac90bd76ee2d,3087dcd30815885e579da52808d56f66d8fc1f5f310675f80756b117dca2c99a,d996136ca3d63c83,1407,1332,1.056306,PNG,image/png,RGBA,True,"{""x"": 0, ""y"": 0, ""w"": 1407, ""h"": 1332}",1267084,7496496,0.0,,"[""NEAR-129""]",ui,ui_nav_crystal_relic__1407x1332,0.95,"[""SCREEN-003"", ""SCREEN-004"", ""SCREEN-005"", ""SCREEN-006"", ""SCREEN-007""]",NO_VISIBLE_TEXT,False,
193,9288f249db012598b4c876c6c9ef71abdf9cdce1,analysis/figma/raw/images/9288f249db012598b4c876c6c9ef71abdf9cdce1,45502ad6066897bee2b47e920cacc713ac882b966a3f625967c80c11926b472d,e2c9cd7214f480df,374,285,1.312281,PNG,image/png,RGBA,True,"{""x"": 0, ""y"": 0, ""w"": 374, ""h"": 285}",188558,426360,0.0,,"[""NEAR-130""]",ui,ui_nav_dungeon__374x285,0.85,[],NO_VISIBLE_TEXT,False,
194,92c7c1a40b6d91df365479d07454de0f4f0e1184,analysis/figma/raw/images/92c7c1a40b6d91df365479d07454de0f4f0e1184,83b8e3ce29db413e5f1d0bb6f2846f65255dc01a23262a3b17bc436fd31827d5,ae9a62a79f619c30,662,592,1.118243,PNG,image/png,RGBA,True,"{""x"": 0, ""y"": 0, ""w"": 662, ""h"": 592}",574107,1567616,0.0,,"[""NEAR-027""]",portrait,portrait_raccoon_engineer__662x592,0.95,[],NO_VISIBLE_TEXT,False,
195,92dfa3eff1e51dc9f73ac6181d1210bada7d7dbd,analysis/figma/raw/images/92dfa3eff1e51dc9f73ac6181d1210bada7d7dbd,df66df4e53fb8b8fb0c0503af68f59df160676f286a295398b7389324bbead08,ffa8e8aaeaa8e880,477,200,2.385,PNG,image/png,RGBA,True,"{""x"": 0, ""y"": 0, ""w"": 477, ""h"": 200}",152570,381600,0.0,,"[""NEAR-131""]",ui,ui_panel_gold_black_wide__477x200,0.85,[],NO_VISIBLE_TEXT,True,
196,9355b0ed05fd564e8f931254fc1b6f0eae0f1779,analysis/figma/raw/images/9355b0ed05fd564e8f931254fc1b6f0eae0f1779,4fc325ce905e04c957cd18f81106e21482119c349152c069019f9aafa1055f29,eb1abd3de0c090c7,455,424,1.073113,PNG,image/png,RGBA,True,"{""x"": 0, ""y"": 0, ""w"": 455, ""h"": 424}",253303,771680,0.0,,,equipment,equipment_bunny_assassin_ring_band__455x424,0.95,[],NO_VISIBLE_TEXT,False,
197,93fa637f8aa66f4a0334d8839745c3cd8e6d2ccc,analysis/figma/raw/images/93fa637f8aa66f4a0334d8839745c3cd8e6d2ccc,d9661cb52c28c39a69ccaad4324bcbe9770c8470c0f7b409ca6a5880d93b04b9,ec893353a57e9207,469,599,0.782972,PNG,image/png,RGBA,True,"{""x"": 0, ""y"": 0, ""w"": 469, ""h"": 599}",422284,1123724,0.0,,"[""NEAR-132""]",relic,relic_shadow_crystal__469x599,0.95,"[""SCREEN-005""]",NO_VISIBLE_TEXT,False,
198,94534c1dbc61e3e10d88c1a61483c905d127f04b,analysis/figma/raw/images/94534c1dbc61e3e10d88c1a61483c905d127f04b,040257bff29a6a29ee565b3fcb51a208ee75f9be24e54aa6d6c2ff636ed10d20,ded0b1076c2987d9,354,641,0.552262,PNG,image/png,RGBA,True,"{""x"": 0, ""y"": 0, ""w"": 354, ""h"": 641}",244650,907656,0.0,,"[""NEAR-133""]",relic,relic_blue_shard__354x641,0.95,"[""SCREEN-005""]",NO_VISIBLE_TEXT,False,
199,9583db82bed0574f7943f7d641276eff4034fe90,analysis/figma/raw/images/9583db82bed0574f7943f7d641276eff4034fe90,da8df43c5572611186ab3957767c3936e732c1831b00f41f1e7fb4c200581f5e,8cad7f151161f0dc,236,418,0.564593,PNG,image/png,RGBA,True,"{""x"": 0, ""y"": 0, ""w"": 236, ""h"": 418}",242630,394592,0.0,,"[""NEAR-074""]",background,background_forest_glade__236x418,0.85,[],NO_VISIBLE_TEXT,False,
200,95c9e69dbe78bebf4a17a84b83fc1119bd4150e7,analysis/figma/raw/images/95c9e69dbe78bebf4a17a84b83fc1119bd4150e7,d8de15452c0fa46c8a37ad473e8e7dc1968ae684866a84e22756540c11e715e4,9bc4741bc3a47a1b,377,165,2.284848,PNG,image/png,RGBA,True,"{""x"": 0, ""y"": 0, ""w"": 377, ""h"": 165}",119942,248820,0.0,,"[""NEAR-044""]",background,background_grass_platform__377x165,0.85,[],NO_VISIBLE_TEXT,False,
201,964d9a820c68f3814c91fca0868c79cefcdc8740,analysis/figma/raw/images/964d9a820c68f3814c91fca0868c79cefcdc8740,0dd9c17dd77e57ed0edc0ed636173c7a2c5221b6936c1cbcd16be5584773e280,9791c0777f6a3320,246,314,0.783439,PNG,image/png,RGBA,True,"{""x"": 0, ""y"": 0, ""w"": 246, ""h"": 314}",136576,308976,0.0,,"[""NEAR-134""]",equipment,equipment_lion_knight_helmet__246x314,0.85,[],NO_VISIBLE_TEXT,False,
202,96e07357096f272b667928f793af8dd40f65ff27,analysis/figma/raw/images/96e07357096f272b667928f793af8dd40f65ff27,d74b6d402b1d3a46230e811b83a5d5b0701954594f5acd5f4fe2a2eff661251f,ded0b1076c2987d9,177,321,0.551402,PNG,image/png,RGBA,True,"{""x"": 1, ""y"": 0, ""w"": 176, ""h"": 321}",84352,227268,0.0056,,"[""NEAR-133""]",relic,relic_blue_shard__177x321,0.85,[],NO_VISIBLE_TEXT,False,
203,97223130f8475c1ed982680308fdc5bdf68c8b8c,analysis/figma/raw/images/97223130f8475c1ed982680308fdc5bdf68c8b8c,98380547a7830f1f64d073add475cd22a4f7c8a6090a8e6c58928e87d0b05567,d4bc28ba6acc9a3a,852,1846,0.461538,PNG,image/png,RGB,False,"{""x"": 0, ""y"": 0, ""w"": 852, ""h"": 1846}",2581045,6291168,0.0,,"[""NEAR-116""]",reference,reference_screen_start__852x1846,0.95,[],YES,False,
204,972aeff153e8e30977db2daeb9ce123062a01c6b,analysis/figma/raw/images/972aeff153e8e30977db2daeb9ce123062a01c6b,638547851abb940177f091c48cdc9ba11c323dd4477e8ffc5673de6949a02534,b9d3c66699596134,428,457,0.936543,PNG,image/png,RGBA,True,"{""x"": 0, ""y"": 0, ""w"": 428, ""h"": 457}",223668,782384,0.0,,"[""NEAR-135""]",hero,hero_bunny_assassin__428x457,0.85,[],NO_VISIBLE_TEXT,False,
205,972e039866c2fe5ba80ce49832458f07ed7bfb14,analysis/figma/raw/images/972e039866c2fe5ba80ce49832458f07ed7bfb14,468f28589671214333247e67c7ee9561c8c08e606dcad74aca4ef4cd02c1a0a2,ec893353a57e9207,235,300,0.783333,PNG,image/png,RGBA,True,"{""x"": 0, ""y"": 0, ""w"": 235, ""h"": 300}",135437,282000,0.0,,"[""NEAR-132""]",relic,relic_shadow_crystal__235x300,0.85,[],NO_VISIBLE_TEXT,False,
206,9887c23fae59d8e27878791c157c9f3a050e62b0,analysis/figma/raw/images/9887c23fae59d8e27878791c157c9f3a050e62b0,12b71755e44073179e9ce43ff6c826f1acf7944a17eb736712d270cc7d22c9e1,cee33134c632f04f,537,568,0.945423,PNG,image/png,RGBA,True,"{""x"": 0, ""y"": 0, ""w"": 537, ""h"": 568}",361634,1220064,0.0,,"[""NEAR-048""]",equipment,equipment_panda_monk_pants__537x568,0.95,[],NO_VISIBLE_TEXT,False,
207,993edd1c8a640a43e0fb87cc37079f5765605e95,analysis/figma/raw/images/993edd1c8a640a43e0fb87cc37079f5765605e95,e2b047509863564d6dd636354433d20a55b861eeb91a9ed330a81186d44dfd83,87c7368e2db36432,2172,724,3.0,PNG,image/png,RGB,False,"{""x"": 0, ""y"": 0, ""w"": 2172, ""h"": 724}",2325191,6290112,0.0,,"[""NEAR-136""]",background,background_dungeon_gargoyle_strip__2172x724,0.95,[],NO_VISIBLE_TEXT,False,
208,9ac723b1f182093d5f39012ef3f94c689e9e7978,analysis/figma/raw/images/9ac723b1f182093d5f39012ef3f94c689e9e7978,90a71b39e36341da11896ac6684f75e79842c3685d6ddad1b5a7681d6eee32b2,aec2b1334b85d347,334,250,1.336,PNG,image/png,RGBA,True,"{""x"": 0, ""y"": 0, ""w"": 334, ""h"": 250}",181746,334000,0.0,,"[""NEAR-092""]",equipment,equipment_raccoon_engineer_chest_machine__334x250,0.85,[],NO_VISIBLE_TEXT,False,
209,9b0cf33621b6360ebfb1823457ec9af3caa04003,analysis/figma/raw/images/9b0cf33621b6360ebfb1823457ec9af3caa04003,2cfbc998dca9d1cc05a00b1f4bdba221c8fe583bfb896872903c4f1f6c3f9898,9744882a7f7f5581,184,379,0.485488,JPEG,image/jpeg,RGB,False,"{""x"": 0, ""y"": 0, ""w"": 184, ""h"": 379}",99154,278944,0.0,,"[""NEAR-137""]",reference,reference_gradient_wallpaper__184x379,0.85,[],NO_VISIBLE_TEXT,False,
210,9b939242dd505c0f5e83127ef26368c906d5b6ef,analysis/figma/raw/images/9b939242dd505c0f5e83127ef26368c906d5b6ef,a6507fa05f567e30990e93cfd2a882eb469bb1bb429fcac35a5fce6dcab76aab,bcc38b69371e19c2,562,646,0.869969,PNG,image/png,RGBA,True,"{""x"": 0, ""y"": 0, ""w"": 562, ""h"": 646}",378647,1452208,0.0,,"[""NEAR-102""]",equipment,equipment_turtle_warrior_hammer__562x646,0.95,[],NO_VISIBLE_TEXT,False,
211,9cd4bf1eb5c27b97be2cbf505269c248cc1f0e22,analysis/figma/raw/images/9cd4bf1eb5c27b97be2cbf505269c248cc1f0e22,5e60fd3a61fd3f6448be2db7f6e819876b620a74471ee908032c9d189bd01c63,c4cc1c699976a6c7,242,273,0.886447,PNG,image/png,RGBA,True,"{""x"": 0, ""y"": 0, ""w"": 242, ""h"": 273}",105979,264264,0.0,,"[""NEAR-067""]",equipment,equipment_ice_fairy_ring_snowflake__242x273,0.85,[],NO_VISIBLE_TEXT,False,
212,9d5f5141fd61d21842fe70ddb0c792239ccc64b7,analysis/figma/raw/images/9d5f5141fd61d21842fe70ddb0c792239ccc64b7,9bbd36837d37d7a9a2bd95fba730830da982bf651fdd897090af47556855c80c,c9e0aa07cd1b36ce,497,460,1.080435,PNG,image/png,RGBA,True,"{""x"": 0, ""y"": 0, ""w"": 497, ""h"": 460}",314064,914480,0.0,,,equipment,equipment_raccoon_engineer_ring_gem__497x460,0.95,[],NO_VISIBLE_TEXT,False,
213,9d8b7302f90725a0d24c86b0988b2ac3b8459fa5,analysis/figma/raw/images/9d8b7302f90725a0d24c86b0988b2ac3b8459fa5,f68e6b52f10d37e8acb7b7a94eba0a5af1818e17a80951f170a33f507051fd49,eed2b20b946dcc34,483,547,0.882998,PNG,image/png,RGBA,True,"{""x"": 0, ""y"": 0, ""w"": 483, ""h"": 547}",377529,1056804,0.0,,"[""NEAR-100""]",relic,relic_green_disc__483x547,0.95,"[""SCREEN-005""]",NO_VISIBLE_TEXT,False,
214,9dede4c77553cb20489fce8bf0e8e3d7b3525e2c,analysis/figma/raw/images/9dede4c77553cb20489fce8bf0e8e3d7b3525e2c,fd8d59b382f3b3c3f933f17b7a7dd18fb7b536d12eb2142d33ff72125be4179d,ab929694d18f8e71,2172,724,3.0,PNG,image/png,RGB,False,"{""x"": 0, ""y"": 0, ""w"": 2172, ""h"": 724}",1614341,6290112,0.0,,"[""NEAR-103""]",branding,branding_welcome_text__2172x724_variant2,0.95,"[""SCREEN-001""]",YES,False,
215,9ebda7e54059edd527fc1bfc703f79dad100f93e,analysis/figma/raw/images/9ebda7e54059edd527fc1bfc703f79dad100f93e,9553922b344bb1e1fec72bb3ee2d4b02119b7ccc139802785432780b4e04e391,efc4b043f92fc221,471,629,0.748808,PNG,image/png,RGBA,True,"{""x"": 0, ""y"": 0, ""w"": 471, ""h"": 629}",430770,1185036,0.0,,"[""NEAR-138""]",relic,relic_frost_dragon_head__471x629,0.95,"[""SCREEN-005""]",NO_VISIBLE_TEXT,False,
216,9f215f72f221b6819ef74209b82cb5c1c8e15a41,analysis/figma/raw/images/9f215f72f221b6819ef74209b82cb5c1c8e15a41,2fe40c38cd7f176d17436a694a5d8b215ccf64fcd87b63f8f0c613cdb1766f6f,c1bc26643e8b3e63,272,91,2.989011,PNG,image/png,RGBA,True,"{""x"": 0, ""y"": 0, ""w"": 272, ""h"": 91}",66399,99008,0.0,,"[""NEAR-139""]",background,background_dungeon_crocodile_strip__272x91,0.85,[],NO_VISIBLE_TEXT,False,
217,9fe0e969554eedc1f254711edba06ac797a392a2,analysis/figma/raw/images/9fe0e969554eedc1f254711edba06ac797a392a2,1d0e6293a99e923529b0431244a254b6c01eae3eb3d287ec896549be262d06c2,bcc3491b97c4532b,444,460,0.965217,PNG,image/png,RGBA,True,"{""x"": 0, ""y"": 0, ""w"": 444, ""h"": 460}",360553,816960,0.0,,"[""NEAR-051""]",ui,ui_wheel_reward_illustration__444x460,0.85,[],NO_VISIBLE_TEXT,False,
218,a04bf9621c7f811d0151555310b2d579ced170f5,analysis/figma/raw/images/a04bf9621c7f811d0151555310b2d579ced170f5,35ce6fbac7568880d998af2b41d5f409a4fe2ef013c26fd9e591b1fb1f8b4021,ffd4aad0aad0a8c1,395,395,1.0,PNG,image/png,RGBA,True,"{""x"": 0, ""y"": 0, ""w"": 395, ""h"": 395}",206954,624100,0.0,,"[""NEAR-012""]",ui,ui_button_red_square__395x395,0.85,[],NO_VISIBLE_TEXT,True,
219,a0db91f0ccb8af63ed5624c6dbb0308322fa761c,analysis/figma/raw/images/a0db91f0ccb8af63ed5624c6dbb0308322fa761c,1cb0b8528546ae1efae6207a6380cfcc37503fa9434806de621928d5b635e943,9791c0777f6a3320,491,628,0.781847,PNG,image/png,RGBA,True,"{""x"": 0, ""y"": 0, ""w"": 491, ""h"": 628}",379683,1233392,0.0,,"[""NEAR-134""]",equipment,equipment_lion_knight_helmet__491x628,0.95,[],NO_VISIBLE_TEXT,False,
220,a0fda84647f252f9edff32fb5c67d0032b846319,analysis/figma/raw/images/a0fda84647f252f9edff32fb5c67d0032b846319,3423c6d056774059983d6e751177da0ad0199cbeb36866dbe325bd5c84d61ceb,94eb68b86bd03e92,213,462,0.461039,PNG,image/png,RGBA,True,"{""x"": 0, ""y"": 0, ""w"": 213, ""h"": 462}",276276,393624,0.0,,"[""NEAR-052""]",reference,reference_screen_equipment__213x462,0.85,[],YES,False,
221,a192ae07b93e6226feab1e230c9e924ca1f06cd0,analysis/figma/raw/images/a192ae07b93e6226feab1e230c9e924ca1f06cd0,261569fd2871fc203b4a61b14c47885faf701085888519ca0ebf938c74d3e8a6,b9d4cd61323ca65a,427,444,0.961712,PNG,image/png,RGBA,True,"{""x"": 0, ""y"": 0, ""w"": 427, ""h"": 444}",259943,758352,0.0,,"[""NEAR-140""]",hero,hero_panda_monk__427x444,0.85,[],NO_VISIBLE_TEXT,False,
222,a1f74786b99af092f75c99c17ed49d98da9b6d7e,analysis/figma/raw/images/a1f74786b99af092f75c99c17ed49d98da9b6d7e,f312dde3683ec7ab1ce9def13088acc093bba17f6ab2760ba0f2ef01eeb67318,ffd594809485d4d5,3876,605,6.406612,PNG,image/png,RGBA,True,"{""x"": 0, ""y"": 0, ""w"": 3876, ""h"": 605}",1549193,9379920,0.0,,"[""NEAR-124""]",ui,ui_banner_stage_blue__3876x605,0.95,"[""SCREEN-006""]",NO_VISIBLE_TEXT,False,
223,a356d3d3524680b6cb33a00680be441e7b89ef9b,analysis/figma/raw/images/a356d3d3524680b6cb33a00680be441e7b89ef9b,f301b6aa75022e277ba8c3c60b35898de650c949b061c7266481edb22702c451,dac82f0f78b4cc07,226,272,0.830882,PNG,image/png,RGBA,True,"{""x"": 0, ""y"": 0, ""w"": 226, ""h"": 272}",102004,245888,0.0,,"[""NEAR-022""]",equipment,equipment_fox_sorcerer_ring__226x272,0.85,[],NO_VISIBLE_TEXT,False,
224,a38f01991256368e852469e9bb54e5105d0707a9,analysis/figma/raw/images/a38f01991256368e852469e9bb54e5105d0707a9,ff94cd486f51ec02d99911341d145c24d7edceb40acc48b3c1a601fb7897c980,e8869277cbca9833,1895,1429,1.326102,PNG,image/png,RGBA,True,"{""x"": 0, ""y"": 0, ""w"": 1895, ""h"": 1429}",2284755,10831820,0.0,,"[""NEAR-014""]",enemy,enemy_swamp_crocodile__1895x1429,0.95,[],NO_VISIBLE_TEXT,False,
225,a51232156df7dca8f5390a744ae6b992e5886be9,analysis/figma/raw/images/a51232156df7dca8f5390a744ae6b992e5886be9,40679d9916de66ae0ea80bb64ba4ed49dcce918843df15e566d94d3936e918a1,ee6a8931b234c4cf,261,262,0.996183,PNG,image/png,RGBA,True,"{""x"": 0, ""y"": 0, ""w"": 261, ""h"": 262}",114113,273528,0.0,,"[""NEAR-115""]",equipment,equipment_inferno_dragon_robe__261x262,0.85,[],NO_VISIBLE_TEXT,False,
226,a61c6732dfa030bd0337ac9a2d5644d8d89ee6dc,analysis/figma/raw/images/a61c6732dfa030bd0337ac9a2d5644d8d89ee6dc,0cb3346bd47d219125c0dd1275a9a420892cf4c66cf0508dc865a7862aa8126c,cc64ce139b1974d9,499,469,1.063966,PNG,image/png,RGBA,True,"{""x"": 0, ""y"": 0, ""w"": 499, ""h"": 469}",300807,936124,0.0,,,equipment,equipment_owl_mage_ring_orb__499x469,0.95,[],NO_VISIBLE_TEXT,False,
227,a626da99d963c34d6e8dfe41dd94a38f42ea2bc0,analysis/figma/raw/images/a626da99d963c34d6e8dfe41dd94a38f42ea2bc0,4cdf6430a40cbb765473e1f5d53a7326ae28dbbc131faf130682a445382bc5d6,cb9cb4663bc32266,224,318,0.704403,PNG,image/png,RGBA,True,"{""x"": 0, ""y"": 0, ""w"": 224, ""h"": 318}",129902,284928,0.0,,"[""NEAR-033""]",relic,relic_fire_crystal__224x318,0.85,[],NO_VISIBLE_TEXT,False,
228,a659f48c34ea336dd6824d192f1b8a06c7f158cb,analysis/figma/raw/images/a659f48c34ea336dd6824d192f1b8a06c7f158cb,5984dd98a0492c67b9b43cd560659b436a6638b9c2e3508e6089382a57f870bd,b7e08d98b226e98d,314,392,0.80102,PNG,image/png,RGBA,True,"{""x"": 0, ""y"": 0, ""w"": 314, ""h"": 392}",83125,492352,0.0,,"[""NEAR-066""]",equipment,equipment_inferno_dragon_spear__314x392,0.85,[],NO_VISIBLE_TEXT,False,
229,a700463306d06b0a5ebe99e8fd7732effdf23e1a,analysis/figma/raw/images/a700463306d06b0a5ebe99e8fd7732effdf23e1a,f6e716a25f79948c9e8172ae1d8e2bbbd7dd92d4f4aa222ec13617c0a66d7dd4,eec6801bd2f19965,362,272,1.330882,PNG,image/png,RGBA,True,"{""x"": 0, ""y"": 0, ""w"": 362, ""h"": 272}",200492,393856,0.0,,"[""NEAR-019""]",branding,branding_logo__362x272_variant2,0.85,[],YES,False,
230,a7c0d5934d543c424ba34af5454291998cd42fb1,analysis/figma/raw/images/a7c0d5934d543c424ba34af5454291998cd42fb1,b268029c7825d015c114c6ead638b02079cc1d7ebc4ca5c100c0d82de314bd95,caf46a37b3491c1c,243,375,0.648,PNG,image/png,RGBA,True,"{""x"": 0, ""y"": 0, ""w"": 243, ""h"": 375}",92673,364500,0.0,,"[""NEAR-141""]",equipment,equipment_lion_knight_sword__243x375,0.85,[],NO_VISIBLE_TEXT,False,
231,a84946304b6fa220e60816032915bcf106cca10f,analysis/figma/raw/images/a84946304b6fa220e60816032915bcf106cca10f,b6bf6522834ca3197497149f45f9397d21fae2b1e80fbaeb5bcc70ca6844c4d2,d8e92e4a6bb053e4,660,590,1.118644,PNG,image/png,RGBA,True,"{""x"": 0, ""y"": 0, ""w"": 660, ""h"": 590}",612494,1557600,0.0,,"[""NEAR-142""]",portrait,portrait_ice_fairy__660x590,0.95,"[""SCREEN-004""]",NO_VISIBLE_TEXT,False,
232,aad6bcff54dc8785395e8211f76f92d08719e05b,analysis/figma/raw/images/aad6bcff54dc8785395e8211f76f92d08719e05b,bb244b9c3d02a71bd76b62238957e20ec7768b89a9ba8ae5217d35af685acbf6,d1f6842b1ef80de4,418,236,1.771186,PNG,image/png,RGBA,True,"{""x"": 0, ""y"": 0, ""w"": 418, ""h"": 236}",294487,394592,0.0,,"[""NEAR-080""]",branding,branding_banner__418x236,0.85,[],YES,False,
233,aaf5520732eaab6b4c39eab5eb81000a747b5e92,analysis/figma/raw/images/aaf5520732eaab6b4c39eab5eb81000a747b5e92,6dcb01f1a328854ff9022e006d34e1f0b8e094968c21c9465d0d32d7855be975,ea94c97ab3cd4419,350,294,1.190476,PNG,image/png,RGBA,True,"{""x"": 0, ""y"": 0, ""w"": 350, ""h"": 294}",113243,411600,0.0,,"[""NEAR-143""]",equipment,equipment_bunny_assassin_crescent_axes__350x294,0.85,[],NO_VISIBLE_TEXT,False,
234,ad1a7ca03365f40fe383d93f8dae66bd92bf2935,analysis/figma/raw/images/ad1a7ca03365f40fe383d93f8dae66bd92bf2935,06571d0c9631c9f378a2d9a32047f2ad80194a306f69128cd44ed774d3a25d46,d5973ed43ad41a90,318,170,1.870588,PNG,image/png,RGBA,True,"{""x"": 0, ""y"": 0, ""w"": 318, ""h"": 170}",51953,216240,0.0,,"[""NEAR-118""]",ui,ui_button_orange__318x170,0.85,[],NO_VISIBLE_TEXT,True,
235,ae3fad983d1da3a5633348e3f3da0d24d85e4640,analysis/figma/raw/images/ae3fad983d1da3a5633348e3f3da0d24d85e4640,249e50b473a57a60823a0d0904f5cdd578210f9b26fd26fe9bd90f1fcc921cec,eec8b131262fc2d6,619,555,1.115315,PNG,image/png,RGBA,True,"{""x"": 0, ""y"": 0, ""w"": 619, ""h"": 555}",426943,1374180,0.0,,"[""NEAR-144""]",equipment,equipment_panda_monk_chest__619x555,0.95,[],NO_VISIBLE_TEXT,False,
236,af53d16704846b72a83658d911681ade819709cc,analysis/figma/raw/images/af53d16704846b72a83658d911681ade819709cc,49e5635f7dd1c321ddd25491b61931e373167e566b8f457f011973e9e48f90e1,e4c41e39c9d79833,1902,1550,1.227097,PNG,image/png,RGBA,True,"{""x"": 0, ""y"": 0, ""w"": 1902, ""h"": 1550}",2209536,11792400,0.0,,"[""NEAR-097""]",ui,ui_nav_heroes_helmet__1902x1550,0.95,"[""SCREEN-003"", ""SCREEN-004"", ""SCREEN-005"", ""SCREEN-006"", ""SCREEN-007""]",NO_VISIBLE_TEXT,False,
237,b15c2e9daa94bf85f0aa6d2aaaae908e6b6d08b6,analysis/figma/raw/images/b15c2e9daa94bf85f0aa6d2aaaae908e6b6d08b6,789cd6730a51e652cdd6be69c8945e90064a4cd49b97b1a8538234e4a30e0c7f,fa668938653df052,522,580,0.9,PNG,image/png,RGBA,True,"{""x"": 0, ""y"": 0, ""w"": 522, ""h"": 580}",392879,1211040,0.0,,"[""NEAR-009""]",equipment,equipment_bunny_assassin_pants__522x580,0.95,[],NO_VISIBLE_TEXT,False,
238,b189751a75be3e3dfa86c100def27e27de3224b8,analysis/figma/raw/images/b189751a75be3e3dfa86c100def27e27de3224b8,dec077664924569c976bc66ace90cd40dfb7e81cb062fc041b34fe69e51f22d0,ba86a6e9d960b958,662,590,1.122034,PNG,image/png,RGBA,True,"{""x"": 0, ""y"": 0, ""w"": 662, ""h"": 590}",594725,1562320,0.0,,"[""NEAR-145""]",portrait,portrait_bunny_assassin__662x590,0.95,"[""SCREEN-004""]",NO_VISIBLE_TEXT,False,
239,b1b56615c66dd10cc8bf457700c9e699ba06f3fb,analysis/figma/raw/images/b1b56615c66dd10cc8bf457700c9e699ba06f3fb,abbd1cb924c2530f2aea43bd42350159835cd080846d5d572d2bbed9a8f9cf5c,bb0fa1c994e09bb4,621,590,1.052542,PNG,image/png,RGBA,True,"{""x"": 0, ""y"": 0, ""w"": 621, ""h"": 590}",517944,1465560,0.0,,"[""NEAR-112""]",portrait,portrait_inferno_dragon__621x590,0.95,[],NO_VISIBLE_TEXT,False,
240,b2283bb24e654f4b176d187df3638df2e322db20,analysis/figma/raw/images/b2283bb24e654f4b176d187df3638df2e322db20,e6142cef21b9d73308106be6ba7acd8f42079d476b502321a177eb6fcf700059,ea94c97ab3cd4419,699,588,1.188776,PNG,image/png,RGBA,True,"{""x"": 0, ""y"": 0, ""w"": 699, ""h"": 588}",359019,1644048,0.0,,"[""NEAR-143""]",equipment,equipment_bunny_assassin_crescent_axes__699x588,0.95,[],NO_VISIBLE_TEXT,False,
241,b2a8de085ef159db19dbcdfde64f4cf2c34e0f83,analysis/figma/raw/images/b2a8de085ef159db19dbcdfde64f4cf2c34e0f83,84e4ba9a9cd97cb57c74f06fb68ae8b745c8920054eeadc2d95a0fff2530266c,f4f597c3c88f084c,296,362,0.81768,PNG,image/png,RGBA,True,"{""x"": 0, ""y"": 0, ""w"": 296, ""h"": 362}",121167,428608,0.0,,,ui,ui_icon_shield__296x362,0.95,[],NO_VISIBLE_TEXT,False,
242,b2b7bbe04d95ecd660eb40a679b4c15430eb5baa,analysis/figma/raw/images/b2b7bbe04d95ecd660eb40a679b4c15430eb5baa,bff2ff784d9f63ea94bc2f591923a51daecdb6147d316c284b0a4636bacc1797,ba86a6e9d960b958,331,295,1.122034,PNG,image/png,RGBA,True,"{""x"": 0, ""y"": 0, ""w"": 331, ""h"": 295}",231608,390580,0.0,,"[""NEAR-145""]",portrait,portrait_bunny_assassin__331x295,0.85,[],NO_VISIBLE_TEXT,False,
243,b35dc8c846480c0a60816360c9b124e065b8284a,analysis/figma/raw/images/b35dc8c846480c0a60816360c9b124e065b8284a,ec9e081a48cf10a8773bcde6a5d3a111b710f3d8f43cc67c89ddf7e33df3b703,bec88d236b72270e,474,528,0.897727,PNG,image/png,RGBA,True,"{""x"": 0, ""y"": 0, ""w"": 474, ""h"": 528}",320030,1001088,0.0,,"[""NEAR-146""]",relic,relic_gold_hammer__474x528,0.95,"[""SCREEN-005""]",NO_VISIBLE_TEXT,False,
244,b4005f1aa7994a120176ed0c22354d7bdbad2131,analysis/figma/raw/images/b4005f1aa7994a120176ed0c22354d7bdbad2131,16dd368f0784fcd8000f08bc001998e8e043123123487605f5a9eafafc6916fc,dc93da6d3148a725,1616,1788,0.903803,PNG,image/png,RGBA,True,"{""x"": 0, ""y"": 0, ""w"": 1616, ""h"": 1788}",2416452,11557632,0.0,,"[""NEAR-126""]",hero,hero_lion_knight__1616x1788,0.95,"[""SCREEN-003"", ""SCREEN-007""]",NO_VISIBLE_TEXT,False,
245,b4dd10219a850c45ff56e984075fe2890c5fe7e2,analysis/figma/raw/images/b4dd10219a850c45ff56e984075fe2890c5fe7e2,fa36255ad582bae23b73786a0122e41ebf8e9fe9c74294f1654ca6a2b69876f5,dee5c085bd9e4618,485,481,1.008316,PNG,image/png,RGBA,True,"{""x"": 0, ""y"": 0, ""w"": 485, ""h"": 481}",202216,933140,0.0,,"[""NEAR-079""]",ui,ui_wheel_outer_ring__485x481,0.85,[],NO_VISIBLE_TEXT,False,
246,b6080ed60ce0cffede7c4e16262909d2cf4cf677,analysis/figma/raw/images/b6080ed60ce0cffede7c4e16262909d2cf4cf677,17afa3e79746463def1caaac87b05e8c9d630ba4261092a65cc0423cc2aa64c8,c4841d7333ee3b34,504,376,1.340426,PNG,image/png,RGBA,True,"{""x"": 0, ""y"": 0, ""w"": 504, ""h"": 376}",232306,758016,0.0,,,ui,ui_emblem_gold_gem__504x376,0.95,[],NO_VISIBLE_TEXT,False,
247,b6843d342c36233c46c287371205642516d4824e,analysis/figma/raw/images/b6843d342c36233c46c287371205642516d4824e,e06ac3ab5089d40a6fb5368d79c6742c77dc58df504753279a40886a91e8b77f,87e660a03b4b3f35,941,1672,0.562799,PNG,image/png,RGB,False,"{""x"": 0, ""y"": 0, ""w"": 941, ""h"": 1672}",2148943,6293408,0.0,,"[""NEAR-055""]",background,background_castle_platform__941x1672,0.95,"[""SCREEN-004""]",NO_VISIBLE_TEXT,False,
248,b70c9b90c05886930140ce22312dfb67a5748d11,analysis/figma/raw/images/b70c9b90c05886930140ce22312dfb67a5748d11,11fba0c719c29b6797d61aa95dba493c56cd73536b0d40c5df215390bdb09f55,ffaeaac2eac0aa80,394,399,0.987469,PNG,image/png,RGBA,True,"{""x"": 0, ""y"": 0, ""w"": 394, ""h"": 399}",200978,628824,0.0,,"[""NEAR-036"", ""NEAR-069"", ""NEAR-099""]",ui,ui_panel_dark_square__394x399,0.85,[],NO_VISIBLE_TEXT,True,
249,b7506e7f0f1c8e3a1f00d75f6ab13123fdcb0066,analysis/figma/raw/images/b7506e7f0f1c8e3a1f00d75f6ab13123fdcb0066,ce392458381bcb47eb0222e390e146d5f79d27db073276d0a71c634073fa5e3d,e9ecce90b09c8e8e,371,331,1.120846,PNG,image/png,RGBA,True,"{""x"": 0, ""y"": 0, ""w"": 371, ""h"": 331}",165776,491204,0.0,,"[""NEAR-089""]",ui,ui_icon_blue_triangle__371x331,0.85,[],NO_VISIBLE_TEXT,False,
250,b7871533ccf92b11eb63cc67f7daca1ff14283c6,analysis/figma/raw/images/b7871533ccf92b11eb63cc67f7daca1ff14283c6,3acc70845a2056e0bd60299afd0fe2f885aa8a119a04ca3c3cc21e081546451e,bec3b0cc9db24859,519,688,0.75436,PNG,image/png,RGBA,True,"{""x"": 0, ""y"": 0, ""w"": 519, ""h"": 688}",397827,1428288,0.0,,"[""NEAR-147""]",equipment,equipment_elf_archer_quiver__519x688,0.95,"[""SCREEN-004""]",NO_VISIBLE_TEXT,False,
251,b7d79aea43cb644cba83ab14923ec3deba9efa51,analysis/figma/raw/images/b7d79aea43cb644cba83ab14923ec3deba9efa51,43f57af8c76b8db945eb4493b5d941aa86f2f69eba999b6baa410451164d178b,b9d4cd61323ca65a,1705,1775,0.960563,PNG,image/png,RGBA,True,"{""x"": 0, ""y"": 0, ""w"": 1705, ""h"": 1775}",2381145,12105500,0.0,,"[""NEAR-140""]",hero,hero_panda_monk__1705x1775,0.95,"[""SCREEN-003""]",NO_VISIBLE_TEXT,False,
252,b7ee52e2ee43b5a41d6ba1b65fd2e1679a76826e,analysis/figma/raw/images/b7ee52e2ee43b5a41d6ba1b65fd2e1679a76826e,1bf7a67f5307f70247412ef441257fba214ccec47559ea931bca80b98afaba2b,95c56a1991c6ecb9,2172,724,3.0,PNG,image/png,RGB,False,"{""x"": 0, ""y"": 0, ""w"": 2172, ""h"": 724}",2204605,6290112,0.0,,"[""NEAR-148""]",background,background_dungeon_lizard_strip__2172x724,0.95,[],NO_VISIBLE_TEXT,False,
253,b7eec5627e7a722297c85e3c6da74d7b76f997f0,analysis/figma/raw/images/b7eec5627e7a722297c85e3c6da74d7b76f997f0,faad992bdcfe518e0ffd68cc2f154f8e38dd967ac628bd59ac7d489d6362a12d,d0d3d2952b8e2d69,272,91,2.989011,PNG,image/png,RGBA,True,"{""x"": 27, ""y"": 2, ""w"": 210, ""h"": 89}",48126,99008,0.2449,,"[""NEAR-117""]",branding,branding_welcome_text__272x91_variant2,0.85,[],YES,False,
254,b856d3f6a2b90f86fa9c4e72f33c0fce961889c7,analysis/figma/raw/images/b856d3f6a2b90f86fa9c4e72f33c0fce961889c7,9b639aedca278894f415cf7d33eb7639403d3ebb956132023e2c58885f7bb565,fb429134a64fcdb0,305,298,1.02349,PNG,image/png,RGBA,True,"{""x"": 0, ""y"": 0, ""w"": 305, ""h"": 298}",155915,363560,0.0,,"[""NEAR-077""]",equipment,equipment_inferno_dragon_chest__305x298,0.85,[],NO_VISIBLE_TEXT,False,
255,b885c32ce7bfdf7da8e8d7a54556852baf038873,analysis/figma/raw/images/b885c32ce7bfdf7da8e8d7a54556852baf038873,a0d8d29483d65bcabc214c8a9ba6fd8fe449e20c2e03af07cefd7aee96f08271,ecc8b3368d876869,269,301,0.893688,PNG,image/png,RGBA,True,"{""x"": 0, ""y"": 0, ""w"": 269, ""h"": 301}",132998,323876,0.0,,"[""NEAR-004""]",relic,relic_compass_gold__269x301,0.85,[],NO_VISIBLE_TEXT,False,
256,bb40f34e86cb54fe88277b803971ec231672aef2,analysis/figma/raw/images/bb40f34e86cb54fe88277b803971ec231672aef2,af88cbd2afc8e9cc179d527c2ff18ade3c0189f453cd1fb8dd661f1ecf578089,cfb5a41a63ce3093,268,258,1.03876,PNG,image/png,RGBA,True,"{""x"": 0, ""y"": 0, ""w"": 268, ""h"": 258}",107951,276576,0.0,,"[""NEAR-050""]",equipment,equipment_elf_archer_ring__268x258,0.85,[],NO_VISIBLE_TEXT,False,
257,bb8cf73327286cf7387a10f2ef945c457968067a,analysis/figma/raw/images/bb8cf73327286cf7387a10f2ef945c457968067a,6aa7094c8e02ae282171d949d48a8ca8563efbb5bac4f69fa940d01af5ee7652,c6d49531c36e24dd,237,333,0.711712,PNG,image/png,RGBA,True,"{""x"": 0, ""y"": 0, ""w"": 237, ""h"": 333}",119484,315684,0.0,,"[""NEAR-149""]",relic,relic_blue_feather__237x333,0.85,[],NO_VISIBLE_TEXT,False,
258,bba70ea31d80ee161052eee9611b4a4f11863ee9,analysis/figma/raw/images/bba70ea31d80ee161052eee9611b4a4f11863ee9,365134db3518fd26b09b0b6a397be2fe99581737ed342dc5d050c9ef1eb59dd4,d38c3dd3c70a4ad1,442,374,1.181818,PNG,image/png,RGBA,True,"{""x"": 0, ""y"": 0, ""w"": 442, ""h"": 374}",212139,661232,0.0,,,equipment,equipment_panda_monk_ring__442x374,0.95,[],NO_VISIBLE_TEXT,False,
259,bbeec6374442143a2907d3223f185595cecb3f65,analysis/figma/raw/images/bbeec6374442143a2907d3223f185595cecb3f65,9d11da602146199b9bd22760863556055be5762f88402526c93ef42dfa15e224,fae0c43d86d5831b,314,314,1.0,PNG,image/png,RGBA,True,"{""x"": 0, ""y"": 0, ""w"": 314, ""h"": 314}",216598,394384,0.0,,"[""NEAR-011""]",reward,reward_gold_chest__314x314,0.85,[],NO_VISIBLE_TEXT,False,
260,be919953e9369e0760e17392af8208f311c8d51d,analysis/figma/raw/images/be919953e9369e0760e17392af8208f311c8d51d,f4a011a953e9d21b58200c7f8ffdf23b81dcfbcf8f022b77baa7ae5337329237,eb86a074ddc69c31,1862,1681,1.107674,PNG,image/png,RGBA,True,"{""x"": 0, ""y"": 0, ""w"": 1862, ""h"": 1681}",2847299,12520088,0.0,,"[""NEAR-150""]",enemy,enemy_ironhide_boar__1862x1681,0.95,"[""SCREEN-003""]",NO_VISIBLE_TEXT,False,
261,beff88aa48a1e86f0b673d200d39b1c0b5e5884a,analysis/figma/raw/images/beff88aa48a1e86f0b673d200d39b1c0b5e5884a,06edf2dafd622adc1b9a07d4a2e56f5179d097bbbb3a857ab9994decfad013e6,ecb1c14ed2363633,622,656,0.948171,PNG,image/png,RGBA,True,"{""x"": 0, ""y"": 0, ""w"": 622, ""h"": 656}",427722,1632128,0.0,,"[""NEAR-005""]",equipment,equipment_elf_archer_hood__622x656,0.95,"[""SCREEN-004""]",NO_VISIBLE_TEXT,False,
262,bf3a8d2882381a05bcfc5a95bb044adaa0134a6c,analysis/figma/raw/images/bf3a8d2882381a05bcfc5a95bb044adaa0134a6c,9799429ea4cab2f93642e23350299c1081a9f288f4d0fd53a760d28181a83c4d,f8b6900787f0c31f,446,420,1.061905,PNG,image/png,RGBA,True,"{""x"": 0, ""y"": 0, ""w"": 446, ""h"": 420}",297576,749280,0.0,,"[""NEAR-123""]",enemy,enemy_shadow_wolf__446x420,0.85,[],NO_VISIBLE_TEXT,False,
263,bff63fd7bce098b91cb7fb0a0ee260017c225b71,analysis/figma/raw/images/bff63fd7bce098b91cb7fb0a0ee260017c225b71,9953c1d2d2c72597e2bbac28aac82950948b89ab4afa73e43353eec2f5361ea4,a4d2de354adb9306,265,272,0.974265,PNG,image/png,RGBA,True,"{""x"": 0, ""y"": 0, ""w"": 265, ""h"": 272}",113865,288320,0.0,,"[""NEAR-094""]",equipment,equipment_elf_archer_ring_leaf__265x272,0.85,[],NO_VISIBLE_TEXT,False,
264,c17e7a2cd41a2faf6d5397f6c46465f14a155f47,analysis/figma/raw/images/c17e7a2cd41a2faf6d5397f6c46465f14a155f47,aadc9c3dcd6ec50a6dffb1e1d3c4b69e9e96a3f93e0fa476d1f04364f4d96927,fe849439d95816c7,669,551,1.214156,PNG,image/png,RGBA,True,"{""x"": 0, ""y"": 0, ""w"": 669, ""h"": 551}",466346,1474476,0.0,,"[""NEAR-151""]",equipment,equipment_panda_monk_orbs__669x551,0.95,[],NO_VISIBLE_TEXT,False,
265,c223ed9392ca9740274d1ead08b100e56cf841c8,analysis/figma/raw/images/c223ed9392ca9740274d1ead08b100e56cf841c8,ec3b95aa0bf8f9df3abdfaea1dd0e3561621755ca881525e0d449713ef636455,becdc712b069d4c4,284,328,0.865854,PNG,image/png,RGBA,True,"{""x"": 0, ""y"": 0, ""w"": 284, ""h"": 328}",155547,372608,0.0,,"[""NEAR-152""]",equipment,equipment_bunny_assassin_chest__284x328,0.85,[],NO_VISIBLE_TEXT,False,
266,c27f6968fb5b4981d97fc335a9e14e8130ce3f0f,analysis/figma/raw/images/c27f6968fb5b4981d97fc335a9e14e8130ce3f0f,6ecc40de469484c30e89c8b883791833a32dd773a876de9e1f84c39daefdff3e,d946253f8ec1785a,314,314,1.0,PNG,image/png,RGBA,True,"{""x"": 4, ""y"": 7, ""w"": 300, ""h"": 294}",181484,394384,0.1054,,"[""NEAR-153""]",reward,reward_gold_chest__314x314_variant2,0.85,[],NO_VISIBLE_TEXT,False,
267,c30fa8e2f2b7e6bb7fd8b6f13923923e47e0d9a8,analysis/figma/raw/images/c30fa8e2f2b7e6bb7fd8b6f13923923e47e0d9a8,a3c693559f0fe82872dd11426ddf2c7901d2c28c3e08649ce13d09fda29f765f,fc94906be2b5c706,255,272,0.9375,PNG,image/png,RGBA,True,"{""x"": 0, ""y"": 0, ""w"": 255, ""h"": 272}",126860,277440,0.0,,"[""NEAR-078""]",relic,relic_boar_mask__255x272,0.85,[],NO_VISIBLE_TEXT,False,
268,c31a5b960ff491544afc4a5eb9ab45a1875375e9,analysis/figma/raw/images/c31a5b960ff491544afc4a5eb9ab45a1875375e9,1b51b101ee3c6a022c24626c1a16b5745c158ece016fca40d443994ec2bfe7dd,badaa9359524e760,331,303,1.092409,PNG,image/png,RGBA,True,"{""x"": 0, ""y"": 0, ""w"": 331, ""h"": 303}",236914,401172,0.0,,"[""NEAR-154""]",portrait,portrait_lion_knight__331x303,0.85,[],NO_VISIBLE_TEXT,False,
269,c3bb5b04a28a7fc0637833cebb26c995f2a2ba35,analysis/figma/raw/images/c3bb5b04a28a7fc0637833cebb26c995f2a2ba35,2f6ad69f446e42bbcc8234476364678c74d2e667a12b35134e62b91e2dba4996,95959642ea96e26d,2172,724,3.0,PNG,image/png,RGB,False,"{""x"": 0, ""y"": 0, ""w"": 2172, ""h"": 724}",2156845,6290112,0.0,,"[""NEAR-155""]",background,background_dungeon_boar_strip__2172x724,0.95,[],NO_VISIBLE_TEXT,False,
270,c42133ee7cd54223392c66dd68a93e297727e007,analysis/figma/raw/images/c42133ee7cd54223392c66dd68a93e297727e007,d38bd926d27f67c12668b9a2596cc84f0ad816854cb1ae667610dadc37d9fd6d,c6c33e60f92cc399,455,633,0.718799,PNG,image/png,RGBA,True,"{""x"": 0, ""y"": 0, ""w"": 455, ""h"": 633}",380434,1152060,0.0,,"[""NEAR-156""]",relic,relic_gold_dragon_head__455x633,0.95,"[""SCREEN-005""]",NO_VISIBLE_TEXT,False,
271,c4302483db5ca38f3b1037e4b34f73a7c6c10ea7,analysis/figma/raw/images/c4302483db5ca38f3b1037e4b34f73a7c6c10ea7,e8576841f93893ab28ad689536d7f90abe030c0c7bbeefb5782cf33d934e573b,fe6b83b471930b12,514,487,1.055441,PNG,image/png,RGBA,True,"{""x"": 0, ""y"": 0, ""w"": 514, ""h"": 487}",285912,1001272,0.0,,"[""NEAR-063""]",equipment,equipment_turtle_warrior_ring_shell__514x487,0.95,[],NO_VISIBLE_TEXT,False,
272,c712c453b12993dbed32769c8bcbd7d9532edd5f,analysis/figma/raw/images/c712c453b12993dbed32769c8bcbd7d9532edd5f,0a7b17aaeb65c35e03d08e6227de1b40314638f4a6a8528bc3d5ee418a8e51a9,e799e06e8b3386c4,264,296,0.891892,PNG,image/png,RGBA,True,"{""x"": 0, ""y"": 0, ""w"": 264, ""h"": 296}",126413,312576,0.0,,"[""NEAR-157""]",relic,relic_gold_bird_mask__264x296,0.85,[],NO_VISIBLE_TEXT,False,
273,c91ed48dc9e2c77f90e8847b3f39f4c00ee57f02,analysis/figma/raw/images/c91ed48dc9e2c77f90e8847b3f39f4c00ee57f02,ede70744b9a8c7defbe8168e88934320c821245c27fb96f2aefa073c6b64c275,c1bc26643e8b3e63,2172,724,3.0,PNG,image/png,RGB,False,"{""x"": 0, ""y"": 0, ""w"": 2172, ""h"": 724}",2182013,6290112,0.0,,"[""NEAR-139""]",background,background_dungeon_crocodile_strip__2172x724,0.95,[],NO_VISIBLE_TEXT,False,
274,c9a965e48a3fb7a4655e491e3d20c69288f9294c,analysis/figma/raw/images/c9a965e48a3fb7a4655e491e3d20c69288f9294c,ef45d9ad535f4eb2a304caeef071998a3037507fe8646a68cee2c2a4ac22534e,c4cc39393db90747,478,497,0.961771,PNG,image/png,RGBA,True,"{""x"": 0, ""y"": 0, ""w"": 478, ""h"": 497}",152299,950264,0.0,,,ui,ui_icon_star__478x497,0.95,"[""SCREEN-007""]",NO_VISIBLE_TEXT,False,
275,ca8471e35d0e957f40e7fad14b2688313205d7cf,analysis/figma/raw/images/ca8471e35d0e957f40e7fad14b2688313205d7cf,4f7750c156c07d4d1ff0c8f0dafa746a656777efd235e718691bc289a727e733,dda422b87ea42cab,479,206,2.325243,PNG,image/png,RGBA,True,"{""x"": 0, ""y"": 0, ""w"": 479, ""h"": 206}",271651,394696,0.0,,"[""NEAR-121""]",background,background_battle_panorama__479x206,0.85,[],NO_VISIBLE_TEXT,False,
276,cb797fee92f1088c3c33582adbf7a598e3fbce45,analysis/figma/raw/images/cb797fee92f1088c3c33582adbf7a598e3fbce45,8dfc7fb23c4c2c64ee8971134c0ac20172f9ce57323b38cf966aa22ad4c4cda0,ffffff9580808080,3646,435,8.381609,PNG,image/png,RGBA,True,"{""x"": 0, ""y"": 0, ""w"": 3646, ""h"": 435}",690447,6344040,0.0,,"[""NEAR-158""]",ui,ui_bar_dark_track__3646x435,0.95,"[""SCREEN-003"", ""SCREEN-004"", ""SCREEN-005"", ""SCREEN-006"", ""SCREEN-007""]",NO_VISIBLE_TEXT,False,
277,cba31e4d7c053dc337a3bd11c0eb0828ef59fcff,analysis/figma/raw/images/cba31e4d7c053dc337a3bd11c0eb0828ef59fcff,87d500f26a3797076183c64e1a15bd93c5513e83bfe744253e6d2aecd425c649,88dcfba3b252a4a6,2172,724,3.0,PNG,image/png,RGB,False,"{""x"": 0, ""y"": 0, ""w"": 2172, ""h"": 724}",2012517,6290112,0.0,,"[""NEAR-159""]",background,background_dungeon_shadow_bright_strip__2172x724,0.95,"[""SCREEN-006""]",NO_VISIBLE_TEXT,False,
278,cbcb8ee6d391afd1b0eea80da49ec64dad6b17f8,analysis/figma/raw/images/cbcb8ee6d391afd1b0eea80da49ec64dad6b17f8,b0144c0c20f6bb8f3ba1296945ac1fe61f5d90f723a7f5c4d35af3f0d1454478,bfffff9580808081,456,55,8.290909,PNG,image/png,RGBA,True,"{""x"": 0, ""y"": 0, ""w"": 456, ""h"": 55}",39381,100320,0.0,,"[""NEAR-158""]",ui,ui_bar_dark_track__456x55,0.85,[],NO_VISIBLE_TEXT,False,
279,cbeb22c66d2cd87e9fbf5ba621e1bd01f1001ee3,analysis/figma/raw/images/cbeb22c66d2cd87e9fbf5ba621e1bd01f1001ee3,ead0ce93cc0943a963432651b7563521cca455abbfa0c1fe25cae67820236a14,bff08d5ad3266424,313,283,1.106007,PNG,image/png,RGBA,True,"{""x"": 0, ""y"": 2, ""w"": 313, ""h"": 281}",156504,354316,0.0071,,"[""NEAR-160""]",equipment,equipment_raccoon_engineer_cannon_small__313x283,0.85,[],NO_VISIBLE_TEXT,False,
280,cd3cbe77729a836949def618d21d5d38454f11b3,analysis/figma/raw/images/cd3cbe77729a836949def618d21d5d38454f11b3,ca798a6b9b072b2b0965ec129b2badb11270428fd63221c5dd73a1d17b44abbb,fa60c57c1b1f8199,533,651,0.81874,PNG,image/png,RGBA,True,"{""x"": 0, ""y"": 0, ""w"": 533, ""h"": 651}",524098,1387932,0.0,,"[""NEAR-161""]",equipment,equipment_owl_mage_robe_orb__533x651,0.95,[],NO_VISIBLE_TEXT,False,
281,cdfb9c342d6d2e1ad70593ecdbdf2217bffb2b80,analysis/figma/raw/images/cdfb9c342d6d2e1ad70593ecdbdf2217bffb2b80,a700c124e81fbedc1330d5894e493eae5869a138d59f9f58111e48b874f1cc51,eda690119c72c7ad,1835,1638,1.120269,PNG,image/png,RGBA,True,"{""x"": 0, ""y"": 0, ""w"": 1835, ""h"": 1638}",2958817,12022920,0.0,,"[""NEAR-086""]",enemy,enemy_iron_beetle__1835x1638,0.95,[],NO_VISIBLE_TEXT,False,
282,ce742e29a93cdbd2335fff8884bb95a41d26ec75,analysis/figma/raw/images/ce742e29a93cdbd2335fff8884bb95a41d26ec75,ac0ff3f9a1dc8a8027c5773949dcae493d79ca82fa904fa7a9eadb6266cd908a,ab8684d9f160d5da,399,394,1.01269,PNG,image/png,RGBA,True,"{""x"": 0, ""y"": 0, ""w"": 399, ""h"": 394}",242463,628824,0.0,,"[""NEAR-008""]",enemy,enemy_poison_mushroom__399x394,0.85,[],NO_VISIBLE_TEXT,False,
283,ce9aa0e6e027f719ff5673bb8e5545a9e1d0415a,analysis/figma/raw/images/ce9aa0e6e027f719ff5673bb8e5545a9e1d0415a,d209be58a60c0fe4a96a46f3cd93d9452cb44c34eb06c95ca9092296ac9c0535,efcdeb72d2110898,384,256,1.5,PNG,image/png,RGBA,True,"{""x"": 0, ""y"": 0, ""w"": 384, ""h"": 254}",237292,393216,0.0078,,"[""NEAR-010""]",branding,branding_hero_collage__384x256,0.85,[],NO_VISIBLE_TEXT,False,
284,cf6c639c3e529ac1e9d99a5365b691ec8aeb271b,analysis/figma/raw/images/cf6c639c3e529ac1e9d99a5365b691ec8aeb271b,61d5be2b18a8882ca75e666feb312c53680eb6dca700942708314cabffb04e83,d4ec4fcc0e8d2f84,2378,1300,1.829231,PNG,image/png,RGBA,True,"{""x"": 0, ""y"": 0, ""w"": 2378, ""h"": 1300}",981054,12365600,0.0,,"[""NEAR-087""]",ui,ui_button_gold__2378x1300,0.95,"[""SCREEN-002"", ""SCREEN-004"", ""SCREEN-005"", ""SCREEN-007"", ""SCREEN-008"", ""SCREEN-009""]",NO_VISIBLE_TEXT,True,
285,cfd017e05e8869ee397c42f6c2756469fa8160e2,analysis/figma/raw/images/cfd017e05e8869ee397c42f6c2756469fa8160e2,08d5bfa69741a50469e3b3da9c85bbae9630625f8e06e6290793d93d89e63fa3,da83e91fc4d83646,267,219,1.219178,PNG,image/png,RGBA,True,"{""x"": 0, ""y"": 0, ""w"": 267, ""h"": 219}",113253,233892,0.0,,"[""NEAR-020""]",equipment,equipment_turtle_warrior_ring__267x219,0.85,[],NO_VISIBLE_TEXT,False,
286,cfd0b21fb7907c5c236289f07384b4408ec62576,analysis/figma/raw/images/cfd0b21fb7907c5c236289f07384b4408ec62576,292b644e608aafb49d41e29c3d1d10376df410b83a7e347bf68e8ece22f6befa,e686b9692195d62b,304,261,1.164751,PNG,image/png,RGBA,True,"{""x"": 0, ""y"": 0, ""w"": 304, ""h"": 261}",143072,317376,0.0,,"[""NEAR-109""]",equipment,equipment_turtle_warrior_chest_shell__304x261,0.85,[],NO_VISIBLE_TEXT,False,
287,d10ae70ea2eadf857579c47b9a7d19320377df71,analysis/figma/raw/images/d10ae70ea2eadf857579c47b9a7d19320377df71,4924b8e68e5de2bf206105f343cd176490fec6219aa8f67f14dbfacd9d70e423,eafae0d094943e96,959,176,5.448864,PNG,image/png,RGBA,True,"{""x"": 0, ""y"": 0, ""w"": 959, ""h"": 176}",156095,675136,0.0,,"[""NEAR-125""]",ui,ui_banner_name_purple__959x176,0.95,"[""SCREEN-007""]",NO_VISIBLE_TEXT,False,
288,d14baf955dea9d9e57dd3f2ab436e02ef051b210,analysis/figma/raw/images/d14baf955dea9d9e57dd3f2ab436e02ef051b210,a9183122d689c5ea7d2331c94a103cf5ef1e13c32758bbb8660863b8bbf5c447,ecc70332f0db1837,450,465,0.967742,PNG,image/png,RGBA,True,"{""x"": 0, ""y"": 0, ""w"": 450, ""h"": 465}",264438,837000,0.0,,"[""NEAR-037""]",hero,hero_elf_archer__450x465,0.85,[],NO_VISIBLE_TEXT,False,
289,d18f0813e1506969d5d4fe925b78267b3f855a1c,analysis/figma/raw/images/d18f0813e1506969d5d4fe925b78267b3f855a1c,eb9bad111646f83f89189a98531c92a13e8413fdfa0070a0167460ee122635d2,a6c88b36a0ade99b,557,803,0.693649,PNG,image/png,RGBA,True,"{""x"": 0, ""y"": 0, ""w"": 557, ""h"": 803}",316615,1789084,0.0,,"[""NEAR-042""]",equipment,equipment_inferno_dragon_sword__557x803,0.95,[],NO_VISIBLE_TEXT,False,
290,d1b7891fe95835e875d3725cbd939b0c3a23c9d1,analysis/figma/raw/images/d1b7891fe95835e875d3725cbd939b0c3a23c9d1,8328e2606a04993cb1ec29c95b6c8ccd4fd8b524683fde9b6f9235e6fd756d2c,eb86a074ddc69c31,466,421,1.106888,PNG,image/png,RGBA,True,"{""x"": 0, ""y"": 0, ""w"": 466, ""h"": 421}",306511,784744,0.0,,"[""NEAR-150""]",enemy,enemy_ironhide_boar__466x421,0.85,[],NO_VISIBLE_TEXT,False,
291,d1c66e4f6f13868503b1c7fd7d0fe2e02ce7756b,analysis/figma/raw/images/d1c66e4f6f13868503b1c7fd7d0fe2e02ce7756b,5f0ddb510bb29055a5a506e282270d3f8ac7426d98ac7b6cd359a6cbf88493fd,ffa8e8aaeaa8e880,3815,1593,2.394852,PNG,image/png,RGBA,True,"{""x"": 0, ""y"": 0, ""w"": 3815, ""h"": 1593}",3352441,24309180,0.0,,"[""NEAR-131""]",ui,ui_panel_gold_black_wide__3815x1593,0.95,"[""SCREEN-004""]",NO_VISIBLE_TEXT,True,
292,d2bea10309b84732c2ce9aafd9111211d7ee3039,analysis/figma/raw/images/d2bea10309b84732c2ce9aafd9111211d7ee3039,1106f1ac1991282b1f9b17d3b09be0391aa5fd2075bbbf1f1fcd28c1ecc79f78,bbcbebb484789122,494,415,1.190361,PNG,image/png,RGBA,True,"{""x"": 0, ""y"": 0, ""w"": 494, ""h"": 415}",370114,820040,0.0,,"[""NEAR-060""]",boss,boss_shadow_dragon__494x415,0.85,[],NO_VISIBLE_TEXT,False,
293,d2ef5f15388f7d280372253ad5cf1181b298bec4,analysis/figma/raw/images/d2ef5f15388f7d280372253ad5cf1181b298bec4,280e5ab40385348b5e5170bc6d75c600735dac91a33112d07abc7c75dfc5b7d4,d8e92e4a6bb053e4,330,295,1.118644,PNG,image/png,RGBA,True,"{""x"": 0, ""y"": 0, ""w"": 330, ""h"": 295}",234194,389400,0.0,,"[""NEAR-142""]",portrait,portrait_ice_fairy__330x295,0.85,[],NO_VISIBLE_TEXT,False,
294,d6306a81adbcdd41bf2f68eb940ea4462bf329d5,analysis/figma/raw/images/d6306a81adbcdd41bf2f68eb940ea4462bf329d5,c328225251954411cd6b8139ccbe609fcb2de74651d6dd516a55ec6087d1945e,95c56a1991c6ecb9,272,91,2.989011,PNG,image/png,RGBA,True,"{""x"": 0, ""y"": 0, ""w"": 272, ""h"": 91}",65261,99008,0.0,,"[""NEAR-148""]",background,background_dungeon_lizard_strip__272x91,0.85,[],NO_VISIBLE_TEXT,False,
295,d734bdbd0bdc894f78da40d7d9ccabe4052477c9,analysis/figma/raw/images/d734bdbd0bdc894f78da40d7d9ccabe4052477c9,88bff839ec65a4e657f10bcd19c9ff26c329edac788669c5b2f4e95245a203ad,d946253f8ec1785a,1254,1254,1.0,PNG,image/png,RGBA,True,"{""x"": 14, ""y"": 30, ""w"": 1200, ""h"": 1173}",1832382,6290064,0.1049,,"[""NEAR-153""]",reward,reward_gold_chest__1254x1254_variant2,0.95,"[""SCREEN-008"", ""SCREEN-009""]",NO_VISIBLE_TEXT,False,
296,d7d3ae289966dbb8dd830edc7dc33a9cb463aef7,analysis/figma/raw/images/d7d3ae289966dbb8dd830edc7dc33a9cb463aef7,f979251136b00f1cf5a98526e09f458b3de4cbf6c97b83b47613403422511f48,fe84943dd9581687,335,276,1.213768,PNG,image/png,RGBA,True,"{""x"": 0, ""y"": 0, ""w"": 335, ""h"": 276}",152696,369840,0.0,,"[""NEAR-151""]",equipment,equipment_panda_monk_orbs__335x276,0.85,[],NO_VISIBLE_TEXT,False,
297,d93c344388dd40c56bc46e5846a16ef36d8b9028,analysis/figma/raw/images/d93c344388dd40c56bc46e5846a16ef36d8b9028,897a7ce25731c7e2aabf27807d9dc0dada59078ae11a31fd82bdd3ebe313eb6e,dfb16046869e9b1a,1318,1341,0.982849,PNG,image/png,RGBA,True,"{""x"": 0, ""y"": 0, ""w"": 1318, ""h"": 1341}",1627002,7069752,0.0,,"[""NEAR-001""]",ui,ui_icon_crystal_snowflake__1318x1341,0.95,"[""SCREEN-003""]",NO_VISIBLE_TEXT,False,
298,da52b92b4e92865dafe7970d68c49cedf2c8dc46,analysis/figma/raw/images/da52b92b4e92865dafe7970d68c49cedf2c8dc46,fbb2dc1ab1d19d5130bb66778bcfa4d7efd8b25c6e91956836104fce03a5c6df,fa96e1298ee0b453,314,314,1.0,PNG,image/png,RGBA,True,"{""x"": 5, ""y"": 3, ""w"": 305, ""h"": 295}",177831,394384,0.0874,,"[""NEAR-034""]",decoration,decoration_raccoon_castle__314x314_variant2,0.85,[],NO_VISIBLE_TEXT,False,
299,da5cf38a904fd000dde487a9bca7da41e9c9e7d2,analysis/figma/raw/images/da5cf38a904fd000dde487a9bca7da41e9c9e7d2,d608c9d77717224204b70af21c17a289e31ce75f95f9c06630f4e366fb42513d,d9836ab89f1cb5c0,642,592,1.084459,PNG,image/png,RGBA,True,"{""x"": 0, ""y"": 0, ""w"": 642, ""h"": 592}",484880,1520256,0.0,,"[""NEAR-064""]",portrait,portrait_fox_sorcerer__642x592,0.95,[],NO_VISIBLE_TEXT,False,
300,db0d3824599b4a1ebcbf793cd20b391235f43a83,analysis/figma/raw/images/db0d3824599b4a1ebcbf793cd20b391235f43a83,f310c0bb84b50d9ef0f8959421fd08b566dc29057d0102269e1518586342889b,e8c1bb53c4be9524,385,391,0.984655,PNG,image/png,RGBA,True,"{""x"": 0, ""y"": 0, ""w"": 385, ""h"": 391}",199645,602140,0.0,,"[""NEAR-162""]",ui,ui_icon_dragon_red__385x391,0.85,[],NO_VISIBLE_TEXT,False,
301,db498372af9d5b4323316175984ae19604bd2d28,analysis/figma/raw/images/db498372af9d5b4323316175984ae19604bd2d28,36a86bab0a33a6123120197a3737429812d8581fc4f153fa05636a1642197f50,bcd3c26ed0898d74,1813,1760,1.030114,PNG,image/png,RGBA,True,"{""x"": 0, ""y"": 0, ""w"": 1813, ""h"": 1760}",2858232,12763520,0.0,,"[""NEAR-105""]",hero,hero_owl_mage__1813x1760,0.95,"[""SCREEN-003""]",NO_VISIBLE_TEXT,False,
302,dbd30cfc59162b4ed2edaa345f666a4172e59aec,analysis/figma/raw/images/dbd30cfc59162b4ed2edaa345f666a4172e59aec,891749b17aa2a872616bb589302e0827887e712a0cf9885801ed8eec68bd624f,87c7368e2db36432,272,91,2.989011,PNG,image/png,RGBA,True,"{""x"": 0, ""y"": 0, ""w"": 272, ""h"": 91}",67482,99008,0.0,,"[""NEAR-136""]",background,background_dungeon_gargoyle_strip__272x91,0.85,[],NO_VISIBLE_TEXT,False,
303,dd6154c91ef336f7d22730ba2c8d43d966f6d772,analysis/figma/raw/images/dd6154c91ef336f7d22730ba2c8d43d966f6d772,f373ee26848c020b27dfec819733065e3f89a2f648d93600d9f31843054d785d,ce6e3491119c5b9b,1134,1163,0.975064,PNG,image/png,RGBA,True,"{""x"": 0, ""y"": 0, ""w"": 1134, ""h"": 1163}",1288181,5275368,0.0,,"[""NEAR-065""]",ui,ui_icon_gold_pile__1134x1163,0.95,"[""SCREEN-003""]",NO_VISIBLE_TEXT,False,
304,de43cd8317bf721a4af4086201add657a5f6f9a7,analysis/figma/raw/images/de43cd8317bf721a4af4086201add657a5f6f9a7,18a04ecdd84829f898a72d264ab040146b142977c7aea546aae01bc541890c7b,caf46a37b3491c1c,486,750,0.648,PNG,image/png,RGBA,True,"{""x"": 0, ""y"": 0, ""w"": 486, ""h"": 750}",275990,1458000,0.0,,"[""NEAR-141""]",equipment,equipment_lion_knight_sword__486x750,0.95,[],NO_VISIBLE_TEXT,False,
305,e0304b45fa52b9fc2fbbded5924c9465b727bd67,analysis/figma/raw/images/e0304b45fa52b9fc2fbbded5924c9465b727bd67,9a76acac1af48f889b2a628ce5c42abd2be75c1c130e41c682b4b2c2889334b0,e4ed9b12394d6564,1728,1616,1.069307,PNG,image/png,RGBA,True,"{""x"": 0, ""y"": 0, ""w"": 1728, ""h"": 1616}",2000273,11169792,0.0,,"[""NEAR-018""]",ui,ui_frame_heart_wings__1728x1616,0.95,"[""SCREEN-005""]",NO_VISIBLE_TEXT,False,
306,e0a31f4a2bdccde332a11957baada3405943f6b7,analysis/figma/raw/images/e0a31f4a2bdccde332a11957baada3405943f6b7,a7b044cfb3029040e5c355e0c7594aa642d2f8d28b9822287c4e5ce690560557,eed2b0258d3dc4c9,343,278,1.233813,PNG,image/png,RGBA,True,"{""x"": 0, ""y"": 0, ""w"": 343, ""h"": 278}",152680,381416,0.0,,"[""NEAR-163""]",equipment,equipment_turtle_warrior_chest_plate__343x278,0.85,[],NO_VISIBLE_TEXT,False,
307,e0f463810878fe169493ddf02ec4df5c4928e501,analysis/figma/raw/images/e0f463810878fe169493ddf02ec4df5c4928e501,2d417070aa5a0500060cfbc9bf9f52f54f837501491d5b19541976d37eb77e3b,b7d08b69c01e7c8d,333,269,1.237918,PNG,image/png,RGBA,True,"{""x"": 0, ""y"": 0, ""w"": 333, ""h"": 269}",145582,358308,0.0,,"[""NEAR-164""]",equipment,equipment_raccoon_engineer_cannon_small__333x269,0.85,[],NO_VISIBLE_TEXT,False,
308,e0ff11fea283b5be86103c5bca2e580ca43e0345,analysis/figma/raw/images/e0ff11fea283b5be86103c5bca2e580ca43e0345,ddb67360680d9e622da735cd1b60c3975e1a963911f32b78e9f1e20ad7186df3,c9ccbc6c9131d333,479,633,0.756714,PNG,image/png,RGBA,True,"{""x"": 0, ""y"": 0, ""w"": 479, ""h"": 633}",483715,1212828,0.0,,"[""NEAR-039""]",relic,relic_wolf_mask__479x633,0.95,"[""SCREEN-005""]",NO_VISIBLE_TEXT,False,
309,e1310f45216dcfc68e7aa2c7a50f78993b3534da,analysis/figma/raw/images/e1310f45216dcfc68e7aa2c7a50f78993b3534da,d4ac12cc66fd394d20cf6dcb518b86cf39361fdd4b97b276dcec36e54bf75482,eb9cd5c19cc39063,1289,1762,0.731555,PNG,image/png,RGBA,True,"{""x"": 0, ""y"": 0, ""w"": 1289, ""h"": 1762}",1703018,9084872,0.0,,"[""NEAR-002""]",ui,ui_frame_magic_gold__1289x1762,0.95,"[""SCREEN-004"", ""SCREEN-005""]",NO_VISIBLE_TEXT,False,
310,e1ba2111414e527aa13403387739146a0ed72760,analysis/figma/raw/images/e1ba2111414e527aa13403387739146a0ed72760,708e9313d655bf0c14647ac958bc779b7d42b1be14a585aa6849e5006a42e341,cb9b3c63370bc22c,490,644,0.76087,PNG,image/png,RGBA,True,"{""x"": 0, ""y"": 0, ""w"": 490, ""h"": 644}",461910,1262240,0.0,,"[""NEAR-127""]",relic,relic_rabbit_mask__490x644,0.95,"[""SCREEN-005""]",NO_VISIBLE_TEXT,False,
311,e220a2021af266373f84d2debda5a126e2de789c,analysis/figma/raw/images/e220a2021af266373f84d2debda5a126e2de789c,373d45ba94b8ec41c1cd73bba7d96e4fd52ee421aa8c9ca622d5ad90971e750b,c6d49531c36e24dd,473,665,0.711278,PNG,image/png,RGBA,True,"{""x"": 0, ""y"": 0, ""w"": 473, ""h"": 665}",367127,1258180,0.0,,"[""NEAR-149""]",relic,relic_blue_feather__473x665,0.95,"[""SCREEN-005""]",NO_VISIBLE_TEXT,False,
312,e32cf14de40e6845abea4c30539cdd036fb57566,analysis/figma/raw/images/e32cf14de40e6845abea4c30539cdd036fb57566,2446536bd46c6a353c6b0bad44a6a03bb2b63be647d1cafceca8c956caf37740,eac9952c639e2467,292,325,0.898462,PNG,image/png,RGBA,True,"{""x"": 0, ""y"": 0, ""w"": 292, ""h"": 325}",108648,379600,0.0,,"[""NEAR-122""]",equipment,equipment_turtle_warrior_mace__292x325,0.85,[],NO_VISIBLE_TEXT,False,
313,e36b43bafc8a1e7bd67010d450107f258c5c8959,analysis/figma/raw/images/e36b43bafc8a1e7bd67010d450107f258c5c8959,4c42b1ec55c1bed86ef710ea7dba12a26753949dea260c30480bb0aadded0d34,becdc712b069d4c4,567,656,0.864329,PNG,image/png,RGBA,True,"{""x"": 0, ""y"": 0, ""w"": 567, ""h"": 656}",456849,1487808,0.0,,"[""NEAR-152""]",equipment,equipment_bunny_assassin_chest__567x656,0.95,[],NO_VISIBLE_TEXT,False,
314,e3c42ea62fa5a498dff6ff428ee756fcf8f33ed9,analysis/figma/raw/images/e3c42ea62fa5a498dff6ff428ee756fcf8f33ed9,c852914d6f20570b7a3f7da45d6250b90d349c30b7d7cf98180461fdab20e568,fa60c57c1b1f8199,267,326,0.819018,PNG,image/png,RGBA,True,"{""x"": 0, ""y"": 0, ""w"": 267, ""h"": 326}",176782,348168,0.0,,"[""NEAR-161""]",equipment,equipment_owl_mage_robe_orb__267x326,0.85,[],NO_VISIBLE_TEXT,False,
315,e3ebc1ab7c4a9ff9d473d96c13b7c7b5255ed05d,analysis/figma/raw/images/e3ebc1ab7c4a9ff9d473d96c13b7c7b5255ed05d,1915921bfd258a15bb7d5a3f3826ecf29dc685fad554e5807ed27f13f2e2067f,efc4b043f92fc221,236,315,0.749206,PNG,image/png,RGBA,True,"{""x"": 0, ""y"": 0, ""w"": 236, ""h"": 315}",141535,297360,0.0,,"[""NEAR-138""]",relic,relic_frost_dragon_head__236x315,0.85,[],NO_VISIBLE_TEXT,False,
316,e473674f5859b12f1818af7afa02684269005ee3,analysis/figma/raw/images/e473674f5859b12f1818af7afa02684269005ee3,8868a457231dd85738e2b94da0e7a7de2576eaf12d02d7f4254ab5d08abee1d7,cbb7c0b27a38323a,213,462,0.461039,PNG,image/png,RGBA,True,"{""x"": 0, ""y"": 0, ""w"": 213, ""h"": 462}",254928,393624,0.0,,"[""NEAR-165""]",reference,reference_screen_daily__213x462,0.85,[],YES,False,
317,e5183844bfdb30bb2d3a1c81ae1474e29643daba,analysis/figma/raw/images/e5183844bfdb30bb2d3a1c81ae1474e29643daba,865ed674fc801e56a8a5aefd4ca5a8206c45bcc68bd98edf35e8d46d831b8f06,f9830778969c3e25,1828,1679,1.088743,PNG,image/png,RGBA,True,"{""x"": 0, ""y"": 0, ""w"": 1828, ""h"": 1679}",2344433,12276848,0.0,,"[""NEAR-029""]",hero,hero_fox_sorcerer__1828x1679,0.95,"[""SCREEN-003"", ""SCREEN-007""]",NO_VISIBLE_TEXT,False,
318,e6dae6bc9d0e728fa4f6c122d163581182d6440e,analysis/figma/raw/images/e6dae6bc9d0e728fa4f6c122d163581182d6440e,57dfb7cf4d036ef662ab304fe74845bd16469d380565dcad9316652c09117662,eed2b0258d3dc4c9,686,555,1.236036,PNG,image/png,RGBA,True,"{""x"": 0, ""y"": 0, ""w"": 686, ""h"": 555}",420428,1522920,0.0,,"[""NEAR-163""]",equipment,equipment_turtle_warrior_chest_plate__686x555,0.95,[],NO_VISIBLE_TEXT,False,
319,e89da6990c77495006b21f0ccfb9772084adcbb6,analysis/figma/raw/images/e89da6990c77495006b21f0ccfb9772084adcbb6,3da2745ec746d5777f47ea89562c27a1d8666377c8148aa2b54be9b7e325d184,ce99a566988e384f,406,576,0.704861,PNG,image/png,RGBA,True,"{""x"": 0, ""y"": 0, ""w"": 406, ""h"": 576}",281172,935424,0.0,,"[""NEAR-098""]",relic,relic_fire_dragon_head__406x576,0.95,"[""SCREEN-005""]",NO_VISIBLE_TEXT,False,
320,e9c612edfc3a21532efd27a241496c8119d8e7f5,analysis/figma/raw/images/e9c612edfc3a21532efd27a241496c8119d8e7f5,b9443ab0f186058676f20871871c581cfb7725544bb60ab03823609ca0ccc2cf,cbb7c0b27a38323a,852,1846,0.461538,PNG,image/png,RGB,False,"{""x"": 0, ""y"": 0, ""w"": 852, ""h"": 1846}",2154951,6291168,0.0,,"[""NEAR-165""]",reference,reference_screen_daily__852x1846,0.95,[],YES,False,
321,ea87345e76b21aa6327ddb1202842962c4ecc595,analysis/figma/raw/images/ea87345e76b21aa6327ddb1202842962c4ecc595,e722a1c4159721b339b310d2e2b03b1aea575f6818735f6ff6596cd4f5c32989,b7f08b69c01e7c8c,666,538,1.237918,PNG,image/png,RGBA,True,"{""x"": 0, ""y"": 0, ""w"": 666, ""h"": 538}",419425,1433232,0.0,,"[""NEAR-164""]",equipment,equipment_raccoon_engineer_cannon_large__666x538,0.95,[],NO_VISIBLE_TEXT,False,
322,eb8c311ae23995ada50296a0eedfdad03cbb395a,analysis/figma/raw/images/eb8c311ae23995ada50296a0eedfdad03cbb395a,4d2217119003dfcd282ea5e0638373e1aa888e6b32e718060abb28d9251fa50f,eecdd4199224996e,715,516,1.385659,PNG,image/png,RGBA,True,"{""x"": 0, ""y"": 0, ""w"": 715, ""h"": 516}",421448,1475760,0.0,,"[""NEAR-073""]",equipment,equipment_bunny_assassin_axes__715x516,0.95,[],NO_VISIBLE_TEXT,False,
323,ecb1a4835638a80d8eb318b4438f6c822a60df4a,analysis/figma/raw/images/ecb1a4835638a80d8eb318b4438f6c822a60df4a,f4873a9415e8e17940df8eaba531ed719a32e53b033667c2739c5128fc06e8c8,9744882a7f7f5581,736,1513,0.486451,JPEG,image/jpeg,RGB,False,"{""x"": 0, ""y"": 0, ""w"": 736, ""h"": 1513}",215106,4454272,0.0,,"[""NEAR-137""]",reference,reference_gradient_wallpaper__736x1513,0.85,[],NO_VISIBLE_TEXT,False,
324,ecba3638bda2025a1f9cd22c2ff1fd7f5378bc0f,analysis/figma/raw/images/ecba3638bda2025a1f9cd22c2ff1fd7f5378bc0f,3d430d41d7ada555fbf62b08027bc417bc826144f89d111138145dda84a7b8c1,bf8daabaa98b80a2,483,213,2.267606,PNG,image/png,RGBA,True,"{""x"": 0, ""y"": 0, ""w"": 483, ""h"": 213}",173757,411516,0.0,,"[""NEAR-166""]",ui,ui_panel_stats_black__483x213,0.85,[],NO_VISIBLE_TEXT,True,
325,ed069adba8caa6fa4cd55a4eb4bda39477b059fd,analysis/figma/raw/images/ed069adba8caa6fa4cd55a4eb4bda39477b059fd,928c722bcee61516a09138fb57a923c156b0795ac40b8f88e620e4ba1b2dbef4,95953927a4656d6c,218,450,0.484444,PNG,image/png,RGBA,True,"{""x"": 0, ""y"": 0, ""w"": 218, ""h"": 450}",99365,392400,0.0,,"[""NEAR-024""]",equipment,equipment_ice_fairy_staff_spear__218x450,0.85,[],NO_VISIBLE_TEXT,False,
326,ede636ef3ba86eb880c9f796bf569b823b11ff9b,analysis/figma/raw/images/ede636ef3ba86eb880c9f796bf569b823b11ff9b,14fd6d83e90835c1ffdd4e22f816bfb7e8721cc66836f449e43292a66b917bdf,88dcfba3b252a4a6,272,91,2.989011,PNG,image/png,RGBA,True,"{""x"": 0, ""y"": 0, ""w"": 272, ""h"": 91}",62591,99008,0.0,,"[""NEAR-159""]",background,background_dungeon_shadow_bright_strip__272x91,0.85,[],NO_VISIBLE_TEXT,False,
327,efb2435c48519149dc204b0be1afee580cceacdc,analysis/figma/raw/images/efb2435c48519149dc204b0be1afee580cceacdc,fd4e4b4f761787163f0d30b9b4c343f35ed3aa3b31d9c3cf8707a7b73935da24,c6c33e60f92cc399,228,317,0.719243,PNG,image/png,RGBA,True,"{""x"": 0, ""y"": 0, ""w"": 228, ""h"": 317}",129424,289104,0.0,,"[""NEAR-156""]",relic,relic_gold_dragon_head__228x317,0.85,[],NO_VISIBLE_TEXT,False,
328,f017c2d2adaafdce29cc30616066e4e638b23500,analysis/figma/raw/images/f017c2d2adaafdce29cc30616066e4e638b23500,6fffd9b2fc7f383b12de24bc41eb7fca23344406705c92e5ec7fbaa59a11bddc,bec3b0cc9db24859,260,344,0.755814,PNG,image/png,RGBA,True,"{""x"": 0, ""y"": 0, ""w"": 260, ""h"": 343}",136354,357760,0.0029,,"[""NEAR-147""]",equipment,equipment_elf_archer_quiver__260x344,0.85,[],NO_VISIBLE_TEXT,False,
329,f08aeb6d28395291a90839febda591a846c83fa7,analysis/figma/raw/images/f08aeb6d28395291a90839febda591a846c83fa7,6e61b6a33ed750c6dd34be614052564e7712f5053bb17fa8f1053c172e5f1d0a,9b924369acecd6d0,324,295,1.098305,PNG,image/png,RGBA,True,"{""x"": 0, ""y"": 0, ""w"": 324, ""h"": 295}",217959,382320,0.0,,"[""NEAR-167""]",portrait,portrait_panda_monk__324x295,0.85,[],NO_VISIBLE_TEXT,False,
330,f10a8d4677a5ac173b0c0086c5adfdede660d594,analysis/figma/raw/images/f10a8d4677a5ac173b0c0086c5adfdede660d594,bb5ac0bcc29119e518fa36af50b6abad1ffdaaf7b5d36d5f89078fb4ca223bfd,eedecb60b0848679,448,390,1.148718,PNG,image/png,RGBA,True,"{""x"": 0, ""y"": 0, ""w"": 448, ""h"": 390}",290729,698880,0.0,,"[""NEAR-107""]",enemy,enemy_stone_gargoyle__448x390,0.85,[],NO_VISIBLE_TEXT,False,
331,f114a4c886b5b51ac42b3ffe94ebe8bb12661366,analysis/figma/raw/images/f114a4c886b5b51ac42b3ffe94ebe8bb12661366,ca6d322b1a3fe254be49230e897597e09656d936c459f91391436c5a8beae2bf,bf8daabaa98b80a8,966,425,2.272941,PNG,image/png,RGBA,True,"{""x"": 0, ""y"": 0, ""w"": 966, ""h"": 425}",369937,1642200,0.0,,"[""NEAR-166""]",ui,ui_panel_stats_black__966x425,0.95,"[""SCREEN-007"", ""SCREEN-010""]",NO_VISIBLE_TEXT,True,
332,f123b258ee3365da347c09a0e172003fe3c78520,analysis/figma/raw/images/f123b258ee3365da347c09a0e172003fe3c78520,1c237ea3661612276711c5bb4548ebc78e58f176f0ce15edf1e3b2275338b1ca,b08dcb7691630f2d,1815,1620,1.12037,PNG,image/png,RGBA,True,"{""x"": 0, ""y"": 0, ""w"": 1815, ""h"": 1620}",2554659,11761200,0.0,,"[""NEAR-043""]",hero,hero_turtle_warrior__1815x1620,0.95,"[""SCREEN-003""]",NO_VISIBLE_TEXT,False,
333,f3fbca764b386d8d2e91da13da85ea037cb4d2d8,analysis/figma/raw/images/f3fbca764b386d8d2e91da13da85ea037cb4d2d8,70f2f03b4c0f2191e4e67e28999e10aaab2bfab69b3ed34781b5ace193ea8b55,b2cb61f09f289d94,330,296,1.114865,PNG,image/png,RGBA,True,"{""x"": 0, ""y"": 0, ""w"": 330, ""h"": 296}",219566,390720,0.0,,"[""NEAR-119""]",portrait,portrait_turtle_warrior__330x296,0.85,[],NO_VISIBLE_TEXT,False,
334,f4759d36c20f4d5406b3dfa5473651c47b84fdc9,analysis/figma/raw/images/f4759d36c20f4d5406b3dfa5473651c47b84fdc9,975f5f6b97ce1c4516840be13d8b04fb3079fb07cac65e5780c3769f5866e848,e6cfb0301bc30ecd,1428,1440,0.991667,PNG,image/png,RGBA,True,"{""x"": 0, ""y"": 0, ""w"": 1428, ""h"": 1440}",1825593,8225280,0.0,,"[""NEAR-041""]",ui,ui_frame_purple_orb__1428x1440,0.95,"[""SCREEN-013"", ""SCREEN-014"", ""SCREEN-015""]",NO_VISIBLE_TEXT,False,
335,f4cb8b25c50df3defb06b5d0fee4c2b311098774,analysis/figma/raw/images/f4cb8b25c50df3defb06b5d0fee4c2b311098774,43a4d7323cd336871a977e8166b83421b81c72f117cf0ab64fe1884f494152d6,e2c9cd7214f480df,1494,1139,1.311677,PNG,image/png,RGBA,True,"{""x"": 0, ""y"": 0, ""w"": 1494, ""h"": 1139}",1521222,6806664,0.0,,"[""NEAR-130""]",ui,ui_nav_dungeon__1494x1139,0.95,"[""SCREEN-003"", ""SCREEN-004"", ""SCREEN-005"", ""SCREEN-006"", ""SCREEN-007""]",NO_VISIBLE_TEXT,False,
336,f515249df249bb0eb674f85bb698f0a08e16de1e,analysis/figma/raw/images/f515249df249bb0eb674f85bb698f0a08e16de1e,0bf7cf58458260b6643ce47d8744e11253d570f36eb7ca8f6415b0c18a081d9c,badaa9359524e760,661,606,1.090759,PNG,image/png,RGBA,True,"{""x"": 0, ""y"": 0, ""w"": 661, ""h"": 606}",613346,1602264,0.0,,"[""NEAR-154""]",portrait,portrait_lion_knight__661x606,0.95,[],NO_VISIBLE_TEXT,False,
337,f5f6f1cfaed144a8b9a28db81a7a3b14a09fd9d3,analysis/figma/raw/images/f5f6f1cfaed144a8b9a28db81a7a3b14a09fd9d3,8f3f724c7642455cfe422d91f14b5f78d10cfdf10dc718067861163838e4a7d8,95959642ea96e2ec,272,91,2.989011,PNG,image/png,RGBA,True,"{""x"": 0, ""y"": 0, ""w"": 272, ""h"": 91}",64878,99008,0.0,,"[""NEAR-155""]",background,background_dungeon_boar_strip__272x91,0.85,[],NO_VISIBLE_TEXT,False,
338,f6342356b4085c635152a6b01871c29546cf5150,analysis/figma/raw/images/f6342356b4085c635152a6b01871c29546cf5150,79081d0800f29fae25497e3708402ac87f8dd59e1a1f5b85f840cb218e95f9a8,e9c696189c29f1c7,414,347,1.193084,PNG,image/png,RGBA,True,"{""x"": 0, ""y"": 0, ""w"": 414, ""h"": 347}",214937,574632,0.0,,"[""NEAR-045""]",enemy,enemy_toxic_slime__414x347,0.85,[],NO_VISIBLE_TEXT,False,
339,f6a052ebe198b716628da05eca724ad97d656774,analysis/figma/raw/images/f6a052ebe198b716628da05eca724ad97d656774,f93d0f8d93f6db9a454e5970a11095739eeb191dfa864865049dadc38f6c8e22,eec8b131262fc2d6,310,278,1.115108,PNG,image/png,RGBA,True,"{""x"": 0, ""y"": 0, ""w"": 310, ""h"": 278}",154350,344720,0.0,,"[""NEAR-144""]",equipment,equipment_panda_monk_chest__310x278,0.85,[],NO_VISIBLE_TEXT,False,
340,f942f214c1087b5af4bfea18e4808a749cdfc2fe,analysis/figma/raw/images/f942f214c1087b5af4bfea18e4808a749cdfc2fe,695a0db3c21e3ac7dc18e08a9ad9e3824187d28c004555bf2e725039e511bbcb,859a796376a964d4,2172,724,3.0,PNG,image/png,RGB,False,"{""x"": 0, ""y"": 0, ""w"": 2172, ""h"": 724}",2228841,6290112,0.0,,"[""NEAR-090""]",background,background_dungeon_frost_strip__2172x724,0.95,"[""SCREEN-006""]",NO_VISIBLE_TEXT,False,
341,fb130201864a4e9776cc84c0735297c96c741912,analysis/figma/raw/images/fb130201864a4e9776cc84c0735297c96c741912,a08ebe08664eb17c3106d57d1469fe393df1080105b8b60869ea3a1d82a626ce,bff08d5ad3266424,625,565,1.106195,PNG,image/png,RGBA,True,"{""x"": 0, ""y"": 0, ""w"": 625, ""h"": 565}",456903,1412500,0.0,,"[""NEAR-160""]",equipment,equipment_raccoon_engineer_cannon_large__625x565,0.95,[],NO_VISIBLE_TEXT,False,
342,fb3d4b7bdcf5505797f86cffd17d04e5fc32f3ab,analysis/figma/raw/images/fb3d4b7bdcf5505797f86cffd17d04e5fc32f3ab,c6d31753476eefb819839e82e6771e5af8769ee4a1a4dd1e4b72b7c001f04679,b9d3c66699596134,1711,1827,0.936508,PNG,image/png,RGBA,True,"{""x"": 0, ""y"": 0, ""w"": 1711, ""h"": 1827}",2115155,12503988,0.0,,"[""NEAR-135""]",hero,hero_bunny_assassin__1711x1827,0.95,"[""SCREEN-003"", ""SCREEN-007""]",NO_VISIBLE_TEXT,False,
343,fc1cc64139c8c276f0575a4ede022749b073a75c,analysis/figma/raw/images/fc1cc64139c8c276f0575a4ede022749b073a75c,f319037f91057ff360e32f5019ce054dc5d4c47c9a076addcd136ac868df2e21,e8c1bb53c4be9524,1540,1564,0.984655,PNG,image/png,RGBA,True,"{""x"": 0, ""y"": 0, ""w"": 1540, ""h"": 1564}",1544111,9634240,0.0,,"[""NEAR-162""]",ui,ui_icon_dragon_red__1540x1564,0.95,"[""SCREEN-003""]",NO_VISIBLE_TEXT,False,
344,fc52b4b7e95a3cce76c415a98144008fa17c304f,analysis/figma/raw/images/fc52b4b7e95a3cce76c415a98144008fa17c304f,455736138b1c22b93de7212c0bb67f62224ab7b00da8e73f1e090dce90612fa3,eecced72d20380d9,384,256,1.5,PNG,image/png,RGBA,True,"{""x"": 0, ""y"": 0, ""w"": 384, ""h"": 256}",251971,393216,0.0,,"[""NEAR-056""]",branding,branding_hero_collage__384x256_variant2,0.85,[],NO_VISIBLE_TEXT,False,
345,fcb06634e345c076cd030ae74ed295778eaf95c2,analysis/figma/raw/images/fcb06634e345c076cd030ae74ed295778eaf95c2,75071d4d2bfc1534c8f436de3a73b93da1beface1625f3e98e4a9acdc6978ff9,ad929b35a56c1a4b,623,626,0.995208,PNG,image/png,RGBA,True,"{""x"": 0, ""y"": 0, ""w"": 623, ""h"": 626}",305254,1559992,0.0,,"[""NEAR-128""]",equipment,equipment_panda_monk_staff__623x626,0.95,[],NO_VISIBLE_TEXT,False,
346,fcde5112810dcc9a0455991ee80c16b8e547857e,analysis/figma/raw/images/fcde5112810dcc9a0455991ee80c16b8e547857e,0a424722b10847e1dcbd9e9f2f0b01110bed2c58fb29aaf6eaca9835278035ce,bec88d236b72270e,237,264,0.897727,PNG,image/png,RGBA,True,"{""x"": 0, ""y"": 0, ""w"": 237, ""h"": 264}",101129,250272,0.0,,"[""NEAR-146""]",relic,relic_gold_hammer__237x264,0.85,[],NO_VISIBLE_TEXT,False,
347,fe138567268deb1ce754c3226b89ef06cb95c1e6,analysis/figma/raw/images/fe138567268deb1ce754c3226b89ef06cb95c1e6,9d7745bbacaa81655615cd4a9fc071879c4ad2e0cbb6e62ba53c16cb36975390,9b924369acecd6d0,648,590,1.098305,PNG,image/png,RGBA,True,"{""x"": 0, ""y"": 0, ""w"": 648, ""h"": 590}",544698,1529280,0.0,,"[""NEAR-167""]",portrait,portrait_panda_monk__648x590,0.95,[],NO_VISIBLE_TEXT,False,
348,fe361baf447b5629369e3a85a3dd3b7a1229c26e,analysis/figma/raw/images/fe361baf447b5629369e3a85a3dd3b7a1229c26e,6b2643af8d76215892416fcb7481549875d9dc41e2ee58bec942e303ef4cfaac,e799e06e8b3386c4,527,591,0.891709,PNG,image/png,RGBA,True,"{""x"": 0, ""y"": 0, ""w"": 527, ""h"": 591}",398252,1245828,0.0,,"[""NEAR-157""]",relic,relic_gold_bird_mask__527x591,0.95,"[""SCREEN-005""]",NO_VISIBLE_TEXT,False,
349,fee263da58d83039825169394584a69fd9f99f5f,analysis/figma/raw/images/fee263da58d83039825169394584a69fd9f99f5f,f5bb046adbe70954cf268550b8a36bd1e56f265b92d7bc1b917ad7a93ed1ae4b,cccc9332d8db2dc8,458,423,1.082742,PNG,image/png,RGBA,True,"{""x"": 0, ""y"": 0, ""w"": 458, ""h"": 423}",234707,774936,0.0,,,equipment,equipment_lion_knight_shield__458x423,0.95,[],NO_VISIBLE_TEXT,False,
350,ff5ce2c23792a21cc93445e282419d3ec5af9162,analysis/figma/raw/images/ff5ce2c23792a21cc93445e282419d3ec5af9162,47a815ccb19b553cbef18fe92803bf56101bcfc6b3b5e6d663a26915087d5255,dbc0b90fcc1e6668,279,246,1.134146,PNG,image/png,RGBA,True,"{""x"": 0, ""y"": 0, ""w"": 279, ""h"": 246}",133662,274536,0.0,,"[""NEAR-028""]",equipment,equipment_raccoon_engineer_ring_clock__279x246,0.85,[],NO_VISIBLE_TEXT,False,
351,ff9f96b2ace9f7383bac0ca086da85cef7840773,analysis/figma/raw/images/ff9f96b2ace9f7383bac0ca086da85cef7840773,e555d2f4f1d2f91c8c56cd66f46d6aacf3d4bca00c1fc01237ca9a2b001001a5,d996136ca3d63c83,352,333,1.057057,PNG,image/png,RGBA,True,"{""x"": 0, ""y"": 0, ""w"": 352, ""h"": 333}",154094,468864,0.0,,"[""NEAR-129""]",ui,ui_nav_crystal_relic__352x333,0.85,[],NO_VISIBLE_TEXT,False,
