asset_id,source,owner_license_status,allowed_in_production,notes,owner,license_identifier,distribution_proof_file,distribution_proof_sha256,source_sha256,scope,release_status,reviewed_at,verification_task
ui_icon_crystal_snowflake__330x336,analysis/figma/raw/images/01a23149e09e72fa8ac700f6e0a62ad010a041f9,USER_PROVIDED_RIGHTS_UNVERIFIED,NO,"No ownership/license grant located in supplied source or project documents; supplied Figma is provenance, not distribution proof. Release exclusion retained until evidence review.",UNKNOWN,UNKNOWN,,,7d440b12e9b5a2d1a074f54883ff124d5adbde1ba8ab07c2256c2409a8fe4f68,USED_IN_MVP,EXCLUDED_RIGHTS_UNVERIFIED,2026-09-08,TASK-0028
ui_frame_magic_gold__323x441,analysis/figma/raw/images/02730f95ce54e51cd6c92682fae4c880e893f520,USER_PROVIDED_RIGHTS_UNVERIFIED,NO,"No ownership/license grant located in supplied source or project documents; supplied Figma is provenance, not distribution proof. Release exclusion retained until evidence review.",UNKNOWN,UNKNOWN,,,8bec1ea9c31e1b76bb2ad0857e02a5e9a0d5361a38c2c003e06154ecd742e28b,USED_IN_MVP,EXCLUDED_RIGHTS_UNVERIFIED,2026-09-08,TASK-0028
currency_gem_blue__300x252,analysis/figma/raw/images/027fb1a160a836ad27c008214bdd44046699c6b3,USER_PROVIDED_RIGHTS_UNVERIFIED,NO,"No ownership/license grant located in supplied source or project documents; supplied Figma is provenance, not distribution proof. Release exclusion retained until evidence review.",UNKNOWN,UNKNOWN,,,98f748832c288eca96aa9b561cf92c4514f4764cf7ddc08ec03cdcf886d79fd9,USED_IN_MVP,EXCLUDED_RIGHTS_UNVERIFIED,2026-09-08,TASK-0028
equipment_fox_sorcerer_staff__462x747,analysis/figma/raw/images/02a4dde377213241fff0dc579b2094999cc76847,USER_PROVIDED_RIGHTS_UNVERIFIED,NO,"No ownership/license grant located in supplied source or project documents; supplied Figma is provenance, not distribution proof. Release exclusion retained until evidence review.",UNKNOWN,UNKNOWN,,,79721ca5ecb40c17dd507586c745450d238c1232b7bd035367575b0224605552,USED_IN_MVP,EXCLUDED_RIGHTS_UNVERIFIED,2026-09-08,TASK-0028
relic_compass_gold__538x602,analysis/figma/raw/images/02cacfc26701953eb11a6dfc5b4e46ff4b8f6d75,USER_PROVIDED_RIGHTS_UNVERIFIED,NO,"No ownership/license grant located in supplied source or project documents; supplied Figma is provenance, not distribution proof. Release exclusion retained until evidence review.",UNKNOWN,UNKNOWN,,,83addef0f4fb65cfceff32bab38c40c1dd758fe4b2d8f0dcc35329487cbb008f,USED_POST_MVP,EXCLUDED_RIGHTS_UNVERIFIED,2026-09-08,TASK-0028
ui_icon_crown__353x325,analysis/figma/raw/images/0340666bee1059d8aef76d0dc38c26ba9429cc3d,USER_PROVIDED_RIGHTS_UNVERIFIED,NO,"No ownership/license grant located in supplied source or project documents; supplied Figma is provenance, not distribution proof. Release exclusion retained until evidence review.",UNKNOWN,UNKNOWN,,,f4e10b4aae9f5b7ed63d5ca974a86cfbaf9ad917a911e659e94612df76dab518,USED_IN_MVP,EXCLUDED_RIGHTS_UNVERIFIED,2026-09-08,TASK-0028
equipment_elf_archer_hood__311x328,analysis/figma/raw/images/034be57911f70df8a8504a42e69cb4eb200d2b7a,USER_PROVIDED_RIGHTS_UNVERIFIED,NO,"No ownership/license grant located in supplied source or project documents; supplied Figma is provenance, not distribution proof. Release exclusion retained until evidence review.",UNKNOWN,UNKNOWN,,,9120a2e104e6dd85579d3234caafd75a786d77dc113db298805f35627e2aac98,USED_IN_MVP,EXCLUDED_RIGHTS_UNVERIFIED,2026-09-08,TASK-0028
relic_infernal_mask__1628x1757,analysis/figma/raw/images/0431d4a4bcacc5183a9b0f2d3c635e4eb47856b9,USER_PROVIDED_RIGHTS_UNVERIFIED,NO,"No ownership/license grant located in supplied source or project documents; supplied Figma is provenance, not distribution proof. Release exclusion retained until evidence review.",UNKNOWN,UNKNOWN,,,562460c20896f47952619b5aa3afe1d0135d3b177e9cb0b9e0b58fa28ea08e93,USED_POST_MVP,EXCLUDED_RIGHTS_UNVERIFIED,2026-09-08,TASK-0028
hero_ice_fairy__430x435,analysis/figma/raw/images/05534612ec3043db12c74f036585a065bb002b07,USER_PROVIDED_RIGHTS_UNVERIFIED,NO,"No ownership/license grant located in supplied source or project documents; supplied Figma is provenance, not distribution proof. Release exclusion retained until evidence review.",UNKNOWN,UNKNOWN,,,537e1126739256391509a32336c907a37a22e91cd73f4e97e8402b55f38cf6d3,USED_IN_MVP,EXCLUDED_RIGHTS_UNVERIFIED,2026-09-08,TASK-0028
enemy_poison_mushroom__1596x1576,analysis/figma/raw/images/05a04461351d086a16a2c9b63bc7c05772867132,USER_PROVIDED_RIGHTS_UNVERIFIED,NO,"No ownership/license grant located in supplied source or project documents; supplied Figma is provenance, not distribution proof. Release exclusion retained until evidence review.",UNKNOWN,UNKNOWN,,,41aa0e1ac6e0eb6205846f41196a20372274580c3b45ffe5733bdbf86ee0a0b7,USED_IN_MVP,EXCLUDED_RIGHTS_UNVERIFIED,2026-09-08,TASK-0028
equipment_bunny_assassin_pants__261x290,analysis/figma/raw/images/06cd33d87f0b29a2964c598bf7e3124a59294bad,USER_PROVIDED_RIGHTS_UNVERIFIED,NO,"No ownership/license grant located in supplied source or project documents; supplied Figma is provenance, not distribution proof. Release exclusion retained until evidence review.",UNKNOWN,UNKNOWN,,,3d5df4d8d308bf1a8e334541dd302b34fdc06088f388b14a6fd51cf887c4da83,USED_IN_MVP,EXCLUDED_RIGHTS_UNVERIFIED,2026-09-08,TASK-0028
branding_hero_collage__1536x1024,analysis/figma/raw/images/0776e9c3b4670521067e7b4d5751c86deac1e358,USER_PROVIDED_RIGHTS_UNVERIFIED,NO,"No ownership/license grant located in supplied source or project documents; supplied Figma is provenance, not distribution proof. Release exclusion retained until evidence review.",UNKNOWN,UNKNOWN,,,701846984cec94771523267c0425b1600a935382acb03e4e7b8b038c70f9bf43,USED_IN_MVP,EXCLUDED_RIGHTS_UNVERIFIED,2026-09-08,TASK-0028
reward_gold_chest__1254x1254,analysis/figma/raw/images/07938c8d6fff7ef8f5f691688e4860a8e46ddffa,USER_PROVIDED_RIGHTS_UNVERIFIED,NO,"No ownership/license grant located in supplied source or project documents; supplied Figma is provenance, not distribution proof. Release exclusion retained until evidence review.",UNKNOWN,UNKNOWN,,,188b86dcf82eefca301f55c9cd4a012c6522c731810b73d11757ed5c5c263ab0,USED_IN_MVP,EXCLUDED_RIGHTS_UNVERIFIED,2026-09-08,TASK-0028
ui_button_red_square__1580x1579,analysis/figma/raw/images/08b1bc2751f3b6f0d6d9b634e5c8a9bb021199ef,USER_PROVIDED_RIGHTS_UNVERIFIED,NO,"No ownership/license grant located in supplied source or project documents; supplied Figma is provenance, not distribution proof. Release exclusion retained until evidence review.",UNKNOWN,UNKNOWN,,,552ce9ca7d9a4168248e9f2b1af9c6ad9fa2413ec80bd798abe4d8ef179c616f,USED_IN_MVP,EXCLUDED_RIGHTS_UNVERIFIED,2026-09-08,TASK-0028
ui_bar_cyan_fill__335x53,analysis/figma/raw/images/092ac501041d697546d50159ce69fa085983abcb,USER_PROVIDED_RIGHTS_UNVERIFIED,NO,"No ownership/license grant located in supplied source or project documents; supplied Figma is provenance, not distribution proof. Release exclusion retained until evidence review.",UNKNOWN,UNKNOWN,,,100ccd3992f30b999f8258a97aa2c08613ef6a6e8e8db539d06d34488dd2e8df,USED_IN_MVP,EXCLUDED_RIGHTS_UNVERIFIED,2026-09-08,TASK-0028
enemy_swamp_crocodile__474x358,analysis/figma/raw/images/09bfd4ac03b6b9ef80b573897cf0839e13037230,USER_PROVIDED_RIGHTS_UNVERIFIED,NO,"No ownership/license grant located in supplied source or project documents; supplied Figma is provenance, not distribution proof. Release exclusion retained until evidence review.",UNKNOWN,UNKNOWN,,,15304ce778149e7057a2564cb0250d251c628a20a5015971b7f23c013e662d37,USED_IN_MVP,EXCLUDED_RIGHTS_UNVERIFIED,2026-09-08,TASK-0028
equipment_ice_fairy_boots__289x278,analysis/figma/raw/images/0a0e8be3bb2ff3816b58a759156e65a7f21fb8f4,USER_PROVIDED_RIGHTS_UNVERIFIED,NO,"No ownership/license grant located in supplied source or project documents; supplied Figma is provenance, not distribution proof. Release exclusion retained until evidence review.",UNKNOWN,UNKNOWN,,,ab659dd75576e5dcf484f8d92d1438548ae1bb543fd129674bc287473b67e954,USED_IN_MVP,EXCLUDED_RIGHTS_UNVERIFIED,2026-09-08,TASK-0028
ui_frame_equipment_gold__259x387,analysis/figma/raw/images/0a3daa5714e0526d57a8f4de13d2b6233b30a292,USER_PROVIDED_RIGHTS_UNVERIFIED,NO,"No ownership/license grant located in supplied source or project documents; supplied Figma is provenance, not distribution proof. Release exclusion retained until evidence review.",UNKNOWN,UNKNOWN,,,ed1bd6fe0e29e07f44046f2db81ac0456bcceb5943b2ebb1d8702badbfe7d8db,USED_IN_MVP,EXCLUDED_RIGHTS_UNVERIFIED,2026-09-08,TASK-0028
hero_raccoon_engineer__405x416,analysis/figma/raw/images/0ac29d5d34a548d42a7f415c8a753877e9e9cf6d,USER_PROVIDED_RIGHTS_UNVERIFIED,NO,"No ownership/license grant located in supplied source or project documents; supplied Figma is provenance, not distribution proof. Release exclusion retained until evidence review.",UNKNOWN,UNKNOWN,,,3cc4090d237bd314c8cfd5c7667ccfd918c4e5583b3ff9f561720d35d6fb5396,USED_IN_MVP,EXCLUDED_RIGHTS_UNVERIFIED,2026-09-08,TASK-0028
ui_frame_heart_wings__432x404,analysis/figma/raw/images/0adf1ea1483dd69e64864417cfad5467a9f756f9,USER_PROVIDED_RIGHTS_UNVERIFIED,NO,"No ownership/license grant located in supplied source or project documents; supplied Figma is provenance, not distribution proof. Release exclusion retained until evidence review.",UNKNOWN,UNKNOWN,,,b51017dbb49621c1e2452a79c838861123fcf389d7b5bab3777628bbd88b08ba,USED_IN_MVP,EXCLUDED_RIGHTS_UNVERIFIED,2026-09-08,TASK-0028
branding_logo__1448x1086,analysis/figma/raw/images/0af28b86d0bf4dd07dcc86106fa47288eb5e449c,USER_PROVIDED_RIGHTS_UNVERIFIED,NO,"No ownership/license grant located in supplied source or project documents; supplied Figma is provenance, not distribution proof. Release exclusion retained until evidence review.",UNKNOWN,UNKNOWN,,,28d32483760d5025b9137c076d5532188ce549439202f00740ba027f2e8fea7d,USED_IN_MVP,EXCLUDED_RIGHTS_UNVERIFIED,2026-09-08,TASK-0028
equipment_turtle_warrior_ring__534x437,analysis/figma/raw/images/0b2bf358d7101831113c0546963d06e71534f4cb,USER_PROVIDED_RIGHTS_UNVERIFIED,NO,"No ownership/license grant located in supplied source or project documents; supplied Figma is provenance, not distribution proof. Release exclusion retained until evidence review.",UNKNOWN,UNKNOWN,,,88668671dc6a6233c8618a4dd8eb256cc82bcbb378c3926b460bf41404e63c18,USED_IN_MVP,EXCLUDED_RIGHTS_UNVERIFIED,2026-09-08,TASK-0028
boss_frost_dragon__499x482,analysis/figma/raw/images/0c533b392e238edbbc6070da6d92a522e2a480b0,USER_PROVIDED_RIGHTS_UNVERIFIED,NO,"No ownership/license grant located in supplied source or project documents; supplied Figma is provenance, not distribution proof. Release exclusion retained until evidence review.",UNKNOWN,UNKNOWN,,,c2dee402177403c8d632e48b44ee906055903caa67b4990fa59dcd9238c70147,USED_IN_MVP,EXCLUDED_RIGHTS_UNVERIFIED,2026-09-08,TASK-0028
equipment_fox_sorcerer_ring__452x543,analysis/figma/raw/images/0c6ccea79d2675660a690d1fbf6aff624f31024a,USER_PROVIDED_RIGHTS_UNVERIFIED,NO,"No ownership/license grant located in supplied source or project documents; supplied Figma is provenance, not distribution proof. Release exclusion retained until evidence review.",UNKNOWN,UNKNOWN,,,11c9ff5cadf10515512147fcd58535b9c445de1fcb624cf5a5bf19c8c2fdc4ff,USED_IN_MVP,EXCLUDED_RIGHTS_UNVERIFIED,2026-09-08,TASK-0028
ui_icon_upgrade_arrow__1302x1413,analysis/figma/raw/images/0cf9cf29b984c58a7af8eb8b445cdbb1123a44c8,USER_PROVIDED_RIGHTS_UNVERIFIED,NO,"No ownership/license grant located in supplied source or project documents; supplied Figma is provenance, not distribution proof. Release exclusion retained until evidence review.",UNKNOWN,UNKNOWN,,,a8a64e50da1df1b2c132f7a485d0215271425520362047a3a542fa213fa5bfde,USED_IN_MVP,EXCLUDED_RIGHTS_UNVERIFIED,2026-09-08,TASK-0028
equipment_ice_fairy_staff_spear__435x899,analysis/figma/raw/images/0cfd855bcdef93e33e3e68babd5866bcf2fa4162,USER_PROVIDED_RIGHTS_UNVERIFIED,NO,"No ownership/license grant located in supplied source or project documents; supplied Figma is provenance, not distribution proof. Release exclusion retained until evidence review.",UNKNOWN,UNKNOWN,,,32388b31042b8f382df34a8e8e511e2e4f5b5e020c2be1ee72222e32890e1c46,USED_IN_MVP,EXCLUDED_RIGHTS_UNVERIFIED,2026-09-08,TASK-0028
equipment_owl_mage_ring_crescent__413x553,analysis/figma/raw/images/0d8dfc1da087dbdb043b08faed0eb0b12b49c371,USER_PROVIDED_RIGHTS_UNVERIFIED,NO,"No ownership/license grant located in supplied source or project documents; supplied Figma is provenance, not distribution proof. Release exclusion retained until evidence review.",UNKNOWN,UNKNOWN,,,5652b9fb3db25e09b142ff050ce4fd27d1eb37c52ed6b95dea1931cd3d8c09c0,USED_IN_MVP,EXCLUDED_RIGHTS_UNVERIFIED,2026-09-08,TASK-0028
equipment_inferno_dragon_ring__306x425,analysis/figma/raw/images/0e5e63d6d0df4a896df8e9e3731dfe440e0360d3,USER_PROVIDED_RIGHTS_UNVERIFIED,NO,"No ownership/license grant located in supplied source or project documents; supplied Figma is provenance, not distribution proof. Release exclusion retained until evidence review.",UNKNOWN,UNKNOWN,,,a2135ea0283ce501c3f5282bf63e9049626bc24424fe234f244ded1a77d7bd09,USED_IN_MVP,EXCLUDED_RIGHTS_UNVERIFIED,2026-09-08,TASK-0028
portrait_elf_archer__324x296,analysis/figma/raw/images/104dcd5307e71acef9d8a52d8db1a9e2e960a814,USER_PROVIDED_RIGHTS_UNVERIFIED,NO,"No ownership/license grant located in supplied source or project documents; supplied Figma is provenance, not distribution proof. Release exclusion retained until evidence review.",UNKNOWN,UNKNOWN,,,0aede10a3babd0ef8ad6b0d42556ac0388bef2d0caec7a8b715818c328648cd1,USED_IN_MVP,EXCLUDED_RIGHTS_UNVERIFIED,2026-09-08,TASK-0028
portrait_raccoon_engineer__331x296,analysis/figma/raw/images/12124c5ba3d45e740c85976a849ad20d62a751c0,USER_PROVIDED_RIGHTS_UNVERIFIED,NO,"No ownership/license grant located in supplied source or project documents; supplied Figma is provenance, not distribution proof. Release exclusion retained until evidence review.",UNKNOWN,UNKNOWN,,,83f194e4e2c1b9cf4e22a3dadb9209d3d062535ede9935a9972c23be963ed350,USED_IN_MVP,EXCLUDED_RIGHTS_UNVERIFIED,2026-09-08,TASK-0028
equipment_raccoon_engineer_ring_clock__558x491,analysis/figma/raw/images/13562fe59895c6ec439ecf556040bd2e2f4f25a7,USER_PROVIDED_RIGHTS_UNVERIFIED,NO,"No ownership/license grant located in supplied source or project documents; supplied Figma is provenance, not distribution proof. Release exclusion retained until evidence review.",UNKNOWN,UNKNOWN,,,8af4b9bba0ca46968282c9b4dca048bce055fc3c5276952b59e91fc2c4996bf0,USED_IN_MVP,EXCLUDED_RIGHTS_UNVERIFIED,2026-09-08,TASK-0028
hero_fox_sorcerer__457x420,analysis/figma/raw/images/136e2c3daa100e5c10e35a8e6e483bbcab334c7d,USER_PROVIDED_RIGHTS_UNVERIFIED,NO,"No ownership/license grant located in supplied source or project documents; supplied Figma is provenance, not distribution proof. Release exclusion retained until evidence review.",UNKNOWN,UNKNOWN,,,bded8080e12bd31df451430a20948a1e4190182f7a509bbc307ced469c0825d9,USED_IN_MVP,EXCLUDED_RIGHTS_UNVERIFIED,2026-09-08,TASK-0028
equipment_fox_sorcerer_staff__231x374,analysis/figma/raw/images/159634f01579f83f29dd08cad88628ab01ae0f62,USER_PROVIDED_RIGHTS_UNVERIFIED,NO,"No ownership/license grant located in supplied source or project documents; supplied Figma is provenance, not distribution proof. Release exclusion retained until evidence review.",UNKNOWN,UNKNOWN,,,ac234bb903a02124235d830d4740bd3f25719af669b9172cd1fb723277b9ea44,USED_IN_MVP,EXCLUDED_RIGHTS_UNVERIFIED,2026-09-08,TASK-0028
equipment_ice_fairy_robe__335x377,analysis/figma/raw/images/1660096ef0fb0a817a58f20baa2a15ae8fcf4f13,USER_PROVIDED_RIGHTS_UNVERIFIED,NO,"No ownership/license grant located in supplied source or project documents; supplied Figma is provenance, not distribution proof. Release exclusion retained until evidence review.",UNKNOWN,UNKNOWN,,,bb830bde653e0cbc23c64a8cc614c1500ffa52542feef94dc9eb4ded2c3d19db,USED_IN_MVP,EXCLUDED_RIGHTS_UNVERIFIED,2026-09-08,TASK-0028
equipment_ice_fairy_ring_gem__465x536,analysis/figma/raw/images/167b955bffaeeb6cc65e384a90dbe8318b6469eb,USER_PROVIDED_RIGHTS_UNVERIFIED,NO,"No ownership/license grant located in supplied source or project documents; supplied Figma is provenance, not distribution proof. Release exclusion retained until evidence review.",UNKNOWN,UNKNOWN,,,4f9daeb4f0172bf2bb87046c67ad376f31b71ec2b4fb7864a18a8bbbfe9ae6b2,USED_IN_MVP,EXCLUDED_RIGHTS_UNVERIFIED,2026-09-08,TASK-0028
ui_frame_orange_wings__429x416,analysis/figma/raw/images/1aa2cad57ec093d74ced0b3cb6507e28f7ad140c,USER_PROVIDED_RIGHTS_UNVERIFIED,NO,"No ownership/license grant located in supplied source or project documents; supplied Figma is provenance, not distribution proof. Release exclusion retained until evidence review.",UNKNOWN,UNKNOWN,,,d216e66385550b3642cf69c32147ceb903e01b3330b505d04a725a8ec54099f2,USED_IN_MVP,EXCLUDED_RIGHTS_UNVERIFIED,2026-09-08,TASK-0028
relic_fire_crystal__447x635,analysis/figma/raw/images/1adf237e14b08e2b9e68c12ebdc0f77382c34b17,USER_PROVIDED_RIGHTS_UNVERIFIED,NO,"No ownership/license grant located in supplied source or project documents; supplied Figma is provenance, not distribution proof. Release exclusion retained until evidence review.",UNKNOWN,UNKNOWN,,,32f8e12519e194908bb48f850b086d016f9636a02667035141bf8b87fe10c6c6,USED_POST_MVP,EXCLUDED_RIGHTS_UNVERIFIED,2026-09-08,TASK-0028
decoration_raccoon_castle__1254x1254,analysis/figma/raw/images/1ae552b846d2cd9a35035f2b16555df744df4a32,USER_PROVIDED_RIGHTS_UNVERIFIED,NO,"No ownership/license grant located in supplied source or project documents; supplied Figma is provenance, not distribution proof. Release exclusion retained until evidence review.",UNKNOWN,UNKNOWN,,,18e4da1c4e7254a0be2f85a77b5f16886969d81094bbef60211d016baabe052d,USED_IN_MVP,EXCLUDED_RIGHTS_UNVERIFIED,2026-09-08,TASK-0028
ui_panel_blue_square__1448x1614,analysis/figma/raw/images/1bec326d67982d2b37b0bf94fdceb5e11c18095d,USER_PROVIDED_RIGHTS_UNVERIFIED,NO,"No ownership/license grant located in supplied source or project documents; supplied Figma is provenance, not distribution proof. Release exclusion retained until evidence review.",UNKNOWN,UNKNOWN,,,3c6d4b076f85591581f834359f293c58b9555b73db070f15b6c6a78c28a92158,USED_IN_MVP,EXCLUDED_RIGHTS_UNVERIFIED,2026-09-08,TASK-0028
hero_elf_archer__1797x1858,analysis/figma/raw/images/1e615ffee51f6045a4682a21538b096f62e47134,USER_PROVIDED_RIGHTS_UNVERIFIED,NO,"No ownership/license grant located in supplied source or project documents; supplied Figma is provenance, not distribution proof. Release exclusion retained until evidence review.",UNKNOWN,UNKNOWN,,,f66d72d08e1210eafa306471c8867f9b06ae849ff9fd77eae6df7604525c0be7,USED_IN_MVP,EXCLUDED_RIGHTS_UNVERIFIED,2026-09-08,TASK-0028
equipment_elf_archer_coat__332x313,analysis/figma/raw/images/207cfefaffb4ac766f12ef881d0ff2c934130535,USER_PROVIDED_RIGHTS_UNVERIFIED,NO,"No ownership/license grant located in supplied source or project documents; supplied Figma is provenance, not distribution proof. Release exclusion retained until evidence review.",UNKNOWN,UNKNOWN,,,1119d40c83041d4af538933e75b6348d5d02d6d30828ee69070bd1f82b04ca1b,USED_IN_MVP,EXCLUDED_RIGHTS_UNVERIFIED,2026-09-08,TASK-0028
relic_wolf_mask__240x317,analysis/figma/raw/images/22d068463183b40f7113e48fb8a193d0748bd89c,USER_PROVIDED_RIGHTS_UNVERIFIED,NO,"No ownership/license grant located in supplied source or project documents; supplied Figma is provenance, not distribution proof. Release exclusion retained until evidence review.",UNKNOWN,UNKNOWN,,,8e3417f70b66228ac77bdf7d5b5f3a556582426d80b3d3f171608d6438a91fbb,USED_POST_MVP,EXCLUDED_RIGHTS_UNVERIFIED,2026-09-08,TASK-0028
boss_infernal_dragon__1968x1659,analysis/figma/raw/images/24e7b4b661c7ee64dfa762ed3c11611dc92191b0,USER_PROVIDED_RIGHTS_UNVERIFIED,NO,"No ownership/license grant located in supplied source or project documents; supplied Figma is provenance, not distribution proof. Release exclusion retained until evidence review.",UNKNOWN,UNKNOWN,,,2d060451d45ab5b82785cec7a77472d9cc21f1ff19de2fc5856379d96b24ae12,USED_IN_MVP,EXCLUDED_RIGHTS_UNVERIFIED,2026-09-08,TASK-0028
equipment_ice_fairy_boots__578x556,analysis/figma/raw/images/26136bc5cc95a7230b2b40e0333a783605c4cd2d,USER_PROVIDED_RIGHTS_UNVERIFIED,NO,"No ownership/license grant located in supplied source or project documents; supplied Figma is provenance, not distribution proof. Release exclusion retained until evidence review.",UNKNOWN,UNKNOWN,,,c13e7e70598dff3947a946a6c7578c31e79d136b4a51113ca94df2546ae03894,USED_IN_MVP,EXCLUDED_RIGHTS_UNVERIFIED,2026-09-08,TASK-0028
ui_frame_purple_orb__357x360,analysis/figma/raw/images/26709afb60ab655eba934861a8765d7ead7d951e,USER_PROVIDED_RIGHTS_UNVERIFIED,NO,"No ownership/license grant located in supplied source or project documents; supplied Figma is provenance, not distribution proof. Release exclusion retained until evidence review.",UNKNOWN,UNKNOWN,,,19fa40dd0088641f9dbe4b5d0199c1971173867e31250f850631aaea75d1495d,USED_IN_MVP,EXCLUDED_RIGHTS_UNVERIFIED,2026-09-08,TASK-0028
equipment_inferno_dragon_sword__279x402,analysis/figma/raw/images/26a707abab8df237a6b554a0bca024fad16b0587,USER_PROVIDED_RIGHTS_UNVERIFIED,NO,"No ownership/license grant located in supplied source or project documents; supplied Figma is provenance, not distribution proof. Release exclusion retained until evidence review.",UNKNOWN,UNKNOWN,,,701cc0a4519f66f347bfa1bfeca78111adeb56f08c7b8ff23fdd57be3b8992bb,USED_IN_MVP,EXCLUDED_RIGHTS_UNVERIFIED,2026-09-08,TASK-0028
hero_turtle_warrior__454x405,analysis/figma/raw/images/2704c8e4d69345be4fd9b883a269bdeb3611375e,USER_PROVIDED_RIGHTS_UNVERIFIED,NO,"No ownership/license grant located in supplied source or project documents; supplied Figma is provenance, not distribution proof. Release exclusion retained until evidence review.",UNKNOWN,UNKNOWN,,,42507c5b58ee689177ecd740a547272be22ddac912dd5509115ddc8751c1c5c6,USED_IN_MVP,EXCLUDED_RIGHTS_UNVERIFIED,2026-09-08,TASK-0028
background_grass_platform__754x329,analysis/figma/raw/images/27498cd527af92b2768eef17c1e5cd6a9454328a,USER_PROVIDED_RIGHTS_UNVERIFIED,NO,"No ownership/license grant located in supplied source or project documents; supplied Figma is provenance, not distribution proof. Release exclusion retained until evidence review.",UNKNOWN,UNKNOWN,,,c82b2020a1a80aa6f3468574256a11d2ab83ce0f72b8980d5866357d38b97dd0,USED_IN_MVP,EXCLUDED_RIGHTS_UNVERIFIED,2026-09-08,TASK-0028
enemy_toxic_slime__1654x1388,analysis/figma/raw/images/27d3ca679aff035f5275fb0758710d482bf2f399,USER_PROVIDED_RIGHTS_UNVERIFIED,NO,"No ownership/license grant located in supplied source or project documents; supplied Figma is provenance, not distribution proof. Release exclusion retained until evidence review.",UNKNOWN,UNKNOWN,,,8a5c6aaa363f8decbf070b5f41175355efc664ec509bb8f4b45fe03dcf0cce7a,USED_IN_MVP,EXCLUDED_RIGHTS_UNVERIFIED,2026-09-08,TASK-0028
equipment_ice_fairy_ring_gem__233x268,analysis/figma/raw/images/27ec234b70e5c41081959a8665c00ab83a148594,USER_PROVIDED_RIGHTS_UNVERIFIED,NO,"No ownership/license grant located in supplied source or project documents; supplied Figma is provenance, not distribution proof. Release exclusion retained until evidence review.",UNKNOWN,UNKNOWN,,,f1035f26198a3bccdc3912c7749b6152ecbee370dd992829f60aea4cf07fee91,USED_IN_MVP,EXCLUDED_RIGHTS_UNVERIFIED,2026-09-08,TASK-0028
ui_frame_board_slot__244x219,analysis/figma/raw/images/289edf8d7d4cc89271745df76c84e59a84441d75,USER_PROVIDED_RIGHTS_UNVERIFIED,NO,"No ownership/license grant located in supplied source or project documents; supplied Figma is provenance, not distribution proof. Release exclusion retained until evidence review.",UNKNOWN,UNKNOWN,,,0d3c6287b32fd09d6a0dab7045ce740ea3058151b2627c3e13f2365c2f61063b,USED_IN_MVP,EXCLUDED_RIGHTS_UNVERIFIED,2026-09-08,TASK-0028
ui_panel_plain_navy__282x500,analysis/figma/raw/images/29d4b3a5e3bb07d8d4d82add1e71cc5c879233f6,USER_PROVIDED_RIGHTS_UNVERIFIED,NO,"No ownership/license grant located in supplied source or project documents; supplied Figma is provenance, not distribution proof. Release exclusion retained until evidence review.",UNKNOWN,UNKNOWN,,,e5d2d4a82f9a6acb3838965f1867b8d33d1a08252f31e5004c9a0bba40ad196d,USED_IN_MVP,EXCLUDED_RIGHTS_UNVERIFIED,2026-09-08,TASK-0028
portrait_elf_archer__647x592,analysis/figma/raw/images/29d71879d7ca4f81f849d09d382caabbee442d6a,USER_PROVIDED_RIGHTS_UNVERIFIED,NO,"No ownership/license grant located in supplied source or project documents; supplied Figma is provenance, not distribution proof. Release exclusion retained until evidence review.",UNKNOWN,UNKNOWN,,,bef3295f46a703605063c0b01fb5234778ce8ebba9df2a2405e1f5555482e184,USED_IN_MVP,EXCLUDED_RIGHTS_UNVERIFIED,2026-09-08,TASK-0028
equipment_owl_mage_robe_crescent__611x673,analysis/figma/raw/images/2a448a50e985e72af9e22c1145c95b359c87b74a,USER_PROVIDED_RIGHTS_UNVERIFIED,NO,"No ownership/license grant located in supplied source or project documents; supplied Figma is provenance, not distribution proof. Release exclusion retained until evidence review.",UNKNOWN,UNKNOWN,,,5c2251775dd57dc972cb0f98e9b52764c97a863303375f9d857b2d41ca192ac3,USED_IN_MVP,EXCLUDED_RIGHTS_UNVERIFIED,2026-09-08,TASK-0028
equipment_panda_monk_pants__269x284,analysis/figma/raw/images/2ac06680b310c2e4c49f64eb7d85013490aa3a3d,USER_PROVIDED_RIGHTS_UNVERIFIED,NO,"No ownership/license grant located in supplied source or project documents; supplied Figma is provenance, not distribution proof. Release exclusion retained until evidence review.",UNKNOWN,UNKNOWN,,,109edb53a67ef63dd336fdfd437d5c2c06f0ab910c899bbf779c28971fd6d71c,USED_IN_MVP,EXCLUDED_RIGHTS_UNVERIFIED,2026-09-08,TASK-0028
equipment_elf_archer_bow__281x370,analysis/figma/raw/images/2ae1207478c6cad2336a4eb0ddb7e802654cbb4f,USER_PROVIDED_RIGHTS_UNVERIFIED,NO,"No ownership/license grant located in supplied source or project documents; supplied Figma is provenance, not distribution proof. Release exclusion retained until evidence review.",UNKNOWN,UNKNOWN,,,cbcaa6827861b59d14c470c9b8eaa240707691e2026ab096377fe5182d8cbd0f,USED_IN_MVP,EXCLUDED_RIGHTS_UNVERIFIED,2026-09-08,TASK-0028
equipment_elf_archer_ring__536x516,analysis/figma/raw/images/2d2da51be9deeded3d9b9f07d6af7fb93015e94c,USER_PROVIDED_RIGHTS_UNVERIFIED,NO,"No ownership/license grant located in supplied source or project documents; supplied Figma is provenance, not distribution proof. Release exclusion retained until evidence review.",UNKNOWN,UNKNOWN,,,98b9a5ab596a9221fe731017d363a2fc1ac9114b1f788d025318907f938e98f5,USED_IN_MVP,EXCLUDED_RIGHTS_UNVERIFIED,2026-09-08,TASK-0028
ui_icon_heart__474x437,analysis/figma/raw/images/2e6532461095a06c2911e42ee8acd8ec351883ee,USER_PROVIDED_RIGHTS_UNVERIFIED,NO,"No ownership/license grant located in supplied source or project documents; supplied Figma is provenance, not distribution proof. Release exclusion retained until evidence review.",UNKNOWN,UNKNOWN,,,c7131f28b541bab97712955f39763cbeda823a27630a8fc713d5e4ee681e185c,USED_IN_MVP,EXCLUDED_RIGHTS_UNVERIFIED,2026-09-08,TASK-0028
ui_wheel_reward_illustration__1774x1837,analysis/figma/raw/images/2fe539a12c7c857eabe1150073d8c7250f8b4e7c,USER_PROVIDED_RIGHTS_UNVERIFIED,NO,"No ownership/license grant located in supplied source or project documents; supplied Figma is provenance, not distribution proof. Release exclusion retained until evidence review.",UNKNOWN,UNKNOWN,,,c757cb792bc8baf2a2c615553f16fb3847dcfcee9e398932a0102b1bdcf5e35d,USED_IN_MVP,EXCLUDED_RIGHTS_UNVERIFIED,2026-09-08,TASK-0028
reference_screen_equipment__852x1846,analysis/figma/raw/images/3009340212c93c612320bf8ecc63c85b6c3a1f42,USER_PROVIDED_RIGHTS_UNVERIFIED,NO,"No ownership/license grant located in supplied source or project documents; supplied Figma is provenance, not distribution proof. Release exclusion retained until evidence review. Also excluded from interactive production import by content scope.",UNKNOWN,UNKNOWN,,,ad0a10c273cb5fa5c996ccd40e246d4acb14f7f1da055dda03a46883a354ea0d,UNUSED_OR_REFERENCE_ONLY,EXCLUDED_RIGHTS_UNVERIFIED,2026-09-08,TASK-0028
background_dungeon_goblin_strip__2172x724,analysis/figma/raw/images/3117bbf2ea8e080c3c460da6edb2f28b6ac59544,USER_PROVIDED_RIGHTS_UNVERIFIED,NO,"No ownership/license grant located in supplied source or project documents; supplied Figma is provenance, not distribution proof. Release exclusion retained until evidence review.",UNKNOWN,UNKNOWN,,,b92b190517d730b27bba0316be20e7504fe1deeed7520cc7d308dc954d339900,USED_POST_MVP,EXCLUDED_RIGHTS_UNVERIFIED,2026-09-08,TASK-0028
branding_app_icon__314x314,analysis/figma/raw/images/3133f215a4fce97c1de11bb8216582dc7da04f41,USER_PROVIDED_RIGHTS_UNVERIFIED,NO,"No ownership/license grant located in supplied source or project documents; supplied Figma is provenance, not distribution proof. Release exclusion retained until evidence review. Also excluded from interactive production import by content scope.",UNKNOWN,UNKNOWN,,,b52a02fd910d38c610dd0124f4982efb39842615cb37f7e523b1150a12be5990,UNUSED_OR_REFERENCE_ONLY,EXCLUDED_RIGHTS_UNVERIFIED,2026-09-08,TASK-0028
background_castle_platform__236x418,analysis/figma/raw/images/358859852eeefbfcfc2b2b9f34fe521fae0c9686,USER_PROVIDED_RIGHTS_UNVERIFIED,NO,"No ownership/license grant located in supplied source or project documents; supplied Figma is provenance, not distribution proof. Release exclusion retained until evidence review.",UNKNOWN,UNKNOWN,,,a272d540091baa70ebd7c1b2fc5da5cd1b857c03ae10eb19eeba5443fdd418fb,USED_IN_MVP,EXCLUDED_RIGHTS_UNVERIFIED,2026-09-08,TASK-0028
branding_hero_collage__1536x1024_variant2,analysis/figma/raw/images/361e1bf843e69fc4acc10557b15117a84f05362f,USER_PROVIDED_RIGHTS_UNVERIFIED,NO,"No ownership/license grant located in supplied source or project documents; supplied Figma is provenance, not distribution proof. Release exclusion retained until evidence review.",UNKNOWN,UNKNOWN,,,669960464d41fa191f0e7d967f1e0f73af8cb16b139591bbb616e84333f1c88f,USED_IN_MVP,EXCLUDED_RIGHTS_UNVERIFIED,2026-09-08,TASK-0028
enemy_fire_lizard__1562x1651,analysis/figma/raw/images/36f8f6f7a7d0c7e0ae4e20f0b737fad9bba67716,USER_PROVIDED_RIGHTS_UNVERIFIED,NO,"No ownership/license grant located in supplied source or project documents; supplied Figma is provenance, not distribution proof. Release exclusion retained until evidence review.",UNKNOWN,UNKNOWN,,,a077a6307dd25d102c917f5c6f8585d6e8de991942805716c81e9e96cd3212d1,USED_IN_MVP,EXCLUDED_RIGHTS_UNVERIFIED,2026-09-08,TASK-0028
ui_nav_shop__438x436,analysis/figma/raw/images/373d77e6b8229fd322f1eaf0a04dc6569d9a690b,USER_PROVIDED_RIGHTS_UNVERIFIED,NO,"No ownership/license grant located in supplied source or project documents; supplied Figma is provenance, not distribution proof. Release exclusion retained until evidence review.",UNKNOWN,UNKNOWN,,,98f2540eeb471b789d175541337419f3e25cd1cf1b24ef8d8a315db1e987ed65,USED_IN_MVP,EXCLUDED_RIGHTS_UNVERIFIED,2026-09-08,TASK-0028
reference_screen_battle__213x462,analysis/figma/raw/images/37ba6af3a49a0eee8774c7fe203120891ca06035,USER_PROVIDED_RIGHTS_UNVERIFIED,NO,"No ownership/license grant located in supplied source or project documents; supplied Figma is provenance, not distribution proof. Release exclusion retained until evidence review. Also excluded from interactive production import by content scope.",UNKNOWN,UNKNOWN,,,bacee1f5307f2343ef8ace3ca5920662f64715757f327093331397535996bbf0,UNUSED_OR_REFERENCE_ONLY,EXCLUDED_RIGHTS_UNVERIFIED,2026-09-08,TASK-0028
decoration_raccoon_castle__314x314,analysis/figma/raw/images/388cc29f981c9ff236dd87f701629cfc2df0ed1b,USER_PROVIDED_RIGHTS_UNVERIFIED,NO,"No ownership/license grant located in supplied source or project documents; supplied Figma is provenance, not distribution proof. Release exclusion retained until evidence review.",UNKNOWN,UNKNOWN,,,759a86b217a88e7aaef39b92f25e4443cad6465ac598fb6fcd649f147e8139a4,USED_IN_MVP,EXCLUDED_RIGHTS_UNVERIFIED,2026-09-08,TASK-0028
boss_shadow_dragon__1974x1657,analysis/figma/raw/images/399835a2248bc008049911515ada1858ec75cf7b,USER_PROVIDED_RIGHTS_UNVERIFIED,NO,"No ownership/license grant located in supplied source or project documents; supplied Figma is provenance, not distribution proof. Release exclusion retained until evidence review.",UNKNOWN,UNKNOWN,,,e2953ae77e9a51b37e90cd4b86f351b2feb6afc31fcc3e3cfb6495436125c2c5,USED_IN_MVP,EXCLUDED_RIGHTS_UNVERIFIED,2026-09-08,TASK-0028
background_dungeon_shadow_strip__272x91,analysis/figma/raw/images/39e89bf91b4cec39742c2340a3cf488173f6c014,USER_PROVIDED_RIGHTS_UNVERIFIED,NO,"No ownership/license grant located in supplied source or project documents; supplied Figma is provenance, not distribution proof. Release exclusion retained until evidence review.",UNKNOWN,UNKNOWN,,,340c82f0e860823d3113aa9a6fee0d00fb918ea6ddbb8081919a253c00fa8f42,USED_POST_MVP,EXCLUDED_RIGHTS_UNVERIFIED,2026-09-08,TASK-0028
equipment_lion_knight_chest__305x271,analysis/figma/raw/images/3a4c7d87973beb2a6bac697b8b6f40ea4b0180b8,USER_PROVIDED_RIGHTS_UNVERIFIED,NO,"No ownership/license grant located in supplied source or project documents; supplied Figma is provenance, not distribution proof. Release exclusion retained until evidence review.",UNKNOWN,UNKNOWN,,,d4e152e978d922e6a2a7222ba19c1c223f0f58ec2fb312de44d0764ea75e42f7,USED_IN_MVP,EXCLUDED_RIGHTS_UNVERIFIED,2026-09-08,TASK-0028
equipment_turtle_warrior_ring_shell__257x244,analysis/figma/raw/images/3a80e816a423683876f3467005e81e966d98f0f3,USER_PROVIDED_RIGHTS_UNVERIFIED,NO,"No ownership/license grant located in supplied source or project documents; supplied Figma is provenance, not distribution proof. Release exclusion retained until evidence review.",UNKNOWN,UNKNOWN,,,7fc153bc4d367d6c58b217c1d6e4c00c85e6ab0056a682bde49ff7a96b0fc3ba,USED_IN_MVP,EXCLUDED_RIGHTS_UNVERIFIED,2026-09-08,TASK-0028
portrait_fox_sorcerer__321x296,analysis/figma/raw/images/3d2805e8ff2eed585f7f5531ff9d272f3b2634f8,USER_PROVIDED_RIGHTS_UNVERIFIED,NO,"No ownership/license grant located in supplied source or project documents; supplied Figma is provenance, not distribution proof. Release exclusion retained until evidence review.",UNKNOWN,UNKNOWN,,,03a8405529b1481f2ace9e741a086db0bd72c9638fdaa083432fbde624547e81,USED_IN_MVP,EXCLUDED_RIGHTS_UNVERIFIED,2026-09-08,TASK-0028
ui_icon_gold_pile__284x291,analysis/figma/raw/images/3d7b2576105a02f7f41d79b0ff9f2043fe62c15f,USER_PROVIDED_RIGHTS_UNVERIFIED,NO,"No ownership/license grant located in supplied source or project documents; supplied Figma is provenance, not distribution proof. Release exclusion retained until evidence review.",UNKNOWN,UNKNOWN,,,09c840c3d2a7f2b2d96be8717ce6e82207d49765158760b01ac3032314411dc4,USED_IN_MVP,EXCLUDED_RIGHTS_UNVERIFIED,2026-09-08,TASK-0028
equipment_inferno_dragon_spear__628x784,analysis/figma/raw/images/3d9e65afef836d103767896dee052022ccc13984,USER_PROVIDED_RIGHTS_UNVERIFIED,NO,"No ownership/license grant located in supplied source or project documents; supplied Figma is provenance, not distribution proof. Release exclusion retained until evidence review.",UNKNOWN,UNKNOWN,,,fb0282768904c95ee2865418a040b3436651d06460ef2057bf5136a7e9985f26,USED_IN_MVP,EXCLUDED_RIGHTS_UNVERIFIED,2026-09-08,TASK-0028
background_stone_slot__348x265,analysis/figma/raw/images/3e90c264d05d2f38863dee69a57bad0835294298,USER_PROVIDED_RIGHTS_UNVERIFIED,NO,"No ownership/license grant located in supplied source or project documents; supplied Figma is provenance, not distribution proof. Release exclusion retained until evidence review.",UNKNOWN,UNKNOWN,,,e9014dadf9f3bbd5e7c34db7e7586bcf8243d2142e6d7912a31469d161ea5ff5,USED_IN_MVP,EXCLUDED_RIGHTS_UNVERIFIED,2026-09-08,TASK-0028
equipment_ice_fairy_ring_snowflake__484x545,analysis/figma/raw/images/3f7661b751fc2f8c82ca6e3dae34a25b87a1ba6b,USER_PROVIDED_RIGHTS_UNVERIFIED,NO,"No ownership/license grant located in supplied source or project documents; supplied Figma is provenance, not distribution proof. Release exclusion retained until evidence review.",UNKNOWN,UNKNOWN,,,a1243c7cf24ce5647fb8790becc3adffd6977128fc1065e7553a4d9ef01063ff,USED_IN_MVP,EXCLUDED_RIGHTS_UNVERIFIED,2026-09-08,TASK-0028
enemy_bomb_goblin__1606x1561,analysis/figma/raw/images/4043fe7b5bb26d9a56eb46d369dd44a7bea0355b,USER_PROVIDED_RIGHTS_UNVERIFIED,NO,"No ownership/license grant located in supplied source or project documents; supplied Figma is provenance, not distribution proof. Release exclusion retained until evidence review.",UNKNOWN,UNKNOWN,,,5c8e84e8451eb51aaf077f1be720af1c8344c4328334f2c809fc33724bedbc99,USED_IN_MVP,EXCLUDED_RIGHTS_UNVERIFIED,2026-09-08,TASK-0028
ui_panel_dark_square__1576x1595,analysis/figma/raw/images/4262bc5b52ccf861ee9cf940d4000bafcffdc84b,USER_PROVIDED_RIGHTS_UNVERIFIED,NO,"No ownership/license grant located in supplied source or project documents; supplied Figma is provenance, not distribution proof. Release exclusion retained until evidence review.",UNKNOWN,UNKNOWN,,,f403a505a25fafb7ccec28a4c3cbfb24b3bcfbfc34bc2e7426e59e6cfc5cf803,USED_IN_MVP,EXCLUDED_RIGHTS_UNVERIFIED,2026-09-08,TASK-0028
equipment_bunny_assassin_ring__506x452,analysis/figma/raw/images/43d5300cde4ec04b5352a0762d9e21c53a8370f2,USER_PROVIDED_RIGHTS_UNVERIFIED,NO,"No ownership/license grant located in supplied source or project documents; supplied Figma is provenance, not distribution proof. Release exclusion retained until evidence review.",UNKNOWN,UNKNOWN,,,eaafc4c09d944e7cc7688f78c51f77e3986f565ec3eef7f2889ec3bd19ded400,USED_IN_MVP,EXCLUDED_RIGHTS_UNVERIFIED,2026-09-08,TASK-0028
boss_infernal_dragon__492x415,analysis/figma/raw/images/4422f3554ef303338bf2c5ce27a183cf1e2316ec,USER_PROVIDED_RIGHTS_UNVERIFIED,NO,"No ownership/license grant located in supplied source or project documents; supplied Figma is provenance, not distribution proof. Release exclusion retained until evidence review.",UNKNOWN,UNKNOWN,,,f2e3b7f1056d3f71205b60dab65e220db23f37fd27118c5c4e5dbba103de906d,USED_IN_MVP,EXCLUDED_RIGHTS_UNVERIFIED,2026-09-08,TASK-0028
equipment_ice_fairy_staff_snowflake__292x441,analysis/figma/raw/images/44b20761ceb8fc370add7b0ad7d8dea272bbac01,USER_PROVIDED_RIGHTS_UNVERIFIED,NO,"No ownership/license grant located in supplied source or project documents; supplied Figma is provenance, not distribution proof. Release exclusion retained until evidence review.",UNKNOWN,UNKNOWN,,,ffc605be3b37c63ba73e8c656b5a661cbb75945759e8ff106a80d56afab06dce,USED_IN_MVP,EXCLUDED_RIGHTS_UNVERIFIED,2026-09-08,TASK-0028
reference_screen_wheel__852x1846,analysis/figma/raw/images/45449f7a8414d7efaffdcdb33a76fc1ef27dea4e,USER_PROVIDED_RIGHTS_UNVERIFIED,NO,"No ownership/license grant located in supplied source or project documents; supplied Figma is provenance, not distribution proof. Release exclusion retained until evidence review. Also excluded from interactive production import by content scope.",UNKNOWN,UNKNOWN,,,e493d6e9023f582b495d9546f804256b76df38c71f35134f1cf79c90a5bf0e22,UNUSED_OR_REFERENCE_ONLY,EXCLUDED_RIGHTS_UNVERIFIED,2026-09-08,TASK-0028
portrait_owl_mage__621x592,analysis/figma/raw/images/45e7b2da1606b82d39f929c61e5f1cbcfa932627,USER_PROVIDED_RIGHTS_UNVERIFIED,NO,"No ownership/license grant located in supplied source or project documents; supplied Figma is provenance, not distribution proof. Release exclusion retained until evidence review.",UNKNOWN,UNKNOWN,,,256497d52f68a33ea62f2c07598065fef6d34f9753b5f1b89fa0dd70448274d1,USED_IN_MVP,EXCLUDED_RIGHTS_UNVERIFIED,2026-09-08,TASK-0028
equipment_bunny_assassin_axes__358x258,analysis/figma/raw/images/487ed1c8312cc200790af6f0f17d2f31779b99cf,USER_PROVIDED_RIGHTS_UNVERIFIED,NO,"No ownership/license grant located in supplied source or project documents; supplied Figma is provenance, not distribution proof. Release exclusion retained until evidence review.",UNKNOWN,UNKNOWN,,,6ff34a2deb7d7babf8a4e066572c54c0ab8839aa4a8d9f30621aa173b9e3bada,USED_IN_MVP,EXCLUDED_RIGHTS_UNVERIFIED,2026-09-08,TASK-0028
equipment_owl_mage_ring_crescent__207x277,analysis/figma/raw/images/4a1a52b5970ee31620411fa7195a005ae872b81c,USER_PROVIDED_RIGHTS_UNVERIFIED,NO,"No ownership/license grant located in supplied source or project documents; supplied Figma is provenance, not distribution proof. Release exclusion retained until evidence review.",UNKNOWN,UNKNOWN,,,e439cfc9fb7937411062889a3302fccdd805bcea86b000db1a20ef57d7f08b94,USED_IN_MVP,EXCLUDED_RIGHTS_UNVERIFIED,2026-09-08,TASK-0028
background_forest_glade__941x1672,analysis/figma/raw/images/4cc88a1fa76bcfc927baf7aa055edcfd32dd0130,USER_PROVIDED_RIGHTS_UNVERIFIED,NO,"No ownership/license grant located in supplied source or project documents; supplied Figma is provenance, not distribution proof. Release exclusion retained until evidence review.",UNKNOWN,UNKNOWN,,,f3bbc4875317fad9598975b77346e2513741531b22dfa467c777e005eaba8109,USED_IN_MVP,EXCLUDED_RIGHTS_UNVERIFIED,2026-09-08,TASK-0028
equipment_elf_archer_hood_fur__342x357,analysis/figma/raw/images/4d6289a8e6e4f27f2168f14964906e375cf372ae,USER_PROVIDED_RIGHTS_UNVERIFIED,NO,"No ownership/license grant located in supplied source or project documents; supplied Figma is provenance, not distribution proof. Release exclusion retained until evidence review.",UNKNOWN,UNKNOWN,,,0e2b606cbba2444f7badad8cd8800a6dfcff579a6ce9bb902ab669ca4bf89494,USED_IN_MVP,EXCLUDED_RIGHTS_UNVERIFIED,2026-09-08,TASK-0028
equipment_owl_mage_staff_crescent__197x396,analysis/figma/raw/images/4e749bdb6b99992e4cb2deba666f0780c792a876,USER_PROVIDED_RIGHTS_UNVERIFIED,NO,"No ownership/license grant located in supplied source or project documents; supplied Figma is provenance, not distribution proof. Release exclusion retained until evidence review.",UNKNOWN,UNKNOWN,,,c1f67e4f7aef348ffb9b52b981a454a86d6eb185885e648ea0ba7876a67a3f01,USED_IN_MVP,EXCLUDED_RIGHTS_UNVERIFIED,2026-09-08,TASK-0028
equipment_inferno_dragon_chest__610x596,analysis/figma/raw/images/4ef146a3161fd460450196d7a049be935a2ed028,USER_PROVIDED_RIGHTS_UNVERIFIED,NO,"No ownership/license grant located in supplied source or project documents; supplied Figma is provenance, not distribution proof. Release exclusion retained until evidence review.",UNKNOWN,UNKNOWN,,,cf224973a8cc35466a4e3d7e98198f7d2fe026d401cfddd02d52eba01761c92a,USED_IN_MVP,EXCLUDED_RIGHTS_UNVERIFIED,2026-09-08,TASK-0028
relic_boar_mask__510x544,analysis/figma/raw/images/4f1125faf2ec52a33420ac28a147aa4afb24a78f,USER_PROVIDED_RIGHTS_UNVERIFIED,NO,"No ownership/license grant located in supplied source or project documents; supplied Figma is provenance, not distribution proof. Release exclusion retained until evidence review.",UNKNOWN,UNKNOWN,,,4abd512905df1157258b66dc26f8561d140310942eb281c1f924034eebde9585,USED_POST_MVP,EXCLUDED_RIGHTS_UNVERIFIED,2026-09-08,TASK-0028
enemy_fire_lizard__391x413,analysis/figma/raw/images/4f6e66aa6234b8e763bb7e2220f302a32bad9d34,USER_PROVIDED_RIGHTS_UNVERIFIED,NO,"No ownership/license grant located in supplied source or project documents; supplied Figma is provenance, not distribution proof. Release exclusion retained until evidence review.",UNKNOWN,UNKNOWN,,,2aed58698d1dab1223cc1ecff3bfbfd1c14af195e0b126e48a6869274c682f73,USED_IN_MVP,EXCLUDED_RIGHTS_UNVERIFIED,2026-09-08,TASK-0028
ui_wheel_outer_ring__1940x1924,analysis/figma/raw/images/506e2c442ef14cc3433543f99131e6d33c63ac0c,USER_PROVIDED_RIGHTS_UNVERIFIED,NO,"No ownership/license grant located in supplied source or project documents; supplied Figma is provenance, not distribution proof. Release exclusion retained until evidence review.",UNKNOWN,UNKNOWN,,,697e6fa6a8e039fe065106cd1d0c56c894a34aff3c375effdd7f7b4b06c22eb8,USED_IN_MVP,EXCLUDED_RIGHTS_UNVERIFIED,2026-09-08,TASK-0028
branding_banner__1672x941,analysis/figma/raw/images/50dd7bc64a457b17d2132683b3d77f77bb9e53c0,USER_PROVIDED_RIGHTS_UNVERIFIED,NO,"No ownership/license grant located in supplied source or project documents; supplied Figma is provenance, not distribution proof. Release exclusion retained until evidence review. Also excluded from interactive production import by content scope.",UNKNOWN,UNKNOWN,,,70e485da918e2e379d6123d1bc749b64ab9695a05e57a68d128bad69dec74568,UNUSED_OR_REFERENCE_ONLY,EXCLUDED_RIGHTS_UNVERIFIED,2026-09-08,TASK-0028
equipment_raccoon_engineer_coat__326x283,analysis/figma/raw/images/50f9115542ef6d9d489842242ef313ea9645bd7f,USER_PROVIDED_RIGHTS_UNVERIFIED,NO,"No ownership/license grant located in supplied source or project documents; supplied Figma is provenance, not distribution proof. Release exclusion retained until evidence review.",UNKNOWN,UNKNOWN,,,69d5017f11f18cc186fb401ac96d01e70e95b6df3b714764795466d149891484,USED_IN_MVP,EXCLUDED_RIGHTS_UNVERIFIED,2026-09-08,TASK-0028
reward_gift_box__335x371,analysis/figma/raw/images/51a308f9a466cd5582bda5a2d805eb5087745591,USER_PROVIDED_RIGHTS_UNVERIFIED,NO,"No ownership/license grant located in supplied source or project documents; supplied Figma is provenance, not distribution proof. Release exclusion retained until evidence review.",UNKNOWN,UNKNOWN,,,163cc8fa5eeccd88e499e6396a8024ef33ad6e5942644e535afc1c6a823a357a,USED_IN_MVP,EXCLUDED_RIGHTS_UNVERIFIED,2026-09-08,TASK-0028
branding_logo__362x272,analysis/figma/raw/images/524e46745b1a5f281ae4bdc29ede708141e8b425,USER_PROVIDED_RIGHTS_UNVERIFIED,NO,"No ownership/license grant located in supplied source or project documents; supplied Figma is provenance, not distribution proof. Release exclusion retained until evidence review.",UNKNOWN,UNKNOWN,,,8ba8a0aeab1db48266e3f3bf58b5f314df131e0d367086faeefee79c1b87bd6a,USED_IN_MVP,EXCLUDED_RIGHTS_UNVERIFIED,2026-09-08,TASK-0028
enemy_bomb_goblin__402x391,analysis/figma/raw/images/52d69f67d2853fb40f3a6ba2c0ed076c4c83d5a8,USER_PROVIDED_RIGHTS_UNVERIFIED,NO,"No ownership/license grant located in supplied source or project documents; supplied Figma is provenance, not distribution proof. Release exclusion retained until evidence review.",UNKNOWN,UNKNOWN,,,8fe53d2ede6c8b9414c82ee60a0f34ca16887886225bac86c359c919b7510641,USED_IN_MVP,EXCLUDED_RIGHTS_UNVERIFIED,2026-09-08,TASK-0028
hero_inferno_dragon__1886x1748,analysis/figma/raw/images/531d002be7c9fa402b324aebc0597b2e89bbe538,USER_PROVIDED_RIGHTS_UNVERIFIED,NO,"No ownership/license grant located in supplied source or project documents; supplied Figma is provenance, not distribution proof. Release exclusion retained until evidence review.",UNKNOWN,UNKNOWN,,,98edc841daa5099456253acb15c58dcfd13ec3e3b665c88a97560f9e251d778f,USED_IN_MVP,EXCLUDED_RIGHTS_UNVERIFIED,2026-09-08,TASK-0028
equipment_lion_knight_hammer__255x348,analysis/figma/raw/images/539492df93df8197e8f1b570ecab39a53d0e666c,USER_PROVIDED_RIGHTS_UNVERIFIED,NO,"No ownership/license grant located in supplied source or project documents; supplied Figma is provenance, not distribution proof. Release exclusion retained until evidence review.",UNKNOWN,UNKNOWN,,,53e066aaa1b479f32f3aa5e8db01530b4437e84832e6e6c13ed7bf31c8e16dc7,USED_IN_MVP,EXCLUDED_RIGHTS_UNVERIFIED,2026-09-08,TASK-0028
ui_icon_battle_swords__1402x1456,analysis/figma/raw/images/54e166b2a97ba055bfa15f4e10479466ce5068d4,USER_PROVIDED_RIGHTS_UNVERIFIED,NO,"No ownership/license grant located in supplied source or project documents; supplied Figma is provenance, not distribution proof. Release exclusion retained until evidence review.",UNKNOWN,UNKNOWN,,,786b978db44f3144fed66330f7c9b1f8dae205d47b798beaf555b52bbbf93573,USED_IN_MVP,EXCLUDED_RIGHTS_UNVERIFIED,2026-09-08,TASK-0028
enemy_iron_beetle__459x410,analysis/figma/raw/images/5533571eb13bd14e6e984313dd1eb34b0c22b8f9,USER_PROVIDED_RIGHTS_UNVERIFIED,NO,"No ownership/license grant located in supplied source or project documents; supplied Figma is provenance, not distribution proof. Release exclusion retained until evidence review.",UNKNOWN,UNKNOWN,,,a4d3d6d92a18a96a072757651d9c2bf398598c24ecae92555ddffc02b227e4e2,USED_IN_MVP,EXCLUDED_RIGHTS_UNVERIFIED,2026-09-08,TASK-0028
ui_button_gold__298x163,analysis/figma/raw/images/5562b5751773f0255e1623439b57c83d7fa00216,USER_PROVIDED_RIGHTS_UNVERIFIED,NO,"No ownership/license grant located in supplied source or project documents; supplied Figma is provenance, not distribution proof. Release exclusion retained until evidence review.",UNKNOWN,UNKNOWN,,,6ac0ffd2bdf989190dcd3cb1d141447c87402c1888d912b44e6ac8f22913c8ab,USED_IN_MVP,EXCLUDED_RIGHTS_UNVERIFIED,2026-09-08,TASK-0028
equipment_fox_sorcerer_ring_mask__231x258,analysis/figma/raw/images/55bb45a83917dbb44725acd3ca9524d42f4ecab8,USER_PROVIDED_RIGHTS_UNVERIFIED,NO,"No ownership/license grant located in supplied source or project documents; supplied Figma is provenance, not distribution proof. Release exclusion retained until evidence review.",UNKNOWN,UNKNOWN,,,510e4babcaf64909884b89c0ee3b37eb17750f5b90b9d75058177f3790ee998e,USED_IN_MVP,EXCLUDED_RIGHTS_UNVERIFIED,2026-09-08,TASK-0028
ui_icon_blue_triangle__1484x1322,analysis/figma/raw/images/55e08f61b7b03b548c7fb448d55988a1a7e71930,USER_PROVIDED_RIGHTS_UNVERIFIED,NO,"No ownership/license grant located in supplied source or project documents; supplied Figma is provenance, not distribution proof. Release exclusion retained until evidence review.",UNKNOWN,UNKNOWN,,,81eba1816d5e924a18928f5b44e2036580d298c778b8e1fa5b9d73f6fb2fe0b6,USED_IN_MVP,EXCLUDED_RIGHTS_UNVERIFIED,2026-09-08,TASK-0028
background_dungeon_frost_strip__272x91,analysis/figma/raw/images/56f804b8b337c8ec30e0cdbd468141660a13ffac,USER_PROVIDED_RIGHTS_UNVERIFIED,NO,"No ownership/license grant located in supplied source or project documents; supplied Figma is provenance, not distribution proof. Release exclusion retained until evidence review.",UNKNOWN,UNKNOWN,,,4990d49d4d5769d7d0364d49ce3b89213fa3cdeb4aea0d3b0fc28343603bfdf7,USED_POST_MVP,EXCLUDED_RIGHTS_UNVERIFIED,2026-09-08,TASK-0028
equipment_raccoon_engineer_coat__651x566,analysis/figma/raw/images/56fefa41ce54478df42e9635270a205cf710f713,USER_PROVIDED_RIGHTS_UNVERIFIED,NO,"No ownership/license grant located in supplied source or project documents; supplied Figma is provenance, not distribution proof. Release exclusion retained until evidence review.",UNKNOWN,UNKNOWN,,,3102a68ae72c58f976ed0c8e934dce5ca1a90808458a65918b0857eb3e0c901e,USED_IN_MVP,EXCLUDED_RIGHTS_UNVERIFIED,2026-09-08,TASK-0028
relic_blue_crescent__253x290,analysis/figma/raw/images/581b34804874a6010bcb4cf42ec8bca715ba5c27,USER_PROVIDED_RIGHTS_UNVERIFIED,NO,"No ownership/license grant located in supplied source or project documents; supplied Figma is provenance, not distribution proof. Release exclusion retained until evidence review.",UNKNOWN,UNKNOWN,,,26f5b7535f099ca443ae4d8f09f7d920123be80e8163c84d3eecff689f50be96,USED_POST_MVP,EXCLUDED_RIGHTS_UNVERIFIED,2026-09-08,TASK-0028
ui_panel_plain_navy__1126x2000,analysis/figma/raw/images/5976164c9088d9f3322d497bbf2c3c76b9211e1f,USER_PROVIDED_RIGHTS_UNVERIFIED,NO,"No ownership/license grant located in supplied source or project documents; supplied Figma is provenance, not distribution proof. Release exclusion retained until evidence review.",UNKNOWN,UNKNOWN,,,549d0c779f2822144d7764a6310959f442e5da74f168bc99f656dd25e1c86f68,USED_IN_MVP,EXCLUDED_RIGHTS_UNVERIFIED,2026-09-08,TASK-0028
equipment_inferno_dragon_ring_gem__328x398,analysis/figma/raw/images/5977fb8357d809397ef4e35cfd9cdef06a3f5c9e,USER_PROVIDED_RIGHTS_UNVERIFIED,NO,"No ownership/license grant located in supplied source or project documents; supplied Figma is provenance, not distribution proof. Release exclusion retained until evidence review.",UNKNOWN,UNKNOWN,,,2d3f325cceb897b09c2201adfa9e748e41339972cedf981c2a51d057e7ea1bd3,USED_IN_MVP,EXCLUDED_RIGHTS_UNVERIFIED,2026-09-08,TASK-0028
relic_infernal_mask__407x440,analysis/figma/raw/images/597ec45d22678bda09402fee655a352ec2439e73,USER_PROVIDED_RIGHTS_UNVERIFIED,NO,"No ownership/license grant located in supplied source or project documents; supplied Figma is provenance, not distribution proof. Release exclusion retained until evidence review.",UNKNOWN,UNKNOWN,,,e28e5ee62daca30f3316a1eebc6445570e59ab0b5a9fc665787b85453c409d58,USED_POST_MVP,EXCLUDED_RIGHTS_UNVERIFIED,2026-09-08,TASK-0028
equipment_raccoon_engineer_chest_machine__668x500,analysis/figma/raw/images/599dab42cfb75937f7a1b9fc111ccb283886ac49,USER_PROVIDED_RIGHTS_UNVERIFIED,NO,"No ownership/license grant located in supplied source or project documents; supplied Figma is provenance, not distribution proof. Release exclusion retained until evidence review.",UNKNOWN,UNKNOWN,,,a0b74f4a855a2dd00d085fda4d9098e997d0eafa3e28f703fab2c06d6d97f967,USED_IN_MVP,EXCLUDED_RIGHTS_UNVERIFIED,2026-09-08,TASK-0028
relic_leaf_crescent__470x571,analysis/figma/raw/images/59fabe382ec32d1dfedf9b053ba7bf9bf5355a65,USER_PROVIDED_RIGHTS_UNVERIFIED,NO,"No ownership/license grant located in supplied source or project documents; supplied Figma is provenance, not distribution proof. Release exclusion retained until evidence review.",UNKNOWN,UNKNOWN,,,dee381fa4b917cefb8f27501870deecba240b0d8a44d124b1d79c3baefcd677c,USED_POST_MVP,EXCLUDED_RIGHTS_UNVERIFIED,2026-09-08,TASK-0028
equipment_elf_archer_ring_leaf__529x544,analysis/figma/raw/images/5a5f49a12405c47385e182776d35af1e3809f250,USER_PROVIDED_RIGHTS_UNVERIFIED,NO,"No ownership/license grant located in supplied source or project documents; supplied Figma is provenance, not distribution proof. Release exclusion retained until evidence review.",UNKNOWN,UNKNOWN,,,26aeb77ab5fa7c4ca3473a2993d3bb1c87cec7d3cab7a9885244010fd5d1edee,USED_IN_MVP,EXCLUDED_RIGHTS_UNVERIFIED,2026-09-08,TASK-0028
ui_frame_equipment_gold__1035x1545,analysis/figma/raw/images/5b2fb629c36746c86adbb8f7460d1770ae270cdc,USER_PROVIDED_RIGHTS_UNVERIFIED,NO,"No ownership/license grant located in supplied source or project documents; supplied Figma is provenance, not distribution proof. Release exclusion retained until evidence review.",UNKNOWN,UNKNOWN,,,bbffc23e9dcc5da6a4f6f2f85680798c25877faccba3562f2c5b0c841909d56d,USED_IN_MVP,EXCLUDED_RIGHTS_UNVERIFIED,2026-09-08,TASK-0028
equipment_ice_fairy_robe__670x754,analysis/figma/raw/images/5bb94d24b5701250d51a9f5999e913cb4657055c,USER_PROVIDED_RIGHTS_UNVERIFIED,NO,"No ownership/license grant located in supplied source or project documents; supplied Figma is provenance, not distribution proof. Release exclusion retained until evidence review.",UNKNOWN,UNKNOWN,,,7cef3018bc159a7895deff14b1772ef17ddc3920c3700f4135b261509b28f60e,USED_IN_MVP,EXCLUDED_RIGHTS_UNVERIFIED,2026-09-08,TASK-0028
enemy_dark_bat_mage__472x383,analysis/figma/raw/images/5d7e96c8d3236bfc5c2add7121fb26f2b6b510b1,USER_PROVIDED_RIGHTS_UNVERIFIED,NO,"No ownership/license grant located in supplied source or project documents; supplied Figma is provenance, not distribution proof. Release exclusion retained until evidence review.",UNKNOWN,UNKNOWN,,,f3f4637120f244495cf707811565e223f52488455a8fc58c0501fac0cd85d279,USED_IN_MVP,EXCLUDED_RIGHTS_UNVERIFIED,2026-09-08,TASK-0028
ui_icon_sword__525x536,analysis/figma/raw/images/5dcc8f91b17f1226f0c012df0135ae09f03678b0,USER_PROVIDED_RIGHTS_UNVERIFIED,NO,"No ownership/license grant located in supplied source or project documents; supplied Figma is provenance, not distribution proof. Release exclusion retained until evidence review.",UNKNOWN,UNKNOWN,,,5742eb59c3aab5fa28e82c25c48570f6d0b499d8caac8ee7c31abc5b7efc004a,USED_IN_MVP,EXCLUDED_RIGHTS_UNVERIFIED,2026-09-08,TASK-0028
ui_nav_heroes_helmet__476x388,analysis/figma/raw/images/5dd930ff66d91d0edfd2480e1de8ce59b7b71c98,USER_PROVIDED_RIGHTS_UNVERIFIED,NO,"No ownership/license grant located in supplied source or project documents; supplied Figma is provenance, not distribution proof. Release exclusion retained until evidence review.",UNKNOWN,UNKNOWN,,,de660a8e5eabada873b871c369782d63c63a03ab439dfb03c4f399dfdd33e1c7,USED_IN_MVP,EXCLUDED_RIGHTS_UNVERIFIED,2026-09-08,TASK-0028
relic_fire_dragon_head__203x288,analysis/figma/raw/images/5ecf8359d5ef62bda32ceb060cf8039ccf50ec82,USER_PROVIDED_RIGHTS_UNVERIFIED,NO,"No ownership/license grant located in supplied source or project documents; supplied Figma is provenance, not distribution proof. Release exclusion retained until evidence review.",UNKNOWN,UNKNOWN,,,90e3eaeda769b50663313748cd21e125fa93b97402176f2132a5667dcaec542f,USED_POST_MVP,EXCLUDED_RIGHTS_UNVERIFIED,2026-09-08,TASK-0028
ui_icon_sword__263x268,analysis/figma/raw/images/5eeab04b88a09db3ffecc36435ced37c4b0afa6f,USER_PROVIDED_RIGHTS_UNVERIFIED,NO,"No ownership/license grant located in supplied source or project documents; supplied Figma is provenance, not distribution proof. Release exclusion retained until evidence review.",UNKNOWN,UNKNOWN,,,bf74a88ef0bcf5e9b78ef4b4dbc76fedaa6acc53b0f51c955f8bc2f9a0ae820d,USED_IN_MVP,EXCLUDED_RIGHTS_UNVERIFIED,2026-09-08,TASK-0028
equipment_elf_archer_coat__663x625,analysis/figma/raw/images/5fa746afd3d5fd77d9d6feb3916a29828e85188f,USER_PROVIDED_RIGHTS_UNVERIFIED,NO,"No ownership/license grant located in supplied source or project documents; supplied Figma is provenance, not distribution proof. Release exclusion retained until evidence review.",UNKNOWN,UNKNOWN,,,f7f0b8d7d8d072b23a6ee37e49447af51fa9adff7eb096c83bea3a574ec6b102,USED_IN_MVP,EXCLUDED_RIGHTS_UNVERIFIED,2026-09-08,TASK-0028
equipment_ice_fairy_staff_snowflake__583x881,analysis/figma/raw/images/5fe747f63bc0c20354a03a39f34d22bf172c5757,USER_PROVIDED_RIGHTS_UNVERIFIED,NO,"No ownership/license grant located in supplied source or project documents; supplied Figma is provenance, not distribution proof. Release exclusion retained until evidence review.",UNKNOWN,UNKNOWN,,,ebb4bd85aed8cef85c92334c2eccdd7c2a6cb94a423cce02cb14d0d2fb51e74e,USED_IN_MVP,EXCLUDED_RIGHTS_UNVERIFIED,2026-09-08,TASK-0028
ui_panel_blue_square__362x404,analysis/figma/raw/images/627bd3ee8f9578ceef394a482d97ac1e57fba7fa,USER_PROVIDED_RIGHTS_UNVERIFIED,NO,"No ownership/license grant located in supplied source or project documents; supplied Figma is provenance, not distribution proof. Release exclusion retained until evidence review.",UNKNOWN,UNKNOWN,,,d5a4b0effd8a3393d95fb03b72274b3dd356c249c3a5dc86d4dabb2937a363d7,USED_IN_MVP,EXCLUDED_RIGHTS_UNVERIFIED,2026-09-08,TASK-0028
ui_icon_upgrade_arrow__326x354,analysis/figma/raw/images/6383c14fef9a588040445156d17871feae1021aa,USER_PROVIDED_RIGHTS_UNVERIFIED,NO,"No ownership/license grant located in supplied source or project documents; supplied Figma is provenance, not distribution proof. Release exclusion retained until evidence review.",UNKNOWN,UNKNOWN,,,ba968d056523ed6723180c226c1a72679edbc07fd2a80e32c2b7ab72475a826b,USED_IN_MVP,EXCLUDED_RIGHTS_UNVERIFIED,2026-09-08,TASK-0028
relic_green_disc__242x274,analysis/figma/raw/images/64bc704a021064c000e04ee27fdc1f9c185bebe7,USER_PROVIDED_RIGHTS_UNVERIFIED,NO,"No ownership/license grant located in supplied source or project documents; supplied Figma is provenance, not distribution proof. Release exclusion retained until evidence review.",UNKNOWN,UNKNOWN,,,c3808158e04cd38a9d6cfddde8febad3179ba104f134b1f6ea59591902747e0d,USED_POST_MVP,EXCLUDED_RIGHTS_UNVERIFIED,2026-09-08,TASK-0028
equipment_owl_mage_staff_owl__478x836,analysis/figma/raw/images/65cd524b7292d59bfce6b1d95c03bb73cf72ebc1,USER_PROVIDED_RIGHTS_UNVERIFIED,NO,"No ownership/license grant located in supplied source or project documents; supplied Figma is provenance, not distribution proof. Release exclusion retained until evidence review.",UNKNOWN,UNKNOWN,,,363f9dfc08389657906da5269755aa2068bb50467797f359c9948bd93f27d60d,USED_IN_MVP,EXCLUDED_RIGHTS_UNVERIFIED,2026-09-08,TASK-0028
equipment_lion_knight_hammer__509x696,analysis/figma/raw/images/668c3a9a2ae00999798a24b7ba79bc4702ce62bd,USER_PROVIDED_RIGHTS_UNVERIFIED,NO,"No ownership/license grant located in supplied source or project documents; supplied Figma is provenance, not distribution proof. Release exclusion retained until evidence review.",UNKNOWN,UNKNOWN,,,4dc6c1c5b0a424ccf7b567d1aa5c5dd654f87ee5fa7ec8d80f3eac99570868be,USED_IN_MVP,EXCLUDED_RIGHTS_UNVERIFIED,2026-09-08,TASK-0028
background_dungeon_shadow_strip__2172x724,analysis/figma/raw/images/66b36f8823daa26c49439008b7247fb72caf8fb6,USER_PROVIDED_RIGHTS_UNVERIFIED,NO,"No ownership/license grant located in supplied source or project documents; supplied Figma is provenance, not distribution proof. Release exclusion retained until evidence review.",UNKNOWN,UNKNOWN,,,1f7ab0bebbb3ed3b21331dcc86d4ac14024723a2d1efa65137a91fc5614cbfb9,USED_POST_MVP,EXCLUDED_RIGHTS_UNVERIFIED,2026-09-08,TASK-0028
relic_leaf_crescent__235x286,analysis/figma/raw/images/672e9ee6972d00950355511e004ea13cac508184,USER_PROVIDED_RIGHTS_UNVERIFIED,NO,"No ownership/license grant located in supplied source or project documents; supplied Figma is provenance, not distribution proof. Release exclusion retained until evidence review.",UNKNOWN,UNKNOWN,,,1c98eb0665dbdeb7ef902664f72d7848827ddf8a5ff01d2b078c08c656b60b38,USED_POST_MVP,EXCLUDED_RIGHTS_UNVERIFIED,2026-09-08,TASK-0028
equipment_turtle_warrior_hammer__281x323,analysis/figma/raw/images/677f461376f4eb79e91a01e0859936fbe5b3279e,USER_PROVIDED_RIGHTS_UNVERIFIED,NO,"No ownership/license grant located in supplied source or project documents; supplied Figma is provenance, not distribution proof. Release exclusion retained until evidence review.",UNKNOWN,UNKNOWN,,,09b2577fcbe54b7a9851f07386fed80406ea6d33f4f49cf2b67c9a9cba1f511a,USED_IN_MVP,EXCLUDED_RIGHTS_UNVERIFIED,2026-09-08,TASK-0028
branding_welcome_text__272x91,analysis/figma/raw/images/67cdd7734b2176cf091d7505901539412e9727a3,USER_PROVIDED_RIGHTS_UNVERIFIED,NO,"No ownership/license grant located in supplied source or project documents; supplied Figma is provenance, not distribution proof. Release exclusion retained until evidence review.",UNKNOWN,UNKNOWN,,,372ed19f77ed479ee26da1fe4049703b619efe073b540437cdc83117e54f7ed9,USED_IN_MVP,EXCLUDED_RIGHTS_UNVERIFIED,2026-09-08,TASK-0028
equipment_owl_mage_staff_crescent__394x792,analysis/figma/raw/images/696dd30a73d5d2e2c929303afd4a5ba32e3332f3,USER_PROVIDED_RIGHTS_UNVERIFIED,NO,"No ownership/license grant located in supplied source or project documents; supplied Figma is provenance, not distribution proof. Release exclusion retained until evidence review.",UNKNOWN,UNKNOWN,,,aba0caa7ea277efe4f57e292d7ba07b5a9e22c493a36b612dc37024be32d7321,USED_IN_MVP,EXCLUDED_RIGHTS_UNVERIFIED,2026-09-08,TASK-0028
ui_frame_purple_shield__1628x1719,analysis/figma/raw/images/69745b8d9f7ddc33f8e3dd7fcd00b87039fd3eed,USER_PROVIDED_RIGHTS_UNVERIFIED,NO,"No ownership/license grant located in supplied source or project documents; supplied Figma is provenance, not distribution proof. Release exclusion retained until evidence review.",UNKNOWN,UNKNOWN,,,3a981b702c791b1154957731cd72842ebc2364f518e1ffda5e12a1f8596fa3a0,USED_IN_MVP,EXCLUDED_RIGHTS_UNVERIFIED,2026-09-08,TASK-0028
hero_owl_mage__454x440,analysis/figma/raw/images/6a64125f8dc9693f40703fbaf4fe85b7759d80af,USER_PROVIDED_RIGHTS_UNVERIFIED,NO,"No ownership/license grant located in supplied source or project documents; supplied Figma is provenance, not distribution proof. Release exclusion retained until evidence review.",UNKNOWN,UNKNOWN,,,3cc1d97a94a86e6accdada7ba90cb27c035e84473d22d04eec59b9f19261fd67,USED_IN_MVP,EXCLUDED_RIGHTS_UNVERIFIED,2026-09-08,TASK-0028
background_floating_islands__941x1672,analysis/figma/raw/images/6b0fe4f85adb51efb23cdd45f201e502c0686cd1,USER_PROVIDED_RIGHTS_UNVERIFIED,NO,"No ownership/license grant located in supplied source or project documents; supplied Figma is provenance, not distribution proof. Release exclusion retained until evidence review.",UNKNOWN,UNKNOWN,,,ec5c23fbb04b3ee8647540f5e87334d9d109114d3c73cf7d20119c3b86ec2c74,USED_IN_MVP,EXCLUDED_RIGHTS_UNVERIFIED,2026-09-08,TASK-0028
enemy_stone_gargoyle__1789x1558,analysis/figma/raw/images/6b23891eb8e67567c8677d78a892c054f1fe5f21,USER_PROVIDED_RIGHTS_UNVERIFIED,NO,"No ownership/license grant located in supplied source or project documents; supplied Figma is provenance, not distribution proof. Release exclusion retained until evidence review.",UNKNOWN,UNKNOWN,,,0884660aeb4e4650f68f218a89143280903c84bd20d4adefe231cfe3bef994d5,USED_IN_MVP,EXCLUDED_RIGHTS_UNVERIFIED,2026-09-08,TASK-0028
currency_blue_orb__273x277,analysis/figma/raw/images/6b619134c83e85858b3483bc16a80bc6b91dcea2,USER_PROVIDED_RIGHTS_UNVERIFIED,NO,"No ownership/license grant located in supplied source or project documents; supplied Figma is provenance, not distribution proof. Release exclusion retained until evidence review.",UNKNOWN,UNKNOWN,,,a99125c69348120007c532079171b6136e53761536c048473cf03f3bff16fa95,USED_IN_MVP,EXCLUDED_RIGHTS_UNVERIFIED,2026-09-08,TASK-0028
equipment_turtle_warrior_chest_shell__608x522,analysis/figma/raw/images/6bc34dd104e58e77958567e48e5459e94a81e695,USER_PROVIDED_RIGHTS_UNVERIFIED,NO,"No ownership/license grant located in supplied source or project documents; supplied Figma is provenance, not distribution proof. Release exclusion retained until evidence review.",UNKNOWN,UNKNOWN,,,53a8ca645c3e720207a3b6b3eed6d1296a1ef90179812d9b6ae857689f0ba895,USED_IN_MVP,EXCLUDED_RIGHTS_UNVERIFIED,2026-09-08,TASK-0028
ui_icon_hourglass__1343x1364,analysis/figma/raw/images/6bda5ce4aa2a6848a588f2f906891a7356a6b28b,USER_PROVIDED_RIGHTS_UNVERIFIED,NO,"No ownership/license grant located in supplied source or project documents; supplied Figma is provenance, not distribution proof. Release exclusion retained until evidence review.",UNKNOWN,UNKNOWN,,,40dbf7885c870b6b5c616043e34e2e3b72852389564bed936a1a37f0be3e74df,USED_IN_MVP,EXCLUDED_RIGHTS_UNVERIFIED,2026-09-08,TASK-0028
background_dungeon_goblin_strip__272x91,analysis/figma/raw/images/6c938c6f880b0cccecab051181158b9261e313c4,USER_PROVIDED_RIGHTS_UNVERIFIED,NO,"No ownership/license grant located in supplied source or project documents; supplied Figma is provenance, not distribution proof. Release exclusion retained until evidence review.",UNKNOWN,UNKNOWN,,,8f34dd7492c368f63d21cd8549a86c2fb8d59199acd1069ce06d439ac749d9f7,USED_POST_MVP,EXCLUDED_RIGHTS_UNVERIFIED,2026-09-08,TASK-0028
ui_icon_battle_swords__351x364,analysis/figma/raw/images/6cafbbc403628666824c3537dd354e81fc8bf517,USER_PROVIDED_RIGHTS_UNVERIFIED,NO,"No ownership/license grant located in supplied source or project documents; supplied Figma is provenance, not distribution proof. Release exclusion retained until evidence review.",UNKNOWN,UNKNOWN,,,b43e93b58d0cb5fe4026b5328fdf240eb03a8df4b4055a26e16bad9206df75b8,USED_IN_MVP,EXCLUDED_RIGHTS_UNVERIFIED,2026-09-08,TASK-0028
background_dungeon_infernal_strip__272x91,analysis/figma/raw/images/6e1d9f5aef9515eef69c96c0c505479d1da0d80b,USER_PROVIDED_RIGHTS_UNVERIFIED,NO,"No ownership/license grant located in supplied source or project documents; supplied Figma is provenance, not distribution proof. Release exclusion retained until evidence review.",UNKNOWN,UNKNOWN,,,ec4b66b0dc31daba972f5a581b0b6c3880a37fcaf37bdc16d030161fa7e323f7,USED_POST_MVP,EXCLUDED_RIGHTS_UNVERIFIED,2026-09-08,TASK-0028
background_floating_islands__236x418,analysis/figma/raw/images/6e559698a8b3cecee291e0308c0730d4d11beecc,USER_PROVIDED_RIGHTS_UNVERIFIED,NO,"No ownership/license grant located in supplied source or project documents; supplied Figma is provenance, not distribution proof. Release exclusion retained until evidence review.",UNKNOWN,UNKNOWN,,,5bbd5f113ad673103d55b28dac8d6c72f31913ba2972c793b368e8054ea66832,USED_IN_MVP,EXCLUDED_RIGHTS_UNVERIFIED,2026-09-08,TASK-0028
portrait_inferno_dragon__311x295,analysis/figma/raw/images/6ef0339dd30a9f38bd3dd0ae17011aa50f2f5708,USER_PROVIDED_RIGHTS_UNVERIFIED,NO,"No ownership/license grant located in supplied source or project documents; supplied Figma is provenance, not distribution proof. Release exclusion retained until evidence review.",UNKNOWN,UNKNOWN,,,95be3b6e875c88bdfb5354f14ed3c459e21f83a869e45c203cf5cce1c8c99fb0,USED_IN_MVP,EXCLUDED_RIGHTS_UNVERIFIED,2026-09-08,TASK-0028
background_dungeon_infernal_strip__2172x724,analysis/figma/raw/images/7276c1544b69adce858414a636fc63bbad7714ec,USER_PROVIDED_RIGHTS_UNVERIFIED,NO,"No ownership/license grant located in supplied source or project documents; supplied Figma is provenance, not distribution proof. Release exclusion retained until evidence review.",UNKNOWN,UNKNOWN,,,bed40ad56e5b0c33cc1e573b37cd36deb5b1862983da0d2b9ffa2ca9428ed92f,USED_POST_MVP,EXCLUDED_RIGHTS_UNVERIFIED,2026-09-08,TASK-0028
equipment_fox_sorcerer_staff_orb__535x811,analysis/figma/raw/images/732d97e3ef064419ae0f5906ed9868ea45cab4ea,USER_PROVIDED_RIGHTS_UNVERIFIED,NO,"No ownership/license grant located in supplied source or project documents; supplied Figma is provenance, not distribution proof. Release exclusion retained until evidence review.",UNKNOWN,UNKNOWN,,,71e3d20a6c9d11d768c68f291d42acc25c715a7d57403ab70871cce07ed9e18c,USED_IN_MVP,EXCLUDED_RIGHTS_UNVERIFIED,2026-09-08,TASK-0028
equipment_fox_sorcerer_ring_mask__461x515,analysis/figma/raw/images/73470e7fcaf52e7d7e796c4160a597fa91217860,USER_PROVIDED_RIGHTS_UNVERIFIED,NO,"No ownership/license grant located in supplied source or project documents; supplied Figma is provenance, not distribution proof. Release exclusion retained until evidence review.",UNKNOWN,UNKNOWN,,,85448c224627bec7ff919696f00184e966fc66ee6d4f2f26d183f74a0c09e9d6,USED_IN_MVP,EXCLUDED_RIGHTS_UNVERIFIED,2026-09-08,TASK-0028
equipment_fox_sorcerer_staff_orb__268x406,analysis/figma/raw/images/738f59e3122928950a1bc9b956e1bfb867cfe8b1,USER_PROVIDED_RIGHTS_UNVERIFIED,NO,"No ownership/license grant located in supplied source or project documents; supplied Figma is provenance, not distribution proof. Release exclusion retained until evidence review.",UNKNOWN,UNKNOWN,,,15a3c24edcd9fb2a77f24c0cc7c42585b9ea22c7059045e1f26ef8635a5b4d20,USED_IN_MVP,EXCLUDED_RIGHTS_UNVERIFIED,2026-09-08,TASK-0028
equipment_elf_archer_boots__249x268,analysis/figma/raw/images/73efa90b29fc0fd6c80b77c7c64fa09649518957,USER_PROVIDED_RIGHTS_UNVERIFIED,NO,"No ownership/license grant located in supplied source or project documents; supplied Figma is provenance, not distribution proof. Release exclusion retained until evidence review.",UNKNOWN,UNKNOWN,,,a358d8c8fd66ce27d899777db7589fee54d6e52922e188780f345f8d87b35223,USED_IN_MVP,EXCLUDED_RIGHTS_UNVERIFIED,2026-09-08,TASK-0028
decoration_raccoon_castle__1254x1254_variant2,analysis/figma/raw/images/741e1dae868073fa4c6d79284c652a31207b2e69,USER_PROVIDED_RIGHTS_UNVERIFIED,NO,"No ownership/license grant located in supplied source or project documents; supplied Figma is provenance, not distribution proof. Release exclusion retained until evidence review.",UNKNOWN,UNKNOWN,,,ab0ddb1af853d6d13b16fb3d2aadfe1b71daf55ee00f0ed26040ba3d8964ff9e,USED_IN_MVP,EXCLUDED_RIGHTS_UNVERIFIED,2026-09-08,TASK-0028
currency_blue_orb__545x554,analysis/figma/raw/images/777e17cf85e51215e2caaff22ebb334b17be469a,USER_PROVIDED_RIGHTS_UNVERIFIED,NO,"No ownership/license grant located in supplied source or project documents; supplied Figma is provenance, not distribution proof. Release exclusion retained until evidence review.",UNKNOWN,UNKNOWN,,,3e6d03439c83df7e7e7a73172c38427c6bd0794568a411bf943309904e270042,USED_IN_MVP,EXCLUDED_RIGHTS_UNVERIFIED,2026-09-08,TASK-0028
equipment_owl_mage_staff_owl__239x418,analysis/figma/raw/images/778ed44d4ffac3c67ec16d188e7a76a0f7f77aae,USER_PROVIDED_RIGHTS_UNVERIFIED,NO,"No ownership/license grant located in supplied source or project documents; supplied Figma is provenance, not distribution proof. Release exclusion retained until evidence review.",UNKNOWN,UNKNOWN,,,048f3c41d8ac54b8e87495e293868ba02a31aa3265a2d7ab3cab9529efc4d847,USED_IN_MVP,EXCLUDED_RIGHTS_UNVERIFIED,2026-09-08,TASK-0028
portrait_owl_mage__311x296,analysis/figma/raw/images/782c9ef205e984f78f9b0c449e5c06742c661cc3,USER_PROVIDED_RIGHTS_UNVERIFIED,NO,"No ownership/license grant located in supplied source or project documents; supplied Figma is provenance, not distribution proof. Release exclusion retained until evidence review.",UNKNOWN,UNKNOWN,,,4775250dab9b4622bf66fd8b0ff54fa43c8257c5c74317c9855bf45b2a6191cf,USED_IN_MVP,EXCLUDED_RIGHTS_UNVERIFIED,2026-09-08,TASK-0028
equipment_inferno_dragon_robe__521x524,analysis/figma/raw/images/78bfa38b717308ddd2622ef3c8676cf9bd328b52,USER_PROVIDED_RIGHTS_UNVERIFIED,NO,"No ownership/license grant located in supplied source or project documents; supplied Figma is provenance, not distribution proof. Release exclusion retained until evidence review.",UNKNOWN,UNKNOWN,,,8af27cd5f91702b07a67a42889daa6859f861b53d5c102c974d74fb7727a875a,USED_IN_MVP,EXCLUDED_RIGHTS_UNVERIFIED,2026-09-08,TASK-0028
reference_screen_start__213x462,analysis/figma/raw/images/7a1da81a8dae2e997e861677021e0dc93c0aa0f4,USER_PROVIDED_RIGHTS_UNVERIFIED,NO,"No ownership/license grant located in supplied source or project documents; supplied Figma is provenance, not distribution proof. Release exclusion retained until evidence review. Also excluded from interactive production import by content scope.",UNKNOWN,UNKNOWN,,,ec4996b49673ecb1994b77ac46d864c65541c9612677e62faf2cb1513b6af2c3,UNUSED_OR_REFERENCE_ONLY,EXCLUDED_RIGHTS_UNVERIFIED,2026-09-08,TASK-0028
branding_welcome_text__2172x724,analysis/figma/raw/images/7b964ceeade5e1566bf7ecb69061bac17843cb8a,USER_PROVIDED_RIGHTS_UNVERIFIED,NO,"No ownership/license grant located in supplied source or project documents; supplied Figma is provenance, not distribution proof. Release exclusion retained until evidence review.",UNKNOWN,UNKNOWN,,,9de33e14e820794e8cde868cd5225b233a3e99f4d98985d1a314690fa9e180dc,USED_IN_MVP,EXCLUDED_RIGHTS_UNVERIFIED,2026-09-08,TASK-0028
hero_inferno_dragon__472x437,analysis/figma/raw/images/7cbd10b7e6c71969b257cb4c6e4e8a393c7545d0,USER_PROVIDED_RIGHTS_UNVERIFIED,NO,"No ownership/license grant located in supplied source or project documents; supplied Figma is provenance, not distribution proof. Release exclusion retained until evidence review.",UNKNOWN,UNKNOWN,,,37992e550ae8f303a2c1b434fe5e7bc3ab3848432ade37fdc6e9729edbb2fb9d,USED_IN_MVP,EXCLUDED_RIGHTS_UNVERIFIED,2026-09-08,TASK-0028
ui_button_orange__2542x1359,analysis/figma/raw/images/7d0289c641e46bae1b62d4fe28ea11d184302d26,USER_PROVIDED_RIGHTS_UNVERIFIED,NO,"No ownership/license grant located in supplied source or project documents; supplied Figma is provenance, not distribution proof. Release exclusion retained until evidence review.",UNKNOWN,UNKNOWN,,,f09a6fa7466d5ca352e1b5be84a02119f860fb5527dcd1941ca19f3b97103622,USED_IN_MVP,EXCLUDED_RIGHTS_UNVERIFIED,2026-09-08,TASK-0028
equipment_owl_mage_robe_crescent__306x337,analysis/figma/raw/images/7d1531028cb997d099014cdc8ae9f417c7cc5248,USER_PROVIDED_RIGHTS_UNVERIFIED,NO,"No ownership/license grant located in supplied source or project documents; supplied Figma is provenance, not distribution proof. Release exclusion retained until evidence review.",UNKNOWN,UNKNOWN,,,e5e02c5176e03ef85a2f5652e056b3782e66123287cd0a32114c337763b8199a,USED_IN_MVP,EXCLUDED_RIGHTS_UNVERIFIED,2026-09-08,TASK-0028
hero_ice_fairy__1718x1740,analysis/figma/raw/images/7d89a5b1428ce1d8664a5023c0bd4a196292688c,USER_PROVIDED_RIGHTS_UNVERIFIED,NO,"No ownership/license grant located in supplied source or project documents; supplied Figma is provenance, not distribution proof. Release exclusion retained until evidence review.",UNKNOWN,UNKNOWN,,,c5bca6b0f0bdea1962f2f1882f0457b8dd53cc27c6e90edd9c25573d25929579,USED_IN_MVP,EXCLUDED_RIGHTS_UNVERIFIED,2026-09-08,TASK-0028
portrait_turtle_warrior__660x592,analysis/figma/raw/images/7db345e2f56a2a40ba912d41a5724b3e8d3b888e,USER_PROVIDED_RIGHTS_UNVERIFIED,NO,"No ownership/license grant located in supplied source or project documents; supplied Figma is provenance, not distribution proof. Release exclusion retained until evidence review.",UNKNOWN,UNKNOWN,,,4508b65d9bba20e222d9400b7e5a839e19212f309153ded7ce4880da7f840d9a,USED_IN_MVP,EXCLUDED_RIGHTS_UNVERIFIED,2026-09-08,TASK-0028
ui_icon_settings__369x374,analysis/figma/raw/images/7de89c5429f37aa45c08a77de458feaa8b1ff2fe,USER_PROVIDED_RIGHTS_UNVERIFIED,NO,"No ownership/license grant located in supplied source or project documents; supplied Figma is provenance, not distribution proof. Release exclusion retained until evidence review.",UNKNOWN,UNKNOWN,,,de98eb4c4ba59f9c20dc8b1d3c81b5567615cc01242420c0767cddc44aba84c0,USED_IN_MVP,EXCLUDED_RIGHTS_UNVERIFIED,2026-09-08,TASK-0028
ui_icon_hourglass__336x341,analysis/figma/raw/images/7e32ef894094511eb4a2998cfd764989c3ecaecd,USER_PROVIDED_RIGHTS_UNVERIFIED,NO,"No ownership/license grant located in supplied source or project documents; supplied Figma is provenance, not distribution proof. Release exclusion retained until evidence review.",UNKNOWN,UNKNOWN,,,8a2034ab494d7c86de7f840c7490367a04fe19b9e7a931373e69585f08502de1,USED_IN_MVP,EXCLUDED_RIGHTS_UNVERIFIED,2026-09-08,TASK-0028
branding_app_icon__1254x1254,analysis/figma/raw/images/7eab4efc82b52ab4e650af14a157246a7fddc75e,USER_PROVIDED_RIGHTS_UNVERIFIED,NO,"No ownership/license grant located in supplied source or project documents; supplied Figma is provenance, not distribution proof. Release exclusion retained until evidence review. Also excluded from interactive production import by content scope.",UNKNOWN,UNKNOWN,,,eff164e56bbfb81c3d34d3a082b360a8fda48689f03fd10a2dd81fbe67b19697,UNUSED_OR_REFERENCE_ONLY,EXCLUDED_RIGHTS_UNVERIFIED,2026-09-08,TASK-0028
boss_frost_dragon__1995x1925,analysis/figma/raw/images/7f00e6a27e7f7b619d84155ace2e04e6f6feca26,USER_PROVIDED_RIGHTS_UNVERIFIED,NO,"No ownership/license grant located in supplied source or project documents; supplied Figma is provenance, not distribution proof. Release exclusion retained until evidence review.",UNKNOWN,UNKNOWN,,,39e0df703351086f18db825f78e516d6c51258604fa2a471c3029f7709431e51,USED_IN_MVP,EXCLUDED_RIGHTS_UNVERIFIED,2026-09-08,TASK-0028
enemy_dark_bat_mage__1888x1531,analysis/figma/raw/images/7f8265d92f3025e60df9ea6f8476fc8de4c9c427,USER_PROVIDED_RIGHTS_UNVERIFIED,NO,"No ownership/license grant located in supplied source or project documents; supplied Figma is provenance, not distribution proof. Release exclusion retained until evidence review.",UNKNOWN,UNKNOWN,,,f118f2c0887a3c7d9e3ade50c1fa7443169166c6a94c4cc86d5cab8a64ee7183,USED_IN_MVP,EXCLUDED_RIGHTS_UNVERIFIED,2026-09-08,TASK-0028
ui_panel_gold_navy_wide__293x104,analysis/figma/raw/images/7f8aa69b5a0a082d157efc135643718e4b8b0ad8,USER_PROVIDED_RIGHTS_UNVERIFIED,NO,"No ownership/license grant located in supplied source or project documents; supplied Figma is provenance, not distribution proof. Release exclusion retained until evidence review.",UNKNOWN,UNKNOWN,,,7c739e8a0a1fef75282cfb981f75b8e79afb0ca2a089a0a7b2adcb9b6cab0d85,USED_IN_MVP,EXCLUDED_RIGHTS_UNVERIFIED,2026-09-08,TASK-0028
ui_frame_purple_shield__407x430,analysis/figma/raw/images/7ff0d2d75783cc3d58aba9d755a5375e74d5b133,USER_PROVIDED_RIGHTS_UNVERIFIED,NO,"No ownership/license grant located in supplied source or project documents; supplied Figma is provenance, not distribution proof. Release exclusion retained until evidence review.",UNKNOWN,UNKNOWN,,,a5883b444bbef3cb48db3d18843babc4feaaea20e0f67a643cf1705d5b34cbfc,USED_IN_MVP,EXCLUDED_RIGHTS_UNVERIFIED,2026-09-08,TASK-0028
background_battle_panorama__1916x821,analysis/figma/raw/images/8544522e43d61d581e55ff6f96a24cec53d8a1c8,USER_PROVIDED_RIGHTS_UNVERIFIED,NO,"No ownership/license grant located in supplied source or project documents; supplied Figma is provenance, not distribution proof. Release exclusion retained until evidence review.",UNKNOWN,UNKNOWN,,,2fd957f5e04b3aaa140b7f34146a874171e73cdf6877d970f5c9650880b59ad1,USED_IN_MVP,EXCLUDED_RIGHTS_UNVERIFIED,2026-09-08,TASK-0028
ui_frame_orange_wings__1714x1662,analysis/figma/raw/images/860072ba61d2da15aed7f6e0c717fbf9b0c3b359,USER_PROVIDED_RIGHTS_UNVERIFIED,NO,"No ownership/license grant located in supplied source or project documents; supplied Figma is provenance, not distribution proof. Release exclusion retained until evidence review.",UNKNOWN,UNKNOWN,,,77c70023fca9fd7d6d619691e50f3156f58cf80ed37f05597e2fc6d22752c05e,USED_IN_MVP,EXCLUDED_RIGHTS_UNVERIFIED,2026-09-08,TASK-0028
ui_panel_gold_navy_wide__2339x828,analysis/figma/raw/images/86ef8ab88fddc7cd5fabacfd628f8c0ae4ef4876,USER_PROVIDED_RIGHTS_UNVERIFIED,NO,"No ownership/license grant located in supplied source or project documents; supplied Figma is provenance, not distribution proof. Release exclusion retained until evidence review.",UNKNOWN,UNKNOWN,,,ad746089526366da7b40518acaf091ad7979878c0ad7b8aad7dfb22bcbf0780c,USED_IN_MVP,EXCLUDED_RIGHTS_UNVERIFIED,2026-09-08,TASK-0028
branding_logo__1448x1086_variant2,analysis/figma/raw/images/86f1d78db7ee1bc4e9fcd896e80eb926280b29c8,USER_PROVIDED_RIGHTS_UNVERIFIED,NO,"No ownership/license grant located in supplied source or project documents; supplied Figma is provenance, not distribution proof. Release exclusion retained until evidence review.",UNKNOWN,UNKNOWN,,,82a2f6d6dc2d9b8b2cf57cfce5d39d6003e07ab542f4bb0c5ef7cfe2c227edcf,USED_IN_MVP,EXCLUDED_RIGHTS_UNVERIFIED,2026-09-08,TASK-0028
equipment_turtle_warrior_mace__583x649,analysis/figma/raw/images/876530f5deabec9047682bec53678c43368897b6,USER_PROVIDED_RIGHTS_UNVERIFIED,NO,"No ownership/license grant located in supplied source or project documents; supplied Figma is provenance, not distribution proof. Release exclusion retained until evidence review.",UNKNOWN,UNKNOWN,,,e8e001ac6dc3f7a9944120a1f633cbd7a86af1aaa2d01dab024f7c315d43f277,USED_IN_MVP,EXCLUDED_RIGHTS_UNVERIFIED,2026-09-08,TASK-0028
equipment_elf_archer_boots__497x535,analysis/figma/raw/images/87c433c12114f926b8c045009192d958e224b1b4,USER_PROVIDED_RIGHTS_UNVERIFIED,NO,"No ownership/license grant located in supplied source or project documents; supplied Figma is provenance, not distribution proof. Release exclusion retained until evidence review.",UNKNOWN,UNKNOWN,,,9cbfe54df96df48f35833cfafa5104d11b03384a1a32c0491a9dcfada6d3eece,USED_IN_MVP,EXCLUDED_RIGHTS_UNVERIFIED,2026-09-08,TASK-0028
enemy_shadow_wolf__1783x1677,analysis/figma/raw/images/884e4a53f27c509c9e0d910c99e8eeb37b3764e0,USER_PROVIDED_RIGHTS_UNVERIFIED,NO,"No ownership/license grant located in supplied source or project documents; supplied Figma is provenance, not distribution proof. Release exclusion retained until evidence review.",UNKNOWN,UNKNOWN,,,c71995cce8a8c0efd10ef6bd19923ddb06756503f4a0eef4f396b9f5f1f677f3,USED_IN_MVP,EXCLUDED_RIGHTS_UNVERIFIED,2026-09-08,TASK-0028
hero_raccoon_engineer__1617x1662,analysis/figma/raw/images/88cdae02ce87495159d9dc9940267c2a906f5100,USER_PROVIDED_RIGHTS_UNVERIFIED,NO,"No ownership/license grant located in supplied source or project documents; supplied Figma is provenance, not distribution proof. Release exclusion retained until evidence review.",UNKNOWN,UNKNOWN,,,800cd6f6e5c013bc35dbda41e27964de388aaf62c5d2892c4ab02d8f80805799,USED_IN_MVP,EXCLUDED_RIGHTS_UNVERIFIED,2026-09-08,TASK-0028
ui_banner_stage_blue__485x76,analysis/figma/raw/images/89add8e481d0fc4ce89a2cb4b71a84454e9c272a,USER_PROVIDED_RIGHTS_UNVERIFIED,NO,"No ownership/license grant located in supplied source or project documents; supplied Figma is provenance, not distribution proof. Release exclusion retained until evidence review.",UNKNOWN,UNKNOWN,,,d5a58f0e6b57aaa9f0ebd6c7c33692384760135ce81b4a761c09273a88a68a9a,USED_IN_MVP,EXCLUDED_RIGHTS_UNVERIFIED,2026-09-08,TASK-0028
equipment_elf_archer_hood_fur__684x714,analysis/figma/raw/images/8a0a4b69bf5c0394c572cfdd62de6728f266a29d,USER_PROVIDED_RIGHTS_UNVERIFIED,NO,"No ownership/license grant located in supplied source or project documents; supplied Figma is provenance, not distribution proof. Release exclusion retained until evidence review.",UNKNOWN,UNKNOWN,,,424fcfc05250385e412f7b4425c4536406f829f2579bf480032be484d3dbbb87,USED_IN_MVP,EXCLUDED_RIGHTS_UNVERIFIED,2026-09-08,TASK-0028
ui_banner_name_purple__480x88,analysis/figma/raw/images/8a880bdca1d66d9fe429ebb1694d85612e725d1e,USER_PROVIDED_RIGHTS_UNVERIFIED,NO,"No ownership/license grant located in supplied source or project documents; supplied Figma is provenance, not distribution proof. Release exclusion retained until evidence review.",UNKNOWN,UNKNOWN,,,c88a6adbed1ce6d0d53fdc61fc2886523ffd944860538de67d913c6f6b1a43f3,USED_IN_MVP,EXCLUDED_RIGHTS_UNVERIFIED,2026-09-08,TASK-0028
currency_gold_coin__254x262,analysis/figma/raw/images/8b1c44fd757fb629498188807b520d0ce3fcca3b,USER_PROVIDED_RIGHTS_UNVERIFIED,NO,"No ownership/license grant located in supplied source or project documents; supplied Figma is provenance, not distribution proof. Release exclusion retained until evidence review.",UNKNOWN,UNKNOWN,,,9bdf3b94708e0c8b9ae5660f2f254d8ebb31ea2a8694019dee7408a0180ab119,USED_IN_MVP,EXCLUDED_RIGHTS_UNVERIFIED,2026-09-08,TASK-0028
hero_lion_knight__404x447,analysis/figma/raw/images/8c0677f080887f3f13ce4f92dc2577bb83f649d5,USER_PROVIDED_RIGHTS_UNVERIFIED,NO,"No ownership/license grant located in supplied source or project documents; supplied Figma is provenance, not distribution proof. Release exclusion retained until evidence review.",UNKNOWN,UNKNOWN,,,e07a5ef6efc63b7e591d51705758c57a2ead296d63a7fe3c6a4dd7d0052200fb,USED_IN_MVP,EXCLUDED_RIGHTS_UNVERIFIED,2026-09-08,TASK-0028
reference_screen_battle__852x1846,analysis/figma/raw/images/8c59d2219764c76310cc8748366221d6333bb21a,USER_PROVIDED_RIGHTS_UNVERIFIED,NO,"No ownership/license grant located in supplied source or project documents; supplied Figma is provenance, not distribution proof. Release exclusion retained until evidence review. Also excluded from interactive production import by content scope.",UNKNOWN,UNKNOWN,,,7d4da292d491c12fb08bfb6b7d9ddfa1d31f182c04b65db66161adc2165062f8,UNUSED_OR_REFERENCE_ONLY,EXCLUDED_RIGHTS_UNVERIFIED,2026-09-08,TASK-0028
relic_blue_crescent__505x579,analysis/figma/raw/images/8c7153dc6d86cc3b3063d4b6c9d0602ed36ed4f5,USER_PROVIDED_RIGHTS_UNVERIFIED,NO,"No ownership/license grant located in supplied source or project documents; supplied Figma is provenance, not distribution proof. Release exclusion retained until evidence review.",UNKNOWN,UNKNOWN,,,f9199ea9a97a96c800489f8f9b4bc2766044b5f065017830bfe54c9f8246805e,USED_POST_MVP,EXCLUDED_RIGHTS_UNVERIFIED,2026-09-08,TASK-0028
reference_screen_wheel__213x462,analysis/figma/raw/images/8ca3a7cb9b4642a086c622d22b58dd7c3024006a,USER_PROVIDED_RIGHTS_UNVERIFIED,NO,"No ownership/license grant located in supplied source or project documents; supplied Figma is provenance, not distribution proof. Release exclusion retained until evidence review. Also excluded from interactive production import by content scope.",UNKNOWN,UNKNOWN,,,bfa0ae406ada05ed93b5bfb23af42c471093c298b39cc15a489a5a6c0c404382,UNUSED_OR_REFERENCE_ONLY,EXCLUDED_RIGHTS_UNVERIFIED,2026-09-08,TASK-0028
relic_rabbit_mask__245x322,analysis/figma/raw/images/8cc86c4df778ca895066827e797cbc37b7e6ee8c,USER_PROVIDED_RIGHTS_UNVERIFIED,NO,"No ownership/license grant located in supplied source or project documents; supplied Figma is provenance, not distribution proof. Release exclusion retained until evidence review.",UNKNOWN,UNKNOWN,,,3cebe52f608117476557c7f58abef45ca45b6033a6cd2e36a379c8e401866b28,USED_POST_MVP,EXCLUDED_RIGHTS_UNVERIFIED,2026-09-08,TASK-0028
ui_bar_cyan_fill__2680x420,analysis/figma/raw/images/8da3d328eab24eef9e35927c9eadf0f95e706219,USER_PROVIDED_RIGHTS_UNVERIFIED,NO,"No ownership/license grant located in supplied source or project documents; supplied Figma is provenance, not distribution proof. Release exclusion retained until evidence review.",UNKNOWN,UNKNOWN,,,e42e47f11e949ac6e19f7903eedec919dcaf9b88e88966aaee52126603c3c289,USED_IN_MVP,EXCLUDED_RIGHTS_UNVERIFIED,2026-09-08,TASK-0028
equipment_lion_knight_chest__610x541,analysis/figma/raw/images/8eda2a1c335c6e7da64e69651e4729b17bfb7283,USER_PROVIDED_RIGHTS_UNVERIFIED,NO,"No ownership/license grant located in supplied source or project documents; supplied Figma is provenance, not distribution proof. Release exclusion retained until evidence review.",UNKNOWN,UNKNOWN,,,598c4d7bc8280446fda255b9e9eda3d479c834f5fa9c0734acdda7d19e71bfdd,USED_IN_MVP,EXCLUDED_RIGHTS_UNVERIFIED,2026-09-08,TASK-0028
equipment_elf_archer_bow__561x739,analysis/figma/raw/images/8fe532c9489c2b4f3e5f78a7e778a04b2e61cace,USER_PROVIDED_RIGHTS_UNVERIFIED,NO,"No ownership/license grant located in supplied source or project documents; supplied Figma is provenance, not distribution proof. Release exclusion retained until evidence review.",UNKNOWN,UNKNOWN,,,a30e81404c3dc97b2ee68f6c5fbd3b32eab1920b1a513ad314e6a01eb4193b05,USED_IN_MVP,EXCLUDED_RIGHTS_UNVERIFIED,2026-09-08,TASK-0028
equipment_panda_monk_staff__312x313,analysis/figma/raw/images/8ff66404b1cca40c94b979481380dfddfacccc38,USER_PROVIDED_RIGHTS_UNVERIFIED,NO,"No ownership/license grant located in supplied source or project documents; supplied Figma is provenance, not distribution proof. Release exclusion retained until evidence review.",UNKNOWN,UNKNOWN,,,122b33f8779e647d1c3c723bf9730f7d2395ae2f6c747532a2811e164cf4e12c,USED_IN_MVP,EXCLUDED_RIGHTS_UNVERIFIED,2026-09-08,TASK-0028
equipment_turtle_warrior_ring_orb__511x435,analysis/figma/raw/images/904a4fff4b7a8b6f5a323e4933dd9a4b694cbb0f,USER_PROVIDED_RIGHTS_UNVERIFIED,NO,"No ownership/license grant located in supplied source or project documents; supplied Figma is provenance, not distribution proof. Release exclusion retained until evidence review.",UNKNOWN,UNKNOWN,,,b67f622ab2b47e54ed5e7d0ca2389d342a130a9b7c7314dcd43df8e4312efe35,USED_IN_MVP,EXCLUDED_RIGHTS_UNVERIFIED,2026-09-08,TASK-0028
ui_nav_crystal_relic__1407x1332,analysis/figma/raw/images/90eefb1e52086c29646b1818471aac90bd76ee2d,USER_PROVIDED_RIGHTS_UNVERIFIED,NO,"No ownership/license grant located in supplied source or project documents; supplied Figma is provenance, not distribution proof. Release exclusion retained until evidence review.",UNKNOWN,UNKNOWN,,,3087dcd30815885e579da52808d56f66d8fc1f5f310675f80756b117dca2c99a,USED_IN_MVP,EXCLUDED_RIGHTS_UNVERIFIED,2026-09-08,TASK-0028
ui_nav_dungeon__374x285,analysis/figma/raw/images/9288f249db012598b4c876c6c9ef71abdf9cdce1,USER_PROVIDED_RIGHTS_UNVERIFIED,NO,"No ownership/license grant located in supplied source or project documents; supplied Figma is provenance, not distribution proof. Release exclusion retained until evidence review.",UNKNOWN,UNKNOWN,,,45502ad6066897bee2b47e920cacc713ac882b966a3f625967c80c11926b472d,USED_IN_MVP,EXCLUDED_RIGHTS_UNVERIFIED,2026-09-08,TASK-0028
portrait_raccoon_engineer__662x592,analysis/figma/raw/images/92c7c1a40b6d91df365479d07454de0f4f0e1184,USER_PROVIDED_RIGHTS_UNVERIFIED,NO,"No ownership/license grant located in supplied source or project documents; supplied Figma is provenance, not distribution proof. Release exclusion retained until evidence review.",UNKNOWN,UNKNOWN,,,83b8e3ce29db413e5f1d0bb6f2846f65255dc01a23262a3b17bc436fd31827d5,USED_IN_MVP,EXCLUDED_RIGHTS_UNVERIFIED,2026-09-08,TASK-0028
ui_panel_gold_black_wide__477x200,analysis/figma/raw/images/92dfa3eff1e51dc9f73ac6181d1210bada7d7dbd,USER_PROVIDED_RIGHTS_UNVERIFIED,NO,"No ownership/license grant located in supplied source or project documents; supplied Figma is provenance, not distribution proof. Release exclusion retained until evidence review.",UNKNOWN,UNKNOWN,,,df66df4e53fb8b8fb0c0503af68f59df160676f286a295398b7389324bbead08,USED_IN_MVP,EXCLUDED_RIGHTS_UNVERIFIED,2026-09-08,TASK-0028
equipment_bunny_assassin_ring_band__455x424,analysis/figma/raw/images/9355b0ed05fd564e8f931254fc1b6f0eae0f1779,USER_PROVIDED_RIGHTS_UNVERIFIED,NO,"No ownership/license grant located in supplied source or project documents; supplied Figma is provenance, not distribution proof. Release exclusion retained until evidence review.",UNKNOWN,UNKNOWN,,,4fc325ce905e04c957cd18f81106e21482119c349152c069019f9aafa1055f29,USED_IN_MVP,EXCLUDED_RIGHTS_UNVERIFIED,2026-09-08,TASK-0028
relic_shadow_crystal__469x599,analysis/figma/raw/images/93fa637f8aa66f4a0334d8839745c3cd8e6d2ccc,USER_PROVIDED_RIGHTS_UNVERIFIED,NO,"No ownership/license grant located in supplied source or project documents; supplied Figma is provenance, not distribution proof. Release exclusion retained until evidence review.",UNKNOWN,UNKNOWN,,,d9661cb52c28c39a69ccaad4324bcbe9770c8470c0f7b409ca6a5880d93b04b9,USED_POST_MVP,EXCLUDED_RIGHTS_UNVERIFIED,2026-09-08,TASK-0028
relic_blue_shard__354x641,analysis/figma/raw/images/94534c1dbc61e3e10d88c1a61483c905d127f04b,USER_PROVIDED_RIGHTS_UNVERIFIED,NO,"No ownership/license grant located in supplied source or project documents; supplied Figma is provenance, not distribution proof. Release exclusion retained until evidence review.",UNKNOWN,UNKNOWN,,,040257bff29a6a29ee565b3fcb51a208ee75f9be24e54aa6d6c2ff636ed10d20,USED_POST_MVP,EXCLUDED_RIGHTS_UNVERIFIED,2026-09-08,TASK-0028
background_forest_glade__236x418,analysis/figma/raw/images/9583db82bed0574f7943f7d641276eff4034fe90,USER_PROVIDED_RIGHTS_UNVERIFIED,NO,"No ownership/license grant located in supplied source or project documents; supplied Figma is provenance, not distribution proof. Release exclusion retained until evidence review.",UNKNOWN,UNKNOWN,,,da8df43c5572611186ab3957767c3936e732c1831b00f41f1e7fb4c200581f5e,USED_IN_MVP,EXCLUDED_RIGHTS_UNVERIFIED,2026-09-08,TASK-0028
background_grass_platform__377x165,analysis/figma/raw/images/95c9e69dbe78bebf4a17a84b83fc1119bd4150e7,USER_PROVIDED_RIGHTS_UNVERIFIED,NO,"No ownership/license grant located in supplied source or project documents; supplied Figma is provenance, not distribution proof. Release exclusion retained until evidence review.",UNKNOWN,UNKNOWN,,,d8de15452c0fa46c8a37ad473e8e7dc1968ae684866a84e22756540c11e715e4,USED_IN_MVP,EXCLUDED_RIGHTS_UNVERIFIED,2026-09-08,TASK-0028
equipment_lion_knight_helmet__246x314,analysis/figma/raw/images/964d9a820c68f3814c91fca0868c79cefcdc8740,USER_PROVIDED_RIGHTS_UNVERIFIED,NO,"No ownership/license grant located in supplied source or project documents; supplied Figma is provenance, not distribution proof. Release exclusion retained until evidence review.",UNKNOWN,UNKNOWN,,,0dd9c17dd77e57ed0edc0ed636173c7a2c5221b6936c1cbcd16be5584773e280,USED_IN_MVP,EXCLUDED_RIGHTS_UNVERIFIED,2026-09-08,TASK-0028
relic_blue_shard__177x321,analysis/figma/raw/images/96e07357096f272b667928f793af8dd40f65ff27,USER_PROVIDED_RIGHTS_UNVERIFIED,NO,"No ownership/license grant located in supplied source or project documents; supplied Figma is provenance, not distribution proof. Release exclusion retained until evidence review.",UNKNOWN,UNKNOWN,,,d74b6d402b1d3a46230e811b83a5d5b0701954594f5acd5f4fe2a2eff661251f,USED_POST_MVP,EXCLUDED_RIGHTS_UNVERIFIED,2026-09-08,TASK-0028
reference_screen_start__852x1846,analysis/figma/raw/images/97223130f8475c1ed982680308fdc5bdf68c8b8c,USER_PROVIDED_RIGHTS_UNVERIFIED,NO,"No ownership/license grant located in supplied source or project documents; supplied Figma is provenance, not distribution proof. Release exclusion retained until evidence review. Also excluded from interactive production import by content scope.",UNKNOWN,UNKNOWN,,,98380547a7830f1f64d073add475cd22a4f7c8a6090a8e6c58928e87d0b05567,UNUSED_OR_REFERENCE_ONLY,EXCLUDED_RIGHTS_UNVERIFIED,2026-09-08,TASK-0028
hero_bunny_assassin__428x457,analysis/figma/raw/images/972aeff153e8e30977db2daeb9ce123062a01c6b,USER_PROVIDED_RIGHTS_UNVERIFIED,NO,"No ownership/license grant located in supplied source or project documents; supplied Figma is provenance, not distribution proof. Release exclusion retained until evidence review.",UNKNOWN,UNKNOWN,,,638547851abb940177f091c48cdc9ba11c323dd4477e8ffc5673de6949a02534,USED_IN_MVP,EXCLUDED_RIGHTS_UNVERIFIED,2026-09-08,TASK-0028
relic_shadow_crystal__235x300,analysis/figma/raw/images/972e039866c2fe5ba80ce49832458f07ed7bfb14,USER_PROVIDED_RIGHTS_UNVERIFIED,NO,"No ownership/license grant located in supplied source or project documents; supplied Figma is provenance, not distribution proof. Release exclusion retained until evidence review.",UNKNOWN,UNKNOWN,,,468f28589671214333247e67c7ee9561c8c08e606dcad74aca4ef4cd02c1a0a2,USED_POST_MVP,EXCLUDED_RIGHTS_UNVERIFIED,2026-09-08,TASK-0028
equipment_panda_monk_pants__537x568,analysis/figma/raw/images/9887c23fae59d8e27878791c157c9f3a050e62b0,USER_PROVIDED_RIGHTS_UNVERIFIED,NO,"No ownership/license grant located in supplied source or project documents; supplied Figma is provenance, not distribution proof. Release exclusion retained until evidence review.",UNKNOWN,UNKNOWN,,,12b71755e44073179e9ce43ff6c826f1acf7944a17eb736712d270cc7d22c9e1,USED_IN_MVP,EXCLUDED_RIGHTS_UNVERIFIED,2026-09-08,TASK-0028
background_dungeon_gargoyle_strip__2172x724,analysis/figma/raw/images/993edd1c8a640a43e0fb87cc37079f5765605e95,USER_PROVIDED_RIGHTS_UNVERIFIED,NO,"No ownership/license grant located in supplied source or project documents; supplied Figma is provenance, not distribution proof. Release exclusion retained until evidence review.",UNKNOWN,UNKNOWN,,,e2b047509863564d6dd636354433d20a55b861eeb91a9ed330a81186d44dfd83,USED_POST_MVP,EXCLUDED_RIGHTS_UNVERIFIED,2026-09-08,TASK-0028
equipment_raccoon_engineer_chest_machine__334x250,analysis/figma/raw/images/9ac723b1f182093d5f39012ef3f94c689e9e7978,USER_PROVIDED_RIGHTS_UNVERIFIED,NO,"No ownership/license grant located in supplied source or project documents; supplied Figma is provenance, not distribution proof. Release exclusion retained until evidence review.",UNKNOWN,UNKNOWN,,,90a71b39e36341da11896ac6684f75e79842c3685d6ddad1b5a7681d6eee32b2,USED_IN_MVP,EXCLUDED_RIGHTS_UNVERIFIED,2026-09-08,TASK-0028
reference_gradient_wallpaper__184x379,analysis/figma/raw/images/9b0cf33621b6360ebfb1823457ec9af3caa04003,USER_PROVIDED_RIGHTS_UNVERIFIED,NO,"No ownership/license grant located in supplied source or project documents; supplied Figma is provenance, not distribution proof. Release exclusion retained until evidence review. Also excluded from interactive production import by content scope.",UNKNOWN,UNKNOWN,,,2cfbc998dca9d1cc05a00b1f4bdba221c8fe583bfb896872903c4f1f6c3f9898,UNUSED_OR_REFERENCE_ONLY,EXCLUDED_RIGHTS_UNVERIFIED,2026-09-08,TASK-0028
equipment_turtle_warrior_hammer__562x646,analysis/figma/raw/images/9b939242dd505c0f5e83127ef26368c906d5b6ef,USER_PROVIDED_RIGHTS_UNVERIFIED,NO,"No ownership/license grant located in supplied source or project documents; supplied Figma is provenance, not distribution proof. Release exclusion retained until evidence review.",UNKNOWN,UNKNOWN,,,a6507fa05f567e30990e93cfd2a882eb469bb1bb429fcac35a5fce6dcab76aab,USED_IN_MVP,EXCLUDED_RIGHTS_UNVERIFIED,2026-09-08,TASK-0028
equipment_ice_fairy_ring_snowflake__242x273,analysis/figma/raw/images/9cd4bf1eb5c27b97be2cbf505269c248cc1f0e22,USER_PROVIDED_RIGHTS_UNVERIFIED,NO,"No ownership/license grant located in supplied source or project documents; supplied Figma is provenance, not distribution proof. Release exclusion retained until evidence review.",UNKNOWN,UNKNOWN,,,5e60fd3a61fd3f6448be2db7f6e819876b620a74471ee908032c9d189bd01c63,USED_IN_MVP,EXCLUDED_RIGHTS_UNVERIFIED,2026-09-08,TASK-0028
equipment_raccoon_engineer_ring_gem__497x460,analysis/figma/raw/images/9d5f5141fd61d21842fe70ddb0c792239ccc64b7,USER_PROVIDED_RIGHTS_UNVERIFIED,NO,"No ownership/license grant located in supplied source or project documents; supplied Figma is provenance, not distribution proof. Release exclusion retained until evidence review.",UNKNOWN,UNKNOWN,,,9bbd36837d37d7a9a2bd95fba730830da982bf651fdd897090af47556855c80c,USED_IN_MVP,EXCLUDED_RIGHTS_UNVERIFIED,2026-09-08,TASK-0028
relic_green_disc__483x547,analysis/figma/raw/images/9d8b7302f90725a0d24c86b0988b2ac3b8459fa5,USER_PROVIDED_RIGHTS_UNVERIFIED,NO,"No ownership/license grant located in supplied source or project documents; supplied Figma is provenance, not distribution proof. Release exclusion retained until evidence review.",UNKNOWN,UNKNOWN,,,f68e6b52f10d37e8acb7b7a94eba0a5af1818e17a80951f170a33f507051fd49,USED_POST_MVP,EXCLUDED_RIGHTS_UNVERIFIED,2026-09-08,TASK-0028
branding_welcome_text__2172x724_variant2,analysis/figma/raw/images/9dede4c77553cb20489fce8bf0e8e3d7b3525e2c,USER_PROVIDED_RIGHTS_UNVERIFIED,NO,"No ownership/license grant located in supplied source or project documents; supplied Figma is provenance, not distribution proof. Release exclusion retained until evidence review.",UNKNOWN,UNKNOWN,,,fd8d59b382f3b3c3f933f17b7a7dd18fb7b536d12eb2142d33ff72125be4179d,USED_IN_MVP,EXCLUDED_RIGHTS_UNVERIFIED,2026-09-08,TASK-0028
relic_frost_dragon_head__471x629,analysis/figma/raw/images/9ebda7e54059edd527fc1bfc703f79dad100f93e,USER_PROVIDED_RIGHTS_UNVERIFIED,NO,"No ownership/license grant located in supplied source or project documents; supplied Figma is provenance, not distribution proof. Release exclusion retained until evidence review.",UNKNOWN,UNKNOWN,,,9553922b344bb1e1fec72bb3ee2d4b02119b7ccc139802785432780b4e04e391,USED_POST_MVP,EXCLUDED_RIGHTS_UNVERIFIED,2026-09-08,TASK-0028
background_dungeon_crocodile_strip__272x91,analysis/figma/raw/images/9f215f72f221b6819ef74209b82cb5c1c8e15a41,USER_PROVIDED_RIGHTS_UNVERIFIED,NO,"No ownership/license grant located in supplied source or project documents; supplied Figma is provenance, not distribution proof. Release exclusion retained until evidence review.",UNKNOWN,UNKNOWN,,,2fe40c38cd7f176d17436a694a5d8b215ccf64fcd87b63f8f0c613cdb1766f6f,USED_POST_MVP,EXCLUDED_RIGHTS_UNVERIFIED,2026-09-08,TASK-0028
ui_wheel_reward_illustration__444x460,analysis/figma/raw/images/9fe0e969554eedc1f254711edba06ac797a392a2,USER_PROVIDED_RIGHTS_UNVERIFIED,NO,"No ownership/license grant located in supplied source or project documents; supplied Figma is provenance, not distribution proof. Release exclusion retained until evidence review.",UNKNOWN,UNKNOWN,,,1d0e6293a99e923529b0431244a254b6c01eae3eb3d287ec896549be262d06c2,USED_IN_MVP,EXCLUDED_RIGHTS_UNVERIFIED,2026-09-08,TASK-0028
ui_button_red_square__395x395,analysis/figma/raw/images/a04bf9621c7f811d0151555310b2d579ced170f5,USER_PROVIDED_RIGHTS_UNVERIFIED,NO,"No ownership/license grant located in supplied source or project documents; supplied Figma is provenance, not distribution proof. Release exclusion retained until evidence review.",UNKNOWN,UNKNOWN,,,35ce6fbac7568880d998af2b41d5f409a4fe2ef013c26fd9e591b1fb1f8b4021,USED_IN_MVP,EXCLUDED_RIGHTS_UNVERIFIED,2026-09-08,TASK-0028
equipment_lion_knight_helmet__491x628,analysis/figma/raw/images/a0db91f0ccb8af63ed5624c6dbb0308322fa761c,USER_PROVIDED_RIGHTS_UNVERIFIED,NO,"No ownership/license grant located in supplied source or project documents; supplied Figma is provenance, not distribution proof. Release exclusion retained until evidence review.",UNKNOWN,UNKNOWN,,,1cb0b8528546ae1efae6207a6380cfcc37503fa9434806de621928d5b635e943,USED_IN_MVP,EXCLUDED_RIGHTS_UNVERIFIED,2026-09-08,TASK-0028
reference_screen_equipment__213x462,analysis/figma/raw/images/a0fda84647f252f9edff32fb5c67d0032b846319,USER_PROVIDED_RIGHTS_UNVERIFIED,NO,"No ownership/license grant located in supplied source or project documents; supplied Figma is provenance, not distribution proof. Release exclusion retained until evidence review. Also excluded from interactive production import by content scope.",UNKNOWN,UNKNOWN,,,3423c6d056774059983d6e751177da0ad0199cbeb36866dbe325bd5c84d61ceb,UNUSED_OR_REFERENCE_ONLY,EXCLUDED_RIGHTS_UNVERIFIED,2026-09-08,TASK-0028
hero_panda_monk__427x444,analysis/figma/raw/images/a192ae07b93e6226feab1e230c9e924ca1f06cd0,USER_PROVIDED_RIGHTS_UNVERIFIED,NO,"No ownership/license grant located in supplied source or project documents; supplied Figma is provenance, not distribution proof. Release exclusion retained until evidence review.",UNKNOWN,UNKNOWN,,,261569fd2871fc203b4a61b14c47885faf701085888519ca0ebf938c74d3e8a6,USED_IN_MVP,EXCLUDED_RIGHTS_UNVERIFIED,2026-09-08,TASK-0028
ui_banner_stage_blue__3876x605,analysis/figma/raw/images/a1f74786b99af092f75c99c17ed49d98da9b6d7e,USER_PROVIDED_RIGHTS_UNVERIFIED,NO,"No ownership/license grant located in supplied source or project documents; supplied Figma is provenance, not distribution proof. Release exclusion retained until evidence review.",UNKNOWN,UNKNOWN,,,f312dde3683ec7ab1ce9def13088acc093bba17f6ab2760ba0f2ef01eeb67318,USED_IN_MVP,EXCLUDED_RIGHTS_UNVERIFIED,2026-09-08,TASK-0028
equipment_fox_sorcerer_ring__226x272,analysis/figma/raw/images/a356d3d3524680b6cb33a00680be441e7b89ef9b,USER_PROVIDED_RIGHTS_UNVERIFIED,NO,"No ownership/license grant located in supplied source or project documents; supplied Figma is provenance, not distribution proof. Release exclusion retained until evidence review.",UNKNOWN,UNKNOWN,,,f301b6aa75022e277ba8c3c60b35898de650c949b061c7266481edb22702c451,USED_IN_MVP,EXCLUDED_RIGHTS_UNVERIFIED,2026-09-08,TASK-0028
enemy_swamp_crocodile__1895x1429,analysis/figma/raw/images/a38f01991256368e852469e9bb54e5105d0707a9,USER_PROVIDED_RIGHTS_UNVERIFIED,NO,"No ownership/license grant located in supplied source or project documents; supplied Figma is provenance, not distribution proof. Release exclusion retained until evidence review.",UNKNOWN,UNKNOWN,,,ff94cd486f51ec02d99911341d145c24d7edceb40acc48b3c1a601fb7897c980,USED_IN_MVP,EXCLUDED_RIGHTS_UNVERIFIED,2026-09-08,TASK-0028
equipment_inferno_dragon_robe__261x262,analysis/figma/raw/images/a51232156df7dca8f5390a744ae6b992e5886be9,USER_PROVIDED_RIGHTS_UNVERIFIED,NO,"No ownership/license grant located in supplied source or project documents; supplied Figma is provenance, not distribution proof. Release exclusion retained until evidence review.",UNKNOWN,UNKNOWN,,,40679d9916de66ae0ea80bb64ba4ed49dcce918843df15e566d94d3936e918a1,USED_IN_MVP,EXCLUDED_RIGHTS_UNVERIFIED,2026-09-08,TASK-0028
equipment_owl_mage_ring_orb__499x469,analysis/figma/raw/images/a61c6732dfa030bd0337ac9a2d5644d8d89ee6dc,USER_PROVIDED_RIGHTS_UNVERIFIED,NO,"No ownership/license grant located in supplied source or project documents; supplied Figma is provenance, not distribution proof. Release exclusion retained until evidence review.",UNKNOWN,UNKNOWN,,,0cb3346bd47d219125c0dd1275a9a420892cf4c66cf0508dc865a7862aa8126c,USED_IN_MVP,EXCLUDED_RIGHTS_UNVERIFIED,2026-09-08,TASK-0028
relic_fire_crystal__224x318,analysis/figma/raw/images/a626da99d963c34d6e8dfe41dd94a38f42ea2bc0,USER_PROVIDED_RIGHTS_UNVERIFIED,NO,"No ownership/license grant located in supplied source or project documents; supplied Figma is provenance, not distribution proof. Release exclusion retained until evidence review.",UNKNOWN,UNKNOWN,,,4cdf6430a40cbb765473e1f5d53a7326ae28dbbc131faf130682a445382bc5d6,USED_POST_MVP,EXCLUDED_RIGHTS_UNVERIFIED,2026-09-08,TASK-0028
equipment_inferno_dragon_spear__314x392,analysis/figma/raw/images/a659f48c34ea336dd6824d192f1b8a06c7f158cb,USER_PROVIDED_RIGHTS_UNVERIFIED,NO,"No ownership/license grant located in supplied source or project documents; supplied Figma is provenance, not distribution proof. Release exclusion retained until evidence review.",UNKNOWN,UNKNOWN,,,5984dd98a0492c67b9b43cd560659b436a6638b9c2e3508e6089382a57f870bd,USED_IN_MVP,EXCLUDED_RIGHTS_UNVERIFIED,2026-09-08,TASK-0028
branding_logo__362x272_variant2,analysis/figma/raw/images/a700463306d06b0a5ebe99e8fd7732effdf23e1a,USER_PROVIDED_RIGHTS_UNVERIFIED,NO,"No ownership/license grant located in supplied source or project documents; supplied Figma is provenance, not distribution proof. Release exclusion retained until evidence review.",UNKNOWN,UNKNOWN,,,f6e716a25f79948c9e8172ae1d8e2bbbd7dd92d4f4aa222ec13617c0a66d7dd4,USED_IN_MVP,EXCLUDED_RIGHTS_UNVERIFIED,2026-09-08,TASK-0028
equipment_lion_knight_sword__243x375,analysis/figma/raw/images/a7c0d5934d543c424ba34af5454291998cd42fb1,USER_PROVIDED_RIGHTS_UNVERIFIED,NO,"No ownership/license grant located in supplied source or project documents; supplied Figma is provenance, not distribution proof. Release exclusion retained until evidence review.",UNKNOWN,UNKNOWN,,,b268029c7825d015c114c6ead638b02079cc1d7ebc4ca5c100c0d82de314bd95,USED_IN_MVP,EXCLUDED_RIGHTS_UNVERIFIED,2026-09-08,TASK-0028
portrait_ice_fairy__660x590,analysis/figma/raw/images/a84946304b6fa220e60816032915bcf106cca10f,USER_PROVIDED_RIGHTS_UNVERIFIED,NO,"No ownership/license grant located in supplied source or project documents; supplied Figma is provenance, not distribution proof. Release exclusion retained until evidence review.",UNKNOWN,UNKNOWN,,,b6bf6522834ca3197497149f45f9397d21fae2b1e80fbaeb5bcc70ca6844c4d2,USED_IN_MVP,EXCLUDED_RIGHTS_UNVERIFIED,2026-09-08,TASK-0028
branding_banner__418x236,analysis/figma/raw/images/aad6bcff54dc8785395e8211f76f92d08719e05b,USER_PROVIDED_RIGHTS_UNVERIFIED,NO,"No ownership/license grant located in supplied source or project documents; supplied Figma is provenance, not distribution proof. Release exclusion retained until evidence review. Also excluded from interactive production import by content scope.",UNKNOWN,UNKNOWN,,,bb244b9c3d02a71bd76b62238957e20ec7768b89a9ba8ae5217d35af685acbf6,UNUSED_OR_REFERENCE_ONLY,EXCLUDED_RIGHTS_UNVERIFIED,2026-09-08,TASK-0028
equipment_bunny_assassin_crescent_axes__350x294,analysis/figma/raw/images/aaf5520732eaab6b4c39eab5eb81000a747b5e92,USER_PROVIDED_RIGHTS_UNVERIFIED,NO,"No ownership/license grant located in supplied source or project documents; supplied Figma is provenance, not distribution proof. Release exclusion retained until evidence review.",UNKNOWN,UNKNOWN,,,6dcb01f1a328854ff9022e006d34e1f0b8e094968c21c9465d0d32d7855be975,USED_IN_MVP,EXCLUDED_RIGHTS_UNVERIFIED,2026-09-08,TASK-0028
ui_button_orange__318x170,analysis/figma/raw/images/ad1a7ca03365f40fe383d93f8dae66bd92bf2935,USER_PROVIDED_RIGHTS_UNVERIFIED,NO,"No ownership/license grant located in supplied source or project documents; supplied Figma is provenance, not distribution proof. Release exclusion retained until evidence review.",UNKNOWN,UNKNOWN,,,06571d0c9631c9f378a2d9a32047f2ad80194a306f69128cd44ed774d3a25d46,USED_IN_MVP,EXCLUDED_RIGHTS_UNVERIFIED,2026-09-08,TASK-0028
equipment_panda_monk_chest__619x555,analysis/figma/raw/images/ae3fad983d1da3a5633348e3f3da0d24d85e4640,USER_PROVIDED_RIGHTS_UNVERIFIED,NO,"No ownership/license grant located in supplied source or project documents; supplied Figma is provenance, not distribution proof. Release exclusion retained until evidence review.",UNKNOWN,UNKNOWN,,,249e50b473a57a60823a0d0904f5cdd578210f9b26fd26fe9bd90f1fcc921cec,USED_IN_MVP,EXCLUDED_RIGHTS_UNVERIFIED,2026-09-08,TASK-0028
ui_nav_heroes_helmet__1902x1550,analysis/figma/raw/images/af53d16704846b72a83658d911681ade819709cc,USER_PROVIDED_RIGHTS_UNVERIFIED,NO,"No ownership/license grant located in supplied source or project documents; supplied Figma is provenance, not distribution proof. Release exclusion retained until evidence review.",UNKNOWN,UNKNOWN,,,49e5635f7dd1c321ddd25491b61931e373167e566b8f457f011973e9e48f90e1,USED_IN_MVP,EXCLUDED_RIGHTS_UNVERIFIED,2026-09-08,TASK-0028
equipment_bunny_assassin_pants__522x580,analysis/figma/raw/images/b15c2e9daa94bf85f0aa6d2aaaae908e6b6d08b6,USER_PROVIDED_RIGHTS_UNVERIFIED,NO,"No ownership/license grant located in supplied source or project documents; supplied Figma is provenance, not distribution proof. Release exclusion retained until evidence review.",UNKNOWN,UNKNOWN,,,789cd6730a51e652cdd6be69c8945e90064a4cd49b97b1a8538234e4a30e0c7f,USED_IN_MVP,EXCLUDED_RIGHTS_UNVERIFIED,2026-09-08,TASK-0028
portrait_bunny_assassin__662x590,analysis/figma/raw/images/b189751a75be3e3dfa86c100def27e27de3224b8,USER_PROVIDED_RIGHTS_UNVERIFIED,NO,"No ownership/license grant located in supplied source or project documents; supplied Figma is provenance, not distribution proof. Release exclusion retained until evidence review.",UNKNOWN,UNKNOWN,,,dec077664924569c976bc66ace90cd40dfb7e81cb062fc041b34fe69e51f22d0,USED_IN_MVP,EXCLUDED_RIGHTS_UNVERIFIED,2026-09-08,TASK-0028
portrait_inferno_dragon__621x590,analysis/figma/raw/images/b1b56615c66dd10cc8bf457700c9e699ba06f3fb,USER_PROVIDED_RIGHTS_UNVERIFIED,NO,"No ownership/license grant located in supplied source or project documents; supplied Figma is provenance, not distribution proof. Release exclusion retained until evidence review.",UNKNOWN,UNKNOWN,,,abbd1cb924c2530f2aea43bd42350159835cd080846d5d572d2bbed9a8f9cf5c,USED_IN_MVP,EXCLUDED_RIGHTS_UNVERIFIED,2026-09-08,TASK-0028
equipment_bunny_assassin_crescent_axes__699x588,analysis/figma/raw/images/b2283bb24e654f4b176d187df3638df2e322db20,USER_PROVIDED_RIGHTS_UNVERIFIED,NO,"No ownership/license grant located in supplied source or project documents; supplied Figma is provenance, not distribution proof. Release exclusion retained until evidence review.",UNKNOWN,UNKNOWN,,,e6142cef21b9d73308106be6ba7acd8f42079d476b502321a177eb6fcf700059,USED_IN_MVP,EXCLUDED_RIGHTS_UNVERIFIED,2026-09-08,TASK-0028
ui_icon_shield__296x362,analysis/figma/raw/images/b2a8de085ef159db19dbcdfde64f4cf2c34e0f83,USER_PROVIDED_RIGHTS_UNVERIFIED,NO,"No ownership/license grant located in supplied source or project documents; supplied Figma is provenance, not distribution proof. Release exclusion retained until evidence review.",UNKNOWN,UNKNOWN,,,84e4ba9a9cd97cb57c74f06fb68ae8b745c8920054eeadc2d95a0fff2530266c,USED_IN_MVP,EXCLUDED_RIGHTS_UNVERIFIED,2026-09-08,TASK-0028
portrait_bunny_assassin__331x295,analysis/figma/raw/images/b2b7bbe04d95ecd660eb40a679b4c15430eb5baa,USER_PROVIDED_RIGHTS_UNVERIFIED,NO,"No ownership/license grant located in supplied source or project documents; supplied Figma is provenance, not distribution proof. Release exclusion retained until evidence review.",UNKNOWN,UNKNOWN,,,bff2ff784d9f63ea94bc2f591923a51daecdb6147d316c284b0a4636bacc1797,USED_IN_MVP,EXCLUDED_RIGHTS_UNVERIFIED,2026-09-08,TASK-0028
relic_gold_hammer__474x528,analysis/figma/raw/images/b35dc8c846480c0a60816360c9b124e065b8284a,USER_PROVIDED_RIGHTS_UNVERIFIED,NO,"No ownership/license grant located in supplied source or project documents; supplied Figma is provenance, not distribution proof. Release exclusion retained until evidence review.",UNKNOWN,UNKNOWN,,,ec9e081a48cf10a8773bcde6a5d3a111b710f3d8f43cc67c89ddf7e33df3b703,USED_POST_MVP,EXCLUDED_RIGHTS_UNVERIFIED,2026-09-08,TASK-0028
hero_lion_knight__1616x1788,analysis/figma/raw/images/b4005f1aa7994a120176ed0c22354d7bdbad2131,USER_PROVIDED_RIGHTS_UNVERIFIED,NO,"No ownership/license grant located in supplied source or project documents; supplied Figma is provenance, not distribution proof. Release exclusion retained until evidence review.",UNKNOWN,UNKNOWN,,,16dd368f0784fcd8000f08bc001998e8e043123123487605f5a9eafafc6916fc,USED_IN_MVP,EXCLUDED_RIGHTS_UNVERIFIED,2026-09-08,TASK-0028
ui_wheel_outer_ring__485x481,analysis/figma/raw/images/b4dd10219a850c45ff56e984075fe2890c5fe7e2,USER_PROVIDED_RIGHTS_UNVERIFIED,NO,"No ownership/license grant located in supplied source or project documents; supplied Figma is provenance, not distribution proof. Release exclusion retained until evidence review.",UNKNOWN,UNKNOWN,,,fa36255ad582bae23b73786a0122e41ebf8e9fe9c74294f1654ca6a2b69876f5,USED_IN_MVP,EXCLUDED_RIGHTS_UNVERIFIED,2026-09-08,TASK-0028
ui_emblem_gold_gem__504x376,analysis/figma/raw/images/b6080ed60ce0cffede7c4e16262909d2cf4cf677,USER_PROVIDED_RIGHTS_UNVERIFIED,NO,"No ownership/license grant located in supplied source or project documents; supplied Figma is provenance, not distribution proof. Release exclusion retained until evidence review.",UNKNOWN,UNKNOWN,,,17afa3e79746463def1caaac87b05e8c9d630ba4261092a65cc0423cc2aa64c8,USED_IN_MVP,EXCLUDED_RIGHTS_UNVERIFIED,2026-09-08,TASK-0028
background_castle_platform__941x1672,analysis/figma/raw/images/b6843d342c36233c46c287371205642516d4824e,USER_PROVIDED_RIGHTS_UNVERIFIED,NO,"No ownership/license grant located in supplied source or project documents; supplied Figma is provenance, not distribution proof. Release exclusion retained until evidence review.",UNKNOWN,UNKNOWN,,,e06ac3ab5089d40a6fb5368d79c6742c77dc58df504753279a40886a91e8b77f,USED_IN_MVP,EXCLUDED_RIGHTS_UNVERIFIED,2026-09-08,TASK-0028
ui_panel_dark_square__394x399,analysis/figma/raw/images/b70c9b90c05886930140ce22312dfb67a5748d11,USER_PROVIDED_RIGHTS_UNVERIFIED,NO,"No ownership/license grant located in supplied source or project documents; supplied Figma is provenance, not distribution proof. Release exclusion retained until evidence review.",UNKNOWN,UNKNOWN,,,11fba0c719c29b6797d61aa95dba493c56cd73536b0d40c5df215390bdb09f55,USED_IN_MVP,EXCLUDED_RIGHTS_UNVERIFIED,2026-09-08,TASK-0028
ui_icon_blue_triangle__371x331,analysis/figma/raw/images/b7506e7f0f1c8e3a1f00d75f6ab13123fdcb0066,USER_PROVIDED_RIGHTS_UNVERIFIED,NO,"No ownership/license grant located in supplied source or project documents; supplied Figma is provenance, not distribution proof. Release exclusion retained until evidence review.",UNKNOWN,UNKNOWN,,,ce392458381bcb47eb0222e390e146d5f79d27db073276d0a71c634073fa5e3d,USED_IN_MVP,EXCLUDED_RIGHTS_UNVERIFIED,2026-09-08,TASK-0028
equipment_elf_archer_quiver__519x688,analysis/figma/raw/images/b7871533ccf92b11eb63cc67f7daca1ff14283c6,USER_PROVIDED_RIGHTS_UNVERIFIED,NO,"No ownership/license grant located in supplied source or project documents; supplied Figma is provenance, not distribution proof. Release exclusion retained until evidence review.",UNKNOWN,UNKNOWN,,,3acc70845a2056e0bd60299afd0fe2f885aa8a119a04ca3c3cc21e081546451e,USED_IN_MVP,EXCLUDED_RIGHTS_UNVERIFIED,2026-09-08,TASK-0028
hero_panda_monk__1705x1775,analysis/figma/raw/images/b7d79aea43cb644cba83ab14923ec3deba9efa51,USER_PROVIDED_RIGHTS_UNVERIFIED,NO,"No ownership/license grant located in supplied source or project documents; supplied Figma is provenance, not distribution proof. Release exclusion retained until evidence review.",UNKNOWN,UNKNOWN,,,43f57af8c76b8db945eb4493b5d941aa86f2f69eba999b6baa410451164d178b,USED_IN_MVP,EXCLUDED_RIGHTS_UNVERIFIED,2026-09-08,TASK-0028
background_dungeon_lizard_strip__2172x724,analysis/figma/raw/images/b7ee52e2ee43b5a41d6ba1b65fd2e1679a76826e,USER_PROVIDED_RIGHTS_UNVERIFIED,NO,"No ownership/license grant located in supplied source or project documents; supplied Figma is provenance, not distribution proof. Release exclusion retained until evidence review.",UNKNOWN,UNKNOWN,,,1bf7a67f5307f70247412ef441257fba214ccec47559ea931bca80b98afaba2b,USED_POST_MVP,EXCLUDED_RIGHTS_UNVERIFIED,2026-09-08,TASK-0028
branding_welcome_text__272x91_variant2,analysis/figma/raw/images/b7eec5627e7a722297c85e3c6da74d7b76f997f0,USER_PROVIDED_RIGHTS_UNVERIFIED,NO,"No ownership/license grant located in supplied source or project documents; supplied Figma is provenance, not distribution proof. Release exclusion retained until evidence review.",UNKNOWN,UNKNOWN,,,faad992bdcfe518e0ffd68cc2f154f8e38dd967ac628bd59ac7d489d6362a12d,USED_IN_MVP,EXCLUDED_RIGHTS_UNVERIFIED,2026-09-08,TASK-0028
equipment_inferno_dragon_chest__305x298,analysis/figma/raw/images/b856d3f6a2b90f86fa9c4e72f33c0fce961889c7,USER_PROVIDED_RIGHTS_UNVERIFIED,NO,"No ownership/license grant located in supplied source or project documents; supplied Figma is provenance, not distribution proof. Release exclusion retained until evidence review.",UNKNOWN,UNKNOWN,,,9b639aedca278894f415cf7d33eb7639403d3ebb956132023e2c58885f7bb565,USED_IN_MVP,EXCLUDED_RIGHTS_UNVERIFIED,2026-09-08,TASK-0028
relic_compass_gold__269x301,analysis/figma/raw/images/b885c32ce7bfdf7da8e8d7a54556852baf038873,USER_PROVIDED_RIGHTS_UNVERIFIED,NO,"No ownership/license grant located in supplied source or project documents; supplied Figma is provenance, not distribution proof. Release exclusion retained until evidence review.",UNKNOWN,UNKNOWN,,,a0d8d29483d65bcabc214c8a9ba6fd8fe449e20c2e03af07cefd7aee96f08271,USED_POST_MVP,EXCLUDED_RIGHTS_UNVERIFIED,2026-09-08,TASK-0028
equipment_elf_archer_ring__268x258,analysis/figma/raw/images/bb40f34e86cb54fe88277b803971ec231672aef2,USER_PROVIDED_RIGHTS_UNVERIFIED,NO,"No ownership/license grant located in supplied source or project documents; supplied Figma is provenance, not distribution proof. Release exclusion retained until evidence review.",UNKNOWN,UNKNOWN,,,af88cbd2afc8e9cc179d527c2ff18ade3c0189f453cd1fb8dd661f1ecf578089,USED_IN_MVP,EXCLUDED_RIGHTS_UNVERIFIED,2026-09-08,TASK-0028
relic_blue_feather__237x333,analysis/figma/raw/images/bb8cf73327286cf7387a10f2ef945c457968067a,USER_PROVIDED_RIGHTS_UNVERIFIED,NO,"No ownership/license grant located in supplied source or project documents; supplied Figma is provenance, not distribution proof. Release exclusion retained until evidence review.",UNKNOWN,UNKNOWN,,,6aa7094c8e02ae282171d949d48a8ca8563efbb5bac4f69fa940d01af5ee7652,USED_POST_MVP,EXCLUDED_RIGHTS_UNVERIFIED,2026-09-08,TASK-0028
equipment_panda_monk_ring__442x374,analysis/figma/raw/images/bba70ea31d80ee161052eee9611b4a4f11863ee9,USER_PROVIDED_RIGHTS_UNVERIFIED,NO,"No ownership/license grant located in supplied source or project documents; supplied Figma is provenance, not distribution proof. Release exclusion retained until evidence review.",UNKNOWN,UNKNOWN,,,365134db3518fd26b09b0b6a397be2fe99581737ed342dc5d050c9ef1eb59dd4,USED_IN_MVP,EXCLUDED_RIGHTS_UNVERIFIED,2026-09-08,TASK-0028
reward_gold_chest__314x314,analysis/figma/raw/images/bbeec6374442143a2907d3223f185595cecb3f65,USER_PROVIDED_RIGHTS_UNVERIFIED,NO,"No ownership/license grant located in supplied source or project documents; supplied Figma is provenance, not distribution proof. Release exclusion retained until evidence review.",UNKNOWN,UNKNOWN,,,9d11da602146199b9bd22760863556055be5762f88402526c93ef42dfa15e224,USED_IN_MVP,EXCLUDED_RIGHTS_UNVERIFIED,2026-09-08,TASK-0028
enemy_ironhide_boar__1862x1681,analysis/figma/raw/images/be919953e9369e0760e17392af8208f311c8d51d,USER_PROVIDED_RIGHTS_UNVERIFIED,NO,"No ownership/license grant located in supplied source or project documents; supplied Figma is provenance, not distribution proof. Release exclusion retained until evidence review.",UNKNOWN,UNKNOWN,,,f4a011a953e9d21b58200c7f8ffdf23b81dcfbcf8f022b77baa7ae5337329237,USED_IN_MVP,EXCLUDED_RIGHTS_UNVERIFIED,2026-09-08,TASK-0028
equipment_elf_archer_hood__622x656,analysis/figma/raw/images/beff88aa48a1e86f0b673d200d39b1c0b5e5884a,USER_PROVIDED_RIGHTS_UNVERIFIED,NO,"No ownership/license grant located in supplied source or project documents; supplied Figma is provenance, not distribution proof. Release exclusion retained until evidence review.",UNKNOWN,UNKNOWN,,,06edf2dafd622adc1b9a07d4a2e56f5179d097bbbb3a857ab9994decfad013e6,USED_IN_MVP,EXCLUDED_RIGHTS_UNVERIFIED,2026-09-08,TASK-0028
enemy_shadow_wolf__446x420,analysis/figma/raw/images/bf3a8d2882381a05bcfc5a95bb044adaa0134a6c,USER_PROVIDED_RIGHTS_UNVERIFIED,NO,"No ownership/license grant located in supplied source or project documents; supplied Figma is provenance, not distribution proof. Release exclusion retained until evidence review.",UNKNOWN,UNKNOWN,,,9799429ea4cab2f93642e23350299c1081a9f288f4d0fd53a760d28181a83c4d,USED_IN_MVP,EXCLUDED_RIGHTS_UNVERIFIED,2026-09-08,TASK-0028
equipment_elf_archer_ring_leaf__265x272,analysis/figma/raw/images/bff63fd7bce098b91cb7fb0a0ee260017c225b71,USER_PROVIDED_RIGHTS_UNVERIFIED,NO,"No ownership/license grant located in supplied source or project documents; supplied Figma is provenance, not distribution proof. Release exclusion retained until evidence review.",UNKNOWN,UNKNOWN,,,9953c1d2d2c72597e2bbac28aac82950948b89ab4afa73e43353eec2f5361ea4,USED_IN_MVP,EXCLUDED_RIGHTS_UNVERIFIED,2026-09-08,TASK-0028
equipment_panda_monk_orbs__669x551,analysis/figma/raw/images/c17e7a2cd41a2faf6d5397f6c46465f14a155f47,USER_PROVIDED_RIGHTS_UNVERIFIED,NO,"No ownership/license grant located in supplied source or project documents; supplied Figma is provenance, not distribution proof. Release exclusion retained until evidence review.",UNKNOWN,UNKNOWN,,,aadc9c3dcd6ec50a6dffb1e1d3c4b69e9e96a3f93e0fa476d1f04364f4d96927,USED_IN_MVP,EXCLUDED_RIGHTS_UNVERIFIED,2026-09-08,TASK-0028
equipment_bunny_assassin_chest__284x328,analysis/figma/raw/images/c223ed9392ca9740274d1ead08b100e56cf841c8,USER_PROVIDED_RIGHTS_UNVERIFIED,NO,"No ownership/license grant located in supplied source or project documents; supplied Figma is provenance, not distribution proof. Release exclusion retained until evidence review.",UNKNOWN,UNKNOWN,,,ec3b95aa0bf8f9df3abdfaea1dd0e3561621755ca881525e0d449713ef636455,USED_IN_MVP,EXCLUDED_RIGHTS_UNVERIFIED,2026-09-08,TASK-0028
reward_gold_chest__314x314_variant2,analysis/figma/raw/images/c27f6968fb5b4981d97fc335a9e14e8130ce3f0f,USER_PROVIDED_RIGHTS_UNVERIFIED,NO,"No ownership/license grant located in supplied source or project documents; supplied Figma is provenance, not distribution proof. Release exclusion retained until evidence review.",UNKNOWN,UNKNOWN,,,6ecc40de469484c30e89c8b883791833a32dd773a876de9e1f84c39daefdff3e,USED_IN_MVP,EXCLUDED_RIGHTS_UNVERIFIED,2026-09-08,TASK-0028
relic_boar_mask__255x272,analysis/figma/raw/images/c30fa8e2f2b7e6bb7fd8b6f13923923e47e0d9a8,USER_PROVIDED_RIGHTS_UNVERIFIED,NO,"No ownership/license grant located in supplied source or project documents; supplied Figma is provenance, not distribution proof. Release exclusion retained until evidence review.",UNKNOWN,UNKNOWN,,,a3c693559f0fe82872dd11426ddf2c7901d2c28c3e08649ce13d09fda29f765f,USED_POST_MVP,EXCLUDED_RIGHTS_UNVERIFIED,2026-09-08,TASK-0028
portrait_lion_knight__331x303,analysis/figma/raw/images/c31a5b960ff491544afc4a5eb9ab45a1875375e9,USER_PROVIDED_RIGHTS_UNVERIFIED,NO,"No ownership/license grant located in supplied source or project documents; supplied Figma is provenance, not distribution proof. Release exclusion retained until evidence review.",UNKNOWN,UNKNOWN,,,1b51b101ee3c6a022c24626c1a16b5745c158ece016fca40d443994ec2bfe7dd,USED_IN_MVP,EXCLUDED_RIGHTS_UNVERIFIED,2026-09-08,TASK-0028
background_dungeon_boar_strip__2172x724,analysis/figma/raw/images/c3bb5b04a28a7fc0637833cebb26c995f2a2ba35,USER_PROVIDED_RIGHTS_UNVERIFIED,NO,"No ownership/license grant located in supplied source or project documents; supplied Figma is provenance, not distribution proof. Release exclusion retained until evidence review.",UNKNOWN,UNKNOWN,,,2f6ad69f446e42bbcc8234476364678c74d2e667a12b35134e62b91e2dba4996,USED_POST_MVP,EXCLUDED_RIGHTS_UNVERIFIED,2026-09-08,TASK-0028
relic_gold_dragon_head__455x633,analysis/figma/raw/images/c42133ee7cd54223392c66dd68a93e297727e007,USER_PROVIDED_RIGHTS_UNVERIFIED,NO,"No ownership/license grant located in supplied source or project documents; supplied Figma is provenance, not distribution proof. Release exclusion retained until evidence review.",UNKNOWN,UNKNOWN,,,d38bd926d27f67c12668b9a2596cc84f0ad816854cb1ae667610dadc37d9fd6d,USED_POST_MVP,EXCLUDED_RIGHTS_UNVERIFIED,2026-09-08,TASK-0028
equipment_turtle_warrior_ring_shell__514x487,analysis/figma/raw/images/c4302483db5ca38f3b1037e4b34f73a7c6c10ea7,USER_PROVIDED_RIGHTS_UNVERIFIED,NO,"No ownership/license grant located in supplied source or project documents; supplied Figma is provenance, not distribution proof. Release exclusion retained until evidence review.",UNKNOWN,UNKNOWN,,,e8576841f93893ab28ad689536d7f90abe030c0c7bbeefb5782cf33d934e573b,USED_IN_MVP,EXCLUDED_RIGHTS_UNVERIFIED,2026-09-08,TASK-0028
relic_gold_bird_mask__264x296,analysis/figma/raw/images/c712c453b12993dbed32769c8bcbd7d9532edd5f,USER_PROVIDED_RIGHTS_UNVERIFIED,NO,"No ownership/license grant located in supplied source or project documents; supplied Figma is provenance, not distribution proof. Release exclusion retained until evidence review.",UNKNOWN,UNKNOWN,,,0a7b17aaeb65c35e03d08e6227de1b40314638f4a6a8528bc3d5ee418a8e51a9,USED_POST_MVP,EXCLUDED_RIGHTS_UNVERIFIED,2026-09-08,TASK-0028
background_dungeon_crocodile_strip__2172x724,analysis/figma/raw/images/c91ed48dc9e2c77f90e8847b3f39f4c00ee57f02,USER_PROVIDED_RIGHTS_UNVERIFIED,NO,"No ownership/license grant located in supplied source or project documents; supplied Figma is provenance, not distribution proof. Release exclusion retained until evidence review.",UNKNOWN,UNKNOWN,,,ede70744b9a8c7defbe8168e88934320c821245c27fb96f2aefa073c6b64c275,USED_POST_MVP,EXCLUDED_RIGHTS_UNVERIFIED,2026-09-08,TASK-0028
ui_icon_star__478x497,analysis/figma/raw/images/c9a965e48a3fb7a4655e491e3d20c69288f9294c,USER_PROVIDED_RIGHTS_UNVERIFIED,NO,"No ownership/license grant located in supplied source or project documents; supplied Figma is provenance, not distribution proof. Release exclusion retained until evidence review.",UNKNOWN,UNKNOWN,,,ef45d9ad535f4eb2a304caeef071998a3037507fe8646a68cee2c2a4ac22534e,USED_IN_MVP,EXCLUDED_RIGHTS_UNVERIFIED,2026-09-08,TASK-0028
background_battle_panorama__479x206,analysis/figma/raw/images/ca8471e35d0e957f40e7fad14b2688313205d7cf,USER_PROVIDED_RIGHTS_UNVERIFIED,NO,"No ownership/license grant located in supplied source or project documents; supplied Figma is provenance, not distribution proof. Release exclusion retained until evidence review.",UNKNOWN,UNKNOWN,,,4f7750c156c07d4d1ff0c8f0dafa746a656777efd235e718691bc289a727e733,USED_IN_MVP,EXCLUDED_RIGHTS_UNVERIFIED,2026-09-08,TASK-0028
ui_bar_dark_track__3646x435,analysis/figma/raw/images/cb797fee92f1088c3c33582adbf7a598e3fbce45,USER_PROVIDED_RIGHTS_UNVERIFIED,NO,"No ownership/license grant located in supplied source or project documents; supplied Figma is provenance, not distribution proof. Release exclusion retained until evidence review.",UNKNOWN,UNKNOWN,,,8dfc7fb23c4c2c64ee8971134c0ac20172f9ce57323b38cf966aa22ad4c4cda0,USED_IN_MVP,EXCLUDED_RIGHTS_UNVERIFIED,2026-09-08,TASK-0028
background_dungeon_shadow_bright_strip__2172x724,analysis/figma/raw/images/cba31e4d7c053dc337a3bd11c0eb0828ef59fcff,USER_PROVIDED_RIGHTS_UNVERIFIED,NO,"No ownership/license grant located in supplied source or project documents; supplied Figma is provenance, not distribution proof. Release exclusion retained until evidence review.",UNKNOWN,UNKNOWN,,,87d500f26a3797076183c64e1a15bd93c5513e83bfe744253e6d2aecd425c649,USED_POST_MVP,EXCLUDED_RIGHTS_UNVERIFIED,2026-09-08,TASK-0028
ui_bar_dark_track__456x55,analysis/figma/raw/images/cbcb8ee6d391afd1b0eea80da49ec64dad6b17f8,USER_PROVIDED_RIGHTS_UNVERIFIED,NO,"No ownership/license grant located in supplied source or project documents; supplied Figma is provenance, not distribution proof. Release exclusion retained until evidence review.",UNKNOWN,UNKNOWN,,,b0144c0c20f6bb8f3ba1296945ac1fe61f5d90f723a7f5c4d35af3f0d1454478,USED_IN_MVP,EXCLUDED_RIGHTS_UNVERIFIED,2026-09-08,TASK-0028
equipment_raccoon_engineer_cannon_small__313x283,analysis/figma/raw/images/cbeb22c66d2cd87e9fbf5ba621e1bd01f1001ee3,USER_PROVIDED_RIGHTS_UNVERIFIED,NO,"No ownership/license grant located in supplied source or project documents; supplied Figma is provenance, not distribution proof. Release exclusion retained until evidence review.",UNKNOWN,UNKNOWN,,,ead0ce93cc0943a963432651b7563521cca455abbfa0c1fe25cae67820236a14,USED_IN_MVP,EXCLUDED_RIGHTS_UNVERIFIED,2026-09-08,TASK-0028
equipment_owl_mage_robe_orb__533x651,analysis/figma/raw/images/cd3cbe77729a836949def618d21d5d38454f11b3,USER_PROVIDED_RIGHTS_UNVERIFIED,NO,"No ownership/license grant located in supplied source or project documents; supplied Figma is provenance, not distribution proof. Release exclusion retained until evidence review.",UNKNOWN,UNKNOWN,,,ca798a6b9b072b2b0965ec129b2badb11270428fd63221c5dd73a1d17b44abbb,USED_IN_MVP,EXCLUDED_RIGHTS_UNVERIFIED,2026-09-08,TASK-0028
enemy_iron_beetle__1835x1638,analysis/figma/raw/images/cdfb9c342d6d2e1ad70593ecdbdf2217bffb2b80,USER_PROVIDED_RIGHTS_UNVERIFIED,NO,"No ownership/license grant located in supplied source or project documents; supplied Figma is provenance, not distribution proof. Release exclusion retained until evidence review.",UNKNOWN,UNKNOWN,,,a700c124e81fbedc1330d5894e493eae5869a138d59f9f58111e48b874f1cc51,USED_IN_MVP,EXCLUDED_RIGHTS_UNVERIFIED,2026-09-08,TASK-0028
enemy_poison_mushroom__399x394,analysis/figma/raw/images/ce742e29a93cdbd2335fff8884bb95a41d26ec75,USER_PROVIDED_RIGHTS_UNVERIFIED,NO,"No ownership/license grant located in supplied source or project documents; supplied Figma is provenance, not distribution proof. Release exclusion retained until evidence review.",UNKNOWN,UNKNOWN,,,ac0ff3f9a1dc8a8027c5773949dcae493d79ca82fa904fa7a9eadb6266cd908a,USED_IN_MVP,EXCLUDED_RIGHTS_UNVERIFIED,2026-09-08,TASK-0028
branding_hero_collage__384x256,analysis/figma/raw/images/ce9aa0e6e027f719ff5673bb8e5545a9e1d0415a,USER_PROVIDED_RIGHTS_UNVERIFIED,NO,"No ownership/license grant located in supplied source or project documents; supplied Figma is provenance, not distribution proof. Release exclusion retained until evidence review.",UNKNOWN,UNKNOWN,,,d209be58a60c0fe4a96a46f3cd93d9452cb44c34eb06c95ca9092296ac9c0535,USED_IN_MVP,EXCLUDED_RIGHTS_UNVERIFIED,2026-09-08,TASK-0028
ui_button_gold__2378x1300,analysis/figma/raw/images/cf6c639c3e529ac1e9d99a5365b691ec8aeb271b,USER_PROVIDED_RIGHTS_UNVERIFIED,NO,"No ownership/license grant located in supplied source or project documents; supplied Figma is provenance, not distribution proof. Release exclusion retained until evidence review.",UNKNOWN,UNKNOWN,,,61d5be2b18a8882ca75e666feb312c53680eb6dca700942708314cabffb04e83,USED_IN_MVP,EXCLUDED_RIGHTS_UNVERIFIED,2026-09-08,TASK-0028
equipment_turtle_warrior_ring__267x219,analysis/figma/raw/images/cfd017e05e8869ee397c42f6c2756469fa8160e2,USER_PROVIDED_RIGHTS_UNVERIFIED,NO,"No ownership/license grant located in supplied source or project documents; supplied Figma is provenance, not distribution proof. Release exclusion retained until evidence review.",UNKNOWN,UNKNOWN,,,08d5bfa69741a50469e3b3da9c85bbae9630625f8e06e6290793d93d89e63fa3,USED_IN_MVP,EXCLUDED_RIGHTS_UNVERIFIED,2026-09-08,TASK-0028
equipment_turtle_warrior_chest_shell__304x261,analysis/figma/raw/images/cfd0b21fb7907c5c236289f07384b4408ec62576,USER_PROVIDED_RIGHTS_UNVERIFIED,NO,"No ownership/license grant located in supplied source or project documents; supplied Figma is provenance, not distribution proof. Release exclusion retained until evidence review.",UNKNOWN,UNKNOWN,,,292b644e608aafb49d41e29c3d1d10376df410b83a7e347bf68e8ece22f6befa,USED_IN_MVP,EXCLUDED_RIGHTS_UNVERIFIED,2026-09-08,TASK-0028
ui_banner_name_purple__959x176,analysis/figma/raw/images/d10ae70ea2eadf857579c47b9a7d19320377df71,USER_PROVIDED_RIGHTS_UNVERIFIED,NO,"No ownership/license grant located in supplied source or project documents; supplied Figma is provenance, not distribution proof. Release exclusion retained until evidence review.",UNKNOWN,UNKNOWN,,,4924b8e68e5de2bf206105f343cd176490fec6219aa8f67f14dbfacd9d70e423,USED_IN_MVP,EXCLUDED_RIGHTS_UNVERIFIED,2026-09-08,TASK-0028
hero_elf_archer__450x465,analysis/figma/raw/images/d14baf955dea9d9e57dd3f2ab436e02ef051b210,USER_PROVIDED_RIGHTS_UNVERIFIED,NO,"No ownership/license grant located in supplied source or project documents; supplied Figma is provenance, not distribution proof. Release exclusion retained until evidence review.",UNKNOWN,UNKNOWN,,,a9183122d689c5ea7d2331c94a103cf5ef1e13c32758bbb8660863b8bbf5c447,USED_IN_MVP,EXCLUDED_RIGHTS_UNVERIFIED,2026-09-08,TASK-0028
equipment_inferno_dragon_sword__557x803,analysis/figma/raw/images/d18f0813e1506969d5d4fe925b78267b3f855a1c,USER_PROVIDED_RIGHTS_UNVERIFIED,NO,"No ownership/license grant located in supplied source or project documents; supplied Figma is provenance, not distribution proof. Release exclusion retained until evidence review.",UNKNOWN,UNKNOWN,,,eb9bad111646f83f89189a98531c92a13e8413fdfa0070a0167460ee122635d2,USED_IN_MVP,EXCLUDED_RIGHTS_UNVERIFIED,2026-09-08,TASK-0028
enemy_ironhide_boar__466x421,analysis/figma/raw/images/d1b7891fe95835e875d3725cbd939b0c3a23c9d1,USER_PROVIDED_RIGHTS_UNVERIFIED,NO,"No ownership/license grant located in supplied source or project documents; supplied Figma is provenance, not distribution proof. Release exclusion retained until evidence review.",UNKNOWN,UNKNOWN,,,8328e2606a04993cb1ec29c95b6c8ccd4fd8b524683fde9b6f9235e6fd756d2c,USED_IN_MVP,EXCLUDED_RIGHTS_UNVERIFIED,2026-09-08,TASK-0028
ui_panel_gold_black_wide__3815x1593,analysis/figma/raw/images/d1c66e4f6f13868503b1c7fd7d0fe2e02ce7756b,USER_PROVIDED_RIGHTS_UNVERIFIED,NO,"No ownership/license grant located in supplied source or project documents; supplied Figma is provenance, not distribution proof. Release exclusion retained until evidence review.",UNKNOWN,UNKNOWN,,,5f0ddb510bb29055a5a506e282270d3f8ac7426d98ac7b6cd359a6cbf88493fd,USED_IN_MVP,EXCLUDED_RIGHTS_UNVERIFIED,2026-09-08,TASK-0028
boss_shadow_dragon__494x415,analysis/figma/raw/images/d2bea10309b84732c2ce9aafd9111211d7ee3039,USER_PROVIDED_RIGHTS_UNVERIFIED,NO,"No ownership/license grant located in supplied source or project documents; supplied Figma is provenance, not distribution proof. Release exclusion retained until evidence review.",UNKNOWN,UNKNOWN,,,1106f1ac1991282b1f9b17d3b09be0391aa5fd2075bbbf1f1fcd28c1ecc79f78,USED_IN_MVP,EXCLUDED_RIGHTS_UNVERIFIED,2026-09-08,TASK-0028
portrait_ice_fairy__330x295,analysis/figma/raw/images/d2ef5f15388f7d280372253ad5cf1181b298bec4,USER_PROVIDED_RIGHTS_UNVERIFIED,NO,"No ownership/license grant located in supplied source or project documents; supplied Figma is provenance, not distribution proof. Release exclusion retained until evidence review.",UNKNOWN,UNKNOWN,,,280e5ab40385348b5e5170bc6d75c600735dac91a33112d07abc7c75dfc5b7d4,USED_IN_MVP,EXCLUDED_RIGHTS_UNVERIFIED,2026-09-08,TASK-0028
background_dungeon_lizard_strip__272x91,analysis/figma/raw/images/d6306a81adbcdd41bf2f68eb940ea4462bf329d5,USER_PROVIDED_RIGHTS_UNVERIFIED,NO,"No ownership/license grant located in supplied source or project documents; supplied Figma is provenance, not distribution proof. Release exclusion retained until evidence review.",UNKNOWN,UNKNOWN,,,c328225251954411cd6b8139ccbe609fcb2de74651d6dd516a55ec6087d1945e,USED_POST_MVP,EXCLUDED_RIGHTS_UNVERIFIED,2026-09-08,TASK-0028
reward_gold_chest__1254x1254_variant2,analysis/figma/raw/images/d734bdbd0bdc894f78da40d7d9ccabe4052477c9,USER_PROVIDED_RIGHTS_UNVERIFIED,NO,"No ownership/license grant located in supplied source or project documents; supplied Figma is provenance, not distribution proof. Release exclusion retained until evidence review.",UNKNOWN,UNKNOWN,,,88bff839ec65a4e657f10bcd19c9ff26c329edac788669c5b2f4e95245a203ad,USED_IN_MVP,EXCLUDED_RIGHTS_UNVERIFIED,2026-09-08,TASK-0028
equipment_panda_monk_orbs__335x276,analysis/figma/raw/images/d7d3ae289966dbb8dd830edc7dc33a9cb463aef7,USER_PROVIDED_RIGHTS_UNVERIFIED,NO,"No ownership/license grant located in supplied source or project documents; supplied Figma is provenance, not distribution proof. Release exclusion retained until evidence review.",UNKNOWN,UNKNOWN,,,f979251136b00f1cf5a98526e09f458b3de4cbf6c97b83b47613403422511f48,USED_IN_MVP,EXCLUDED_RIGHTS_UNVERIFIED,2026-09-08,TASK-0028
ui_icon_crystal_snowflake__1318x1341,analysis/figma/raw/images/d93c344388dd40c56bc46e5846a16ef36d8b9028,USER_PROVIDED_RIGHTS_UNVERIFIED,NO,"No ownership/license grant located in supplied source or project documents; supplied Figma is provenance, not distribution proof. Release exclusion retained until evidence review.",UNKNOWN,UNKNOWN,,,897a7ce25731c7e2aabf27807d9dc0dada59078ae11a31fd82bdd3ebe313eb6e,USED_IN_MVP,EXCLUDED_RIGHTS_UNVERIFIED,2026-09-08,TASK-0028
decoration_raccoon_castle__314x314_variant2,analysis/figma/raw/images/da52b92b4e92865dafe7970d68c49cedf2c8dc46,USER_PROVIDED_RIGHTS_UNVERIFIED,NO,"No ownership/license grant located in supplied source or project documents; supplied Figma is provenance, not distribution proof. Release exclusion retained until evidence review.",UNKNOWN,UNKNOWN,,,fbb2dc1ab1d19d5130bb66778bcfa4d7efd8b25c6e91956836104fce03a5c6df,USED_IN_MVP,EXCLUDED_RIGHTS_UNVERIFIED,2026-09-08,TASK-0028
portrait_fox_sorcerer__642x592,analysis/figma/raw/images/da5cf38a904fd000dde487a9bca7da41e9c9e7d2,USER_PROVIDED_RIGHTS_UNVERIFIED,NO,"No ownership/license grant located in supplied source or project documents; supplied Figma is provenance, not distribution proof. Release exclusion retained until evidence review.",UNKNOWN,UNKNOWN,,,d608c9d77717224204b70af21c17a289e31ce75f95f9c06630f4e366fb42513d,USED_IN_MVP,EXCLUDED_RIGHTS_UNVERIFIED,2026-09-08,TASK-0028
ui_icon_dragon_red__385x391,analysis/figma/raw/images/db0d3824599b4a1ebcbf793cd20b391235f43a83,USER_PROVIDED_RIGHTS_UNVERIFIED,NO,"No ownership/license grant located in supplied source or project documents; supplied Figma is provenance, not distribution proof. Release exclusion retained until evidence review.",UNKNOWN,UNKNOWN,,,f310c0bb84b50d9ef0f8959421fd08b566dc29057d0102269e1518586342889b,USED_IN_MVP,EXCLUDED_RIGHTS_UNVERIFIED,2026-09-08,TASK-0028
hero_owl_mage__1813x1760,analysis/figma/raw/images/db498372af9d5b4323316175984ae19604bd2d28,USER_PROVIDED_RIGHTS_UNVERIFIED,NO,"No ownership/license grant located in supplied source or project documents; supplied Figma is provenance, not distribution proof. Release exclusion retained until evidence review.",UNKNOWN,UNKNOWN,,,36a86bab0a33a6123120197a3737429812d8581fc4f153fa05636a1642197f50,USED_IN_MVP,EXCLUDED_RIGHTS_UNVERIFIED,2026-09-08,TASK-0028
background_dungeon_gargoyle_strip__272x91,analysis/figma/raw/images/dbd30cfc59162b4ed2edaa345f666a4172e59aec,USER_PROVIDED_RIGHTS_UNVERIFIED,NO,"No ownership/license grant located in supplied source or project documents; supplied Figma is provenance, not distribution proof. Release exclusion retained until evidence review.",UNKNOWN,UNKNOWN,,,891749b17aa2a872616bb589302e0827887e712a0cf9885801ed8eec68bd624f,USED_POST_MVP,EXCLUDED_RIGHTS_UNVERIFIED,2026-09-08,TASK-0028
ui_icon_gold_pile__1134x1163,analysis/figma/raw/images/dd6154c91ef336f7d22730ba2c8d43d966f6d772,USER_PROVIDED_RIGHTS_UNVERIFIED,NO,"No ownership/license grant located in supplied source or project documents; supplied Figma is provenance, not distribution proof. Release exclusion retained until evidence review.",UNKNOWN,UNKNOWN,,,f373ee26848c020b27dfec819733065e3f89a2f648d93600d9f31843054d785d,USED_IN_MVP,EXCLUDED_RIGHTS_UNVERIFIED,2026-09-08,TASK-0028
equipment_lion_knight_sword__486x750,analysis/figma/raw/images/de43cd8317bf721a4af4086201add657a5f6f9a7,USER_PROVIDED_RIGHTS_UNVERIFIED,NO,"No ownership/license grant located in supplied source or project documents; supplied Figma is provenance, not distribution proof. Release exclusion retained until evidence review.",UNKNOWN,UNKNOWN,,,18a04ecdd84829f898a72d264ab040146b142977c7aea546aae01bc541890c7b,USED_IN_MVP,EXCLUDED_RIGHTS_UNVERIFIED,2026-09-08,TASK-0028
ui_frame_heart_wings__1728x1616,analysis/figma/raw/images/e0304b45fa52b9fc2fbbded5924c9465b727bd67,USER_PROVIDED_RIGHTS_UNVERIFIED,NO,"No ownership/license grant located in supplied source or project documents; supplied Figma is provenance, not distribution proof. Release exclusion retained until evidence review.",UNKNOWN,UNKNOWN,,,9a76acac1af48f889b2a628ce5c42abd2be75c1c130e41c682b4b2c2889334b0,USED_IN_MVP,EXCLUDED_RIGHTS_UNVERIFIED,2026-09-08,TASK-0028
equipment_turtle_warrior_chest_plate__343x278,analysis/figma/raw/images/e0a31f4a2bdccde332a11957baada3405943f6b7,USER_PROVIDED_RIGHTS_UNVERIFIED,NO,"No ownership/license grant located in supplied source or project documents; supplied Figma is provenance, not distribution proof. Release exclusion retained until evidence review.",UNKNOWN,UNKNOWN,,,a7b044cfb3029040e5c355e0c7594aa642d2f8d28b9822287c4e5ce690560557,USED_IN_MVP,EXCLUDED_RIGHTS_UNVERIFIED,2026-09-08,TASK-0028
equipment_raccoon_engineer_cannon_small__333x269,analysis/figma/raw/images/e0f463810878fe169493ddf02ec4df5c4928e501,USER_PROVIDED_RIGHTS_UNVERIFIED,NO,"No ownership/license grant located in supplied source or project documents; supplied Figma is provenance, not distribution proof. Release exclusion retained until evidence review.",UNKNOWN,UNKNOWN,,,2d417070aa5a0500060cfbc9bf9f52f54f837501491d5b19541976d37eb77e3b,USED_IN_MVP,EXCLUDED_RIGHTS_UNVERIFIED,2026-09-08,TASK-0028
relic_wolf_mask__479x633,analysis/figma/raw/images/e0ff11fea283b5be86103c5bca2e580ca43e0345,USER_PROVIDED_RIGHTS_UNVERIFIED,NO,"No ownership/license grant located in supplied source or project documents; supplied Figma is provenance, not distribution proof. Release exclusion retained until evidence review.",UNKNOWN,UNKNOWN,,,ddb67360680d9e622da735cd1b60c3975e1a963911f32b78e9f1e20ad7186df3,USED_POST_MVP,EXCLUDED_RIGHTS_UNVERIFIED,2026-09-08,TASK-0028
ui_frame_magic_gold__1289x1762,analysis/figma/raw/images/e1310f45216dcfc68e7aa2c7a50f78993b3534da,USER_PROVIDED_RIGHTS_UNVERIFIED,NO,"No ownership/license grant located in supplied source or project documents; supplied Figma is provenance, not distribution proof. Release exclusion retained until evidence review.",UNKNOWN,UNKNOWN,,,d4ac12cc66fd394d20cf6dcb518b86cf39361fdd4b97b276dcec36e54bf75482,USED_IN_MVP,EXCLUDED_RIGHTS_UNVERIFIED,2026-09-08,TASK-0028
relic_rabbit_mask__490x644,analysis/figma/raw/images/e1ba2111414e527aa13403387739146a0ed72760,USER_PROVIDED_RIGHTS_UNVERIFIED,NO,"No ownership/license grant located in supplied source or project documents; supplied Figma is provenance, not distribution proof. Release exclusion retained until evidence review.",UNKNOWN,UNKNOWN,,,708e9313d655bf0c14647ac958bc779b7d42b1be14a585aa6849e5006a42e341,USED_POST_MVP,EXCLUDED_RIGHTS_UNVERIFIED,2026-09-08,TASK-0028
relic_blue_feather__473x665,analysis/figma/raw/images/e220a2021af266373f84d2debda5a126e2de789c,USER_PROVIDED_RIGHTS_UNVERIFIED,NO,"No ownership/license grant located in supplied source or project documents; supplied Figma is provenance, not distribution proof. Release exclusion retained until evidence review.",UNKNOWN,UNKNOWN,,,373d45ba94b8ec41c1cd73bba7d96e4fd52ee421aa8c9ca622d5ad90971e750b,USED_POST_MVP,EXCLUDED_RIGHTS_UNVERIFIED,2026-09-08,TASK-0028
equipment_turtle_warrior_mace__292x325,analysis/figma/raw/images/e32cf14de40e6845abea4c30539cdd036fb57566,USER_PROVIDED_RIGHTS_UNVERIFIED,NO,"No ownership/license grant located in supplied source or project documents; supplied Figma is provenance, not distribution proof. Release exclusion retained until evidence review.",UNKNOWN,UNKNOWN,,,2446536bd46c6a353c6b0bad44a6a03bb2b63be647d1cafceca8c956caf37740,USED_IN_MVP,EXCLUDED_RIGHTS_UNVERIFIED,2026-09-08,TASK-0028
equipment_bunny_assassin_chest__567x656,analysis/figma/raw/images/e36b43bafc8a1e7bd67010d450107f258c5c8959,USER_PROVIDED_RIGHTS_UNVERIFIED,NO,"No ownership/license grant located in supplied source or project documents; supplied Figma is provenance, not distribution proof. Release exclusion retained until evidence review.",UNKNOWN,UNKNOWN,,,4c42b1ec55c1bed86ef710ea7dba12a26753949dea260c30480bb0aadded0d34,USED_IN_MVP,EXCLUDED_RIGHTS_UNVERIFIED,2026-09-08,TASK-0028
equipment_owl_mage_robe_orb__267x326,analysis/figma/raw/images/e3c42ea62fa5a498dff6ff428ee756fcf8f33ed9,USER_PROVIDED_RIGHTS_UNVERIFIED,NO,"No ownership/license grant located in supplied source or project documents; supplied Figma is provenance, not distribution proof. Release exclusion retained until evidence review.",UNKNOWN,UNKNOWN,,,c852914d6f20570b7a3f7da45d6250b90d349c30b7d7cf98180461fdab20e568,USED_IN_MVP,EXCLUDED_RIGHTS_UNVERIFIED,2026-09-08,TASK-0028
relic_frost_dragon_head__236x315,analysis/figma/raw/images/e3ebc1ab7c4a9ff9d473d96c13b7c7b5255ed05d,USER_PROVIDED_RIGHTS_UNVERIFIED,NO,"No ownership/license grant located in supplied source or project documents; supplied Figma is provenance, not distribution proof. Release exclusion retained until evidence review.",UNKNOWN,UNKNOWN,,,1915921bfd258a15bb7d5a3f3826ecf29dc685fad554e5807ed27f13f2e2067f,USED_POST_MVP,EXCLUDED_RIGHTS_UNVERIFIED,2026-09-08,TASK-0028
reference_screen_daily__213x462,analysis/figma/raw/images/e473674f5859b12f1818af7afa02684269005ee3,USER_PROVIDED_RIGHTS_UNVERIFIED,NO,"No ownership/license grant located in supplied source or project documents; supplied Figma is provenance, not distribution proof. Release exclusion retained until evidence review. Also excluded from interactive production import by content scope.",UNKNOWN,UNKNOWN,,,8868a457231dd85738e2b94da0e7a7de2576eaf12d02d7f4254ab5d08abee1d7,UNUSED_OR_REFERENCE_ONLY,EXCLUDED_RIGHTS_UNVERIFIED,2026-09-08,TASK-0028
hero_fox_sorcerer__1828x1679,analysis/figma/raw/images/e5183844bfdb30bb2d3a1c81ae1474e29643daba,USER_PROVIDED_RIGHTS_UNVERIFIED,NO,"No ownership/license grant located in supplied source or project documents; supplied Figma is provenance, not distribution proof. Release exclusion retained until evidence review.",UNKNOWN,UNKNOWN,,,865ed674fc801e56a8a5aefd4ca5a8206c45bcc68bd98edf35e8d46d831b8f06,USED_IN_MVP,EXCLUDED_RIGHTS_UNVERIFIED,2026-09-08,TASK-0028
equipment_turtle_warrior_chest_plate__686x555,analysis/figma/raw/images/e6dae6bc9d0e728fa4f6c122d163581182d6440e,USER_PROVIDED_RIGHTS_UNVERIFIED,NO,"No ownership/license grant located in supplied source or project documents; supplied Figma is provenance, not distribution proof. Release exclusion retained until evidence review.",UNKNOWN,UNKNOWN,,,57dfb7cf4d036ef662ab304fe74845bd16469d380565dcad9316652c09117662,USED_IN_MVP,EXCLUDED_RIGHTS_UNVERIFIED,2026-09-08,TASK-0028
relic_fire_dragon_head__406x576,analysis/figma/raw/images/e89da6990c77495006b21f0ccfb9772084adcbb6,USER_PROVIDED_RIGHTS_UNVERIFIED,NO,"No ownership/license grant located in supplied source or project documents; supplied Figma is provenance, not distribution proof. Release exclusion retained until evidence review.",UNKNOWN,UNKNOWN,,,3da2745ec746d5777f47ea89562c27a1d8666377c8148aa2b54be9b7e325d184,USED_POST_MVP,EXCLUDED_RIGHTS_UNVERIFIED,2026-09-08,TASK-0028
reference_screen_daily__852x1846,analysis/figma/raw/images/e9c612edfc3a21532efd27a241496c8119d8e7f5,USER_PROVIDED_RIGHTS_UNVERIFIED,NO,"No ownership/license grant located in supplied source or project documents; supplied Figma is provenance, not distribution proof. Release exclusion retained until evidence review. Also excluded from interactive production import by content scope.",UNKNOWN,UNKNOWN,,,b9443ab0f186058676f20871871c581cfb7725544bb60ab03823609ca0ccc2cf,UNUSED_OR_REFERENCE_ONLY,EXCLUDED_RIGHTS_UNVERIFIED,2026-09-08,TASK-0028
equipment_raccoon_engineer_cannon_large__666x538,analysis/figma/raw/images/ea87345e76b21aa6327ddb1202842962c4ecc595,USER_PROVIDED_RIGHTS_UNVERIFIED,NO,"No ownership/license grant located in supplied source or project documents; supplied Figma is provenance, not distribution proof. Release exclusion retained until evidence review.",UNKNOWN,UNKNOWN,,,e722a1c4159721b339b310d2e2b03b1aea575f6818735f6ff6596cd4f5c32989,USED_IN_MVP,EXCLUDED_RIGHTS_UNVERIFIED,2026-09-08,TASK-0028
equipment_bunny_assassin_axes__715x516,analysis/figma/raw/images/eb8c311ae23995ada50296a0eedfdad03cbb395a,USER_PROVIDED_RIGHTS_UNVERIFIED,NO,"No ownership/license grant located in supplied source or project documents; supplied Figma is provenance, not distribution proof. Release exclusion retained until evidence review.",UNKNOWN,UNKNOWN,,,4d2217119003dfcd282ea5e0638373e1aa888e6b32e718060abb28d9251fa50f,USED_IN_MVP,EXCLUDED_RIGHTS_UNVERIFIED,2026-09-08,TASK-0028
reference_gradient_wallpaper__736x1513,analysis/figma/raw/images/ecb1a4835638a80d8eb318b4438f6c822a60df4a,USER_PROVIDED_RIGHTS_UNVERIFIED,NO,"No ownership/license grant located in supplied source or project documents; supplied Figma is provenance, not distribution proof. Release exclusion retained until evidence review. Also excluded from interactive production import by content scope.",UNKNOWN,UNKNOWN,,,f4873a9415e8e17940df8eaba531ed719a32e53b033667c2739c5128fc06e8c8,UNUSED_OR_REFERENCE_ONLY,EXCLUDED_RIGHTS_UNVERIFIED,2026-09-08,TASK-0028
ui_panel_stats_black__483x213,analysis/figma/raw/images/ecba3638bda2025a1f9cd22c2ff1fd7f5378bc0f,USER_PROVIDED_RIGHTS_UNVERIFIED,NO,"No ownership/license grant located in supplied source or project documents; supplied Figma is provenance, not distribution proof. Release exclusion retained until evidence review.",UNKNOWN,UNKNOWN,,,3d430d41d7ada555fbf62b08027bc417bc826144f89d111138145dda84a7b8c1,USED_IN_MVP,EXCLUDED_RIGHTS_UNVERIFIED,2026-09-08,TASK-0028
equipment_ice_fairy_staff_spear__218x450,analysis/figma/raw/images/ed069adba8caa6fa4cd55a4eb4bda39477b059fd,USER_PROVIDED_RIGHTS_UNVERIFIED,NO,"No ownership/license grant located in supplied source or project documents; supplied Figma is provenance, not distribution proof. Release exclusion retained until evidence review.",UNKNOWN,UNKNOWN,,,928c722bcee61516a09138fb57a923c156b0795ac40b8f88e620e4ba1b2dbef4,USED_IN_MVP,EXCLUDED_RIGHTS_UNVERIFIED,2026-09-08,TASK-0028
background_dungeon_shadow_bright_strip__272x91,analysis/figma/raw/images/ede636ef3ba86eb880c9f796bf569b823b11ff9b,USER_PROVIDED_RIGHTS_UNVERIFIED,NO,"No ownership/license grant located in supplied source or project documents; supplied Figma is provenance, not distribution proof. Release exclusion retained until evidence review.",UNKNOWN,UNKNOWN,,,14fd6d83e90835c1ffdd4e22f816bfb7e8721cc66836f449e43292a66b917bdf,USED_POST_MVP,EXCLUDED_RIGHTS_UNVERIFIED,2026-09-08,TASK-0028
relic_gold_dragon_head__228x317,analysis/figma/raw/images/efb2435c48519149dc204b0be1afee580cceacdc,USER_PROVIDED_RIGHTS_UNVERIFIED,NO,"No ownership/license grant located in supplied source or project documents; supplied Figma is provenance, not distribution proof. Release exclusion retained until evidence review.",UNKNOWN,UNKNOWN,,,fd4e4b4f761787163f0d30b9b4c343f35ed3aa3b31d9c3cf8707a7b73935da24,USED_POST_MVP,EXCLUDED_RIGHTS_UNVERIFIED,2026-09-08,TASK-0028
equipment_elf_archer_quiver__260x344,analysis/figma/raw/images/f017c2d2adaafdce29cc30616066e4e638b23500,USER_PROVIDED_RIGHTS_UNVERIFIED,NO,"No ownership/license grant located in supplied source or project documents; supplied Figma is provenance, not distribution proof. Release exclusion retained until evidence review.",UNKNOWN,UNKNOWN,,,6fffd9b2fc7f383b12de24bc41eb7fca23344406705c92e5ec7fbaa59a11bddc,USED_IN_MVP,EXCLUDED_RIGHTS_UNVERIFIED,2026-09-08,TASK-0028
portrait_panda_monk__324x295,analysis/figma/raw/images/f08aeb6d28395291a90839febda591a846c83fa7,USER_PROVIDED_RIGHTS_UNVERIFIED,NO,"No ownership/license grant located in supplied source or project documents; supplied Figma is provenance, not distribution proof. Release exclusion retained until evidence review.",UNKNOWN,UNKNOWN,,,6e61b6a33ed750c6dd34be614052564e7712f5053bb17fa8f1053c172e5f1d0a,USED_IN_MVP,EXCLUDED_RIGHTS_UNVERIFIED,2026-09-08,TASK-0028
enemy_stone_gargoyle__448x390,analysis/figma/raw/images/f10a8d4677a5ac173b0c0086c5adfdede660d594,USER_PROVIDED_RIGHTS_UNVERIFIED,NO,"No ownership/license grant located in supplied source or project documents; supplied Figma is provenance, not distribution proof. Release exclusion retained until evidence review.",UNKNOWN,UNKNOWN,,,bb5ac0bcc29119e518fa36af50b6abad1ffdaaf7b5d36d5f89078fb4ca223bfd,USED_IN_MVP,EXCLUDED_RIGHTS_UNVERIFIED,2026-09-08,TASK-0028
ui_panel_stats_black__966x425,analysis/figma/raw/images/f114a4c886b5b51ac42b3ffe94ebe8bb12661366,USER_PROVIDED_RIGHTS_UNVERIFIED,NO,"No ownership/license grant located in supplied source or project documents; supplied Figma is provenance, not distribution proof. Release exclusion retained until evidence review.",UNKNOWN,UNKNOWN,,,ca6d322b1a3fe254be49230e897597e09656d936c459f91391436c5a8beae2bf,USED_IN_MVP,EXCLUDED_RIGHTS_UNVERIFIED,2026-09-08,TASK-0028
hero_turtle_warrior__1815x1620,analysis/figma/raw/images/f123b258ee3365da347c09a0e172003fe3c78520,USER_PROVIDED_RIGHTS_UNVERIFIED,NO,"No ownership/license grant located in supplied source or project documents; supplied Figma is provenance, not distribution proof. Release exclusion retained until evidence review.",UNKNOWN,UNKNOWN,,,1c237ea3661612276711c5bb4548ebc78e58f176f0ce15edf1e3b2275338b1ca,USED_IN_MVP,EXCLUDED_RIGHTS_UNVERIFIED,2026-09-08,TASK-0028
portrait_turtle_warrior__330x296,analysis/figma/raw/images/f3fbca764b386d8d2e91da13da85ea037cb4d2d8,USER_PROVIDED_RIGHTS_UNVERIFIED,NO,"No ownership/license grant located in supplied source or project documents; supplied Figma is provenance, not distribution proof. Release exclusion retained until evidence review.",UNKNOWN,UNKNOWN,,,70f2f03b4c0f2191e4e67e28999e10aaab2bfab69b3ed34781b5ace193ea8b55,USED_IN_MVP,EXCLUDED_RIGHTS_UNVERIFIED,2026-09-08,TASK-0028
ui_frame_purple_orb__1428x1440,analysis/figma/raw/images/f4759d36c20f4d5406b3dfa5473651c47b84fdc9,USER_PROVIDED_RIGHTS_UNVERIFIED,NO,"No ownership/license grant located in supplied source or project documents; supplied Figma is provenance, not distribution proof. Release exclusion retained until evidence review.",UNKNOWN,UNKNOWN,,,975f5f6b97ce1c4516840be13d8b04fb3079fb07cac65e5780c3769f5866e848,USED_IN_MVP,EXCLUDED_RIGHTS_UNVERIFIED,2026-09-08,TASK-0028
ui_nav_dungeon__1494x1139,analysis/figma/raw/images/f4cb8b25c50df3defb06b5d0fee4c2b311098774,USER_PROVIDED_RIGHTS_UNVERIFIED,NO,"No ownership/license grant located in supplied source or project documents; supplied Figma is provenance, not distribution proof. Release exclusion retained until evidence review.",UNKNOWN,UNKNOWN,,,43a4d7323cd336871a977e8166b83421b81c72f117cf0ab64fe1884f494152d6,USED_IN_MVP,EXCLUDED_RIGHTS_UNVERIFIED,2026-09-08,TASK-0028
portrait_lion_knight__661x606,analysis/figma/raw/images/f515249df249bb0eb674f85bb698f0a08e16de1e,USER_PROVIDED_RIGHTS_UNVERIFIED,NO,"No ownership/license grant located in supplied source or project documents; supplied Figma is provenance, not distribution proof. Release exclusion retained until evidence review.",UNKNOWN,UNKNOWN,,,0bf7cf58458260b6643ce47d8744e11253d570f36eb7ca8f6415b0c18a081d9c,USED_IN_MVP,EXCLUDED_RIGHTS_UNVERIFIED,2026-09-08,TASK-0028
background_dungeon_boar_strip__272x91,analysis/figma/raw/images/f5f6f1cfaed144a8b9a28db81a7a3b14a09fd9d3,USER_PROVIDED_RIGHTS_UNVERIFIED,NO,"No ownership/license grant located in supplied source or project documents; supplied Figma is provenance, not distribution proof. Release exclusion retained until evidence review.",UNKNOWN,UNKNOWN,,,8f3f724c7642455cfe422d91f14b5f78d10cfdf10dc718067861163838e4a7d8,USED_POST_MVP,EXCLUDED_RIGHTS_UNVERIFIED,2026-09-08,TASK-0028
enemy_toxic_slime__414x347,analysis/figma/raw/images/f6342356b4085c635152a6b01871c29546cf5150,USER_PROVIDED_RIGHTS_UNVERIFIED,NO,"No ownership/license grant located in supplied source or project documents; supplied Figma is provenance, not distribution proof. Release exclusion retained until evidence review.",UNKNOWN,UNKNOWN,,,79081d0800f29fae25497e3708402ac87f8dd59e1a1f5b85f840cb218e95f9a8,USED_IN_MVP,EXCLUDED_RIGHTS_UNVERIFIED,2026-09-08,TASK-0028
equipment_panda_monk_chest__310x278,analysis/figma/raw/images/f6a052ebe198b716628da05eca724ad97d656774,USER_PROVIDED_RIGHTS_UNVERIFIED,NO,"No ownership/license grant located in supplied source or project documents; supplied Figma is provenance, not distribution proof. Release exclusion retained until evidence review.",UNKNOWN,UNKNOWN,,,f93d0f8d93f6db9a454e5970a11095739eeb191dfa864865049dadc38f6c8e22,USED_IN_MVP,EXCLUDED_RIGHTS_UNVERIFIED,2026-09-08,TASK-0028
background_dungeon_frost_strip__2172x724,analysis/figma/raw/images/f942f214c1087b5af4bfea18e4808a749cdfc2fe,USER_PROVIDED_RIGHTS_UNVERIFIED,NO,"No ownership/license grant located in supplied source or project documents; supplied Figma is provenance, not distribution proof. Release exclusion retained until evidence review.",UNKNOWN,UNKNOWN,,,695a0db3c21e3ac7dc18e08a9ad9e3824187d28c004555bf2e725039e511bbcb,USED_POST_MVP,EXCLUDED_RIGHTS_UNVERIFIED,2026-09-08,TASK-0028
equipment_raccoon_engineer_cannon_large__625x565,analysis/figma/raw/images/fb130201864a4e9776cc84c0735297c96c741912,USER_PROVIDED_RIGHTS_UNVERIFIED,NO,"No ownership/license grant located in supplied source or project documents; supplied Figma is provenance, not distribution proof. Release exclusion retained until evidence review.",UNKNOWN,UNKNOWN,,,a08ebe08664eb17c3106d57d1469fe393df1080105b8b60869ea3a1d82a626ce,USED_IN_MVP,EXCLUDED_RIGHTS_UNVERIFIED,2026-09-08,TASK-0028
hero_bunny_assassin__1711x1827,analysis/figma/raw/images/fb3d4b7bdcf5505797f86cffd17d04e5fc32f3ab,USER_PROVIDED_RIGHTS_UNVERIFIED,NO,"No ownership/license grant located in supplied source or project documents; supplied Figma is provenance, not distribution proof. Release exclusion retained until evidence review.",UNKNOWN,UNKNOWN,,,c6d31753476eefb819839e82e6771e5af8769ee4a1a4dd1e4b72b7c001f04679,USED_IN_MVP,EXCLUDED_RIGHTS_UNVERIFIED,2026-09-08,TASK-0028
ui_icon_dragon_red__1540x1564,analysis/figma/raw/images/fc1cc64139c8c276f0575a4ede022749b073a75c,USER_PROVIDED_RIGHTS_UNVERIFIED,NO,"No ownership/license grant located in supplied source or project documents; supplied Figma is provenance, not distribution proof. Release exclusion retained until evidence review.",UNKNOWN,UNKNOWN,,,f319037f91057ff360e32f5019ce054dc5d4c47c9a076addcd136ac868df2e21,USED_IN_MVP,EXCLUDED_RIGHTS_UNVERIFIED,2026-09-08,TASK-0028
branding_hero_collage__384x256_variant2,analysis/figma/raw/images/fc52b4b7e95a3cce76c415a98144008fa17c304f,USER_PROVIDED_RIGHTS_UNVERIFIED,NO,"No ownership/license grant located in supplied source or project documents; supplied Figma is provenance, not distribution proof. Release exclusion retained until evidence review.",UNKNOWN,UNKNOWN,,,455736138b1c22b93de7212c0bb67f62224ab7b00da8e73f1e090dce90612fa3,USED_IN_MVP,EXCLUDED_RIGHTS_UNVERIFIED,2026-09-08,TASK-0028
equipment_panda_monk_staff__623x626,analysis/figma/raw/images/fcb06634e345c076cd030ae74ed295778eaf95c2,USER_PROVIDED_RIGHTS_UNVERIFIED,NO,"No ownership/license grant located in supplied source or project documents; supplied Figma is provenance, not distribution proof. Release exclusion retained until evidence review.",UNKNOWN,UNKNOWN,,,75071d4d2bfc1534c8f436de3a73b93da1beface1625f3e98e4a9acdc6978ff9,USED_IN_MVP,EXCLUDED_RIGHTS_UNVERIFIED,2026-09-08,TASK-0028
relic_gold_hammer__237x264,analysis/figma/raw/images/fcde5112810dcc9a0455991ee80c16b8e547857e,USER_PROVIDED_RIGHTS_UNVERIFIED,NO,"No ownership/license grant located in supplied source or project documents; supplied Figma is provenance, not distribution proof. Release exclusion retained until evidence review.",UNKNOWN,UNKNOWN,,,0a424722b10847e1dcbd9e9f2f0b01110bed2c58fb29aaf6eaca9835278035ce,USED_POST_MVP,EXCLUDED_RIGHTS_UNVERIFIED,2026-09-08,TASK-0028
portrait_panda_monk__648x590,analysis/figma/raw/images/fe138567268deb1ce754c3226b89ef06cb95c1e6,USER_PROVIDED_RIGHTS_UNVERIFIED,NO,"No ownership/license grant located in supplied source or project documents; supplied Figma is provenance, not distribution proof. Release exclusion retained until evidence review.",UNKNOWN,UNKNOWN,,,9d7745bbacaa81655615cd4a9fc071879c4ad2e0cbb6e62ba53c16cb36975390,USED_IN_MVP,EXCLUDED_RIGHTS_UNVERIFIED,2026-09-08,TASK-0028
relic_gold_bird_mask__527x591,analysis/figma/raw/images/fe361baf447b5629369e3a85a3dd3b7a1229c26e,USER_PROVIDED_RIGHTS_UNVERIFIED,NO,"No ownership/license grant located in supplied source or project documents; supplied Figma is provenance, not distribution proof. Release exclusion retained until evidence review.",UNKNOWN,UNKNOWN,,,6b2643af8d76215892416fcb7481549875d9dc41e2ee58bec942e303ef4cfaac,USED_POST_MVP,EXCLUDED_RIGHTS_UNVERIFIED,2026-09-08,TASK-0028
equipment_lion_knight_shield__458x423,analysis/figma/raw/images/fee263da58d83039825169394584a69fd9f99f5f,USER_PROVIDED_RIGHTS_UNVERIFIED,NO,"No ownership/license grant located in supplied source or project documents; supplied Figma is provenance, not distribution proof. Release exclusion retained until evidence review.",UNKNOWN,UNKNOWN,,,f5bb046adbe70954cf268550b8a36bd1e56f265b92d7bc1b917ad7a93ed1ae4b,USED_IN_MVP,EXCLUDED_RIGHTS_UNVERIFIED,2026-09-08,TASK-0028
equipment_raccoon_engineer_ring_clock__279x246,analysis/figma/raw/images/ff5ce2c23792a21cc93445e282419d3ec5af9162,USER_PROVIDED_RIGHTS_UNVERIFIED,NO,"No ownership/license grant located in supplied source or project documents; supplied Figma is provenance, not distribution proof. Release exclusion retained until evidence review.",UNKNOWN,UNKNOWN,,,47a815ccb19b553cbef18fe92803bf56101bcfc6b3b5e6d663a26915087d5255,USED_IN_MVP,EXCLUDED_RIGHTS_UNVERIFIED,2026-09-08,TASK-0028
ui_nav_crystal_relic__352x333,analysis/figma/raw/images/ff9f96b2ace9f7383bac0ca086da85cef7840773,USER_PROVIDED_RIGHTS_UNVERIFIED,NO,"No ownership/license grant located in supplied source or project documents; supplied Figma is provenance, not distribution proof. Release exclusion retained until evidence review.",UNKNOWN,UNKNOWN,,,e555d2f4f1d2f91c8c56cd66f46d6aacf3d4bca00c1fc01237ca9a2b001001a5,USED_IN_MVP,EXCLUDED_RIGHTS_UNVERIFIED,2026-09-08,TASK-0028
