pairId,semanticA,semanticB,sourceSha256A,sourceSha256B,dimensionsA,dimensionsB,alphaBoundsA,alphaBoundsB,outlineDifferenceRatio,sourceNodeIdsA,sourceNodeIdsB,scopeA,scopeB,decision,reason,reviewSheet
NEAR-001,ui_icon_crystal_snowflake__330x336,ui_icon_crystal_snowflake__1318x1341,7d440b12e9b5a2d1a074f54883ff124d5adbde1ba8ab07c2256c2409a8fe4f68,897a7ce25731c7e2aabf27807d9dc0dada59078ae11a31fd82bdd3ebe313eb6e,"[330, 336]","[1318, 1341]","[0, 0, 330, 336]","[0, 0, 1318, 1341]",0.006714,[],"[""45:1431"", ""45:1437""]",USED_IN_MVP,USED_IN_MVP,KEEP_BOTH,Side-by-side inspection shows matching subject/composition in different native resolutions; decoded RGBA is not equal. Preserve independent raster/alpha data and source usage until calibrated runtime selection.,analysis/figma/near_duplicate_review/pairs_01.jpg
NEAR-002,ui_frame_magic_gold__323x441,ui_frame_magic_gold__1289x1762,8bec1ea9c31e1b76bb2ad0857e02a5e9a0d5361a38c2c003e06154ecd742e28b,d4ac12cc66fd394d20cf6dcb518b86cf39361fdd4b97b276dcec36e54bf75482,"[323, 441]","[1289, 1762]","[0, 0, 323, 441]","[0, 0, 1289, 1762]",0.003372,[],"[""I73:438;73:409"", ""I73:442;73:409"", ""I73:453;73:409"", ""I73:454;73:409"", ""I73:460;73:409"", ""I73:461;73:409"", ""I73:462;73:409"", ""I73:463;73:409"", ""I73:473;73:409"", ""I73:474;73:409"", ""I73:475;73:409"", ""I73:476;73:409"", ""I73:477;73:409"", ""I73:478;73:409"", ""I73:479;73:409"", ""I73:480;73:409"", ""I80:937;80:910"", ""I80:941;80:910"", ""I80:945;80:910"", ""I80:949;80:910"", ""I80:950;80:910"", ""I80:951;80:910"", ""80:910"", ""73:409""]",USED_IN_MVP,USED_IN_MVP,KEEP_BOTH,Side-by-side inspection shows matching subject/composition in different native resolutions; decoded RGBA is not equal. Preserve independent raster/alpha data and source usage until calibrated runtime selection.,analysis/figma/near_duplicate_review/pairs_01.jpg
NEAR-003,equipment_fox_sorcerer_staff__462x747,equipment_fox_sorcerer_staff__231x374,79721ca5ecb40c17dd507586c745450d238c1232b7bd035367575b0224605552,ac234bb903a02124235d830d4740bd3f25719af669b9172cd1fb723277b9ea44,"[462, 747]","[231, 374]","[0, 0, 462, 747]","[0, 0, 231, 374]",0.001938,"[""80:1058""]",[],USED_IN_MVP,USED_IN_MVP,KEEP_BOTH,Side-by-side inspection shows matching subject/composition in different native resolutions; decoded RGBA is not equal. Preserve independent raster/alpha data and source usage until calibrated runtime selection.,analysis/figma/near_duplicate_review/pairs_01.jpg
NEAR-004,relic_compass_gold__538x602,relic_compass_gold__269x301,83addef0f4fb65cfceff32bab38c40c1dd758fe4b2d8f0dcc35329487cbb008f,a0d8d29483d65bcabc214c8a9ba6fd8fe449e20c2e03af07cefd7aee96f08271,"[538, 602]","[269, 301]","[0, 0, 538, 602]","[0, 0, 269, 301]",0.000107,"[""I73:462;73:436"", ""73:503""]",[],USED_POST_MVP,USED_POST_MVP,KEEP_BOTH,Side-by-side inspection shows matching subject/composition in different native resolutions; decoded RGBA is not equal. Preserve independent raster/alpha data and source usage until calibrated runtime selection.,analysis/figma/near_duplicate_review/pairs_01.jpg
NEAR-005,equipment_elf_archer_hood__311x328,equipment_elf_archer_hood__622x656,9120a2e104e6dd85579d3234caafd75a786d77dc113db298805f35627e2aac98,06edf2dafd622adc1b9a07d4a2e56f5179d097bbbb3a857ab9994decfad013e6,"[311, 328]","[622, 656]","[0, 0, 311, 328]","[0, 0, 622, 656]",6.1e-05,[],"[""I80:941;80:911"", ""80:1011""]",USED_IN_MVP,USED_IN_MVP,KEEP_BOTH,Side-by-side inspection shows matching subject/composition in different native resolutions; decoded RGBA is not equal. Preserve independent raster/alpha data and source usage until calibrated runtime selection.,analysis/figma/near_duplicate_review/pairs_01.jpg
NEAR-006,relic_infernal_mask__1628x1757,relic_infernal_mask__407x440,562460c20896f47952619b5aa3afe1d0135d3b177e9cb0b9e0b58fa28ea08e93,e28e5ee62daca30f3316a1eebc6445570e59ab0b5a9fc665787b85453c409d58,"[1628, 1757]","[407, 440]","[0, 0, 1628, 1757]","[0, 0, 407, 440]",0.002151,"[""52:1474""]",[],USED_POST_MVP,USED_POST_MVP,KEEP_BOTH,Side-by-side inspection shows matching subject/composition in different native resolutions; decoded RGBA is not equal. Preserve independent raster/alpha data and source usage until calibrated runtime selection.,analysis/figma/near_duplicate_review/pairs_01.jpg
NEAR-007,hero_ice_fairy__430x435,hero_ice_fairy__1718x1740,537e1126739256391509a32336c907a37a22e91cd73f4e97e8402b55f38cf6d3,c5bca6b0f0bdea1962f2f1882f0457b8dd53cc27c6e90edd9c25573d25929579,"[430, 435]","[1718, 1740]","[0, 0, 430, 435]","[0, 0, 1718, 1740]",0.003479,[],"[""I30:1296;30:1265"", ""32:1313"", ""I89:1604;89:1451"", ""89:1451"", ""89:1525"", ""39:1379""]",USED_IN_MVP,USED_IN_MVP,KEEP_BOTH,Side-by-side inspection shows matching subject/composition in different native resolutions; decoded RGBA is not equal. Preserve independent raster/alpha data and source usage until calibrated runtime selection.,analysis/figma/near_duplicate_review/pairs_01.jpg
NEAR-008,enemy_poison_mushroom__1596x1576,enemy_poison_mushroom__399x394,41aa0e1ac6e0eb6205846f41196a20372274580c3b45ffe5733bdbf86ee0a0b7,ac0ff3f9a1dc8a8027c5773949dcae493d79ca82fa904fa7a9eadb6266cd908a,"[1596, 1576]","[399, 394]","[0, 0, 1596, 1576]","[0, 0, 399, 394]",0.000153,"[""37:1347""]",[],USED_IN_MVP,USED_IN_MVP,KEEP_BOTH,Side-by-side inspection shows matching subject/composition in different native resolutions; decoded RGBA is not equal. Preserve independent raster/alpha data and source usage until calibrated runtime selection.,analysis/figma/near_duplicate_review/pairs_01.jpg
NEAR-009,equipment_bunny_assassin_pants__261x290,equipment_bunny_assassin_pants__522x580,3d5df4d8d308bf1a8e334541dd302b34fdc06088f388b14a6fd51cf887c4da83,789cd6730a51e652cdd6be69c8945e90064a4cd49b97b1a8538234e4a30e0c7f,"[261, 290]","[522, 580]","[0, 0, 261, 290]","[0, 0, 522, 580]",7.6e-05,[],"[""80:1021""]",USED_IN_MVP,USED_IN_MVP,KEEP_BOTH,Side-by-side inspection shows matching subject/composition in different native resolutions; decoded RGBA is not equal. Preserve independent raster/alpha data and source usage until calibrated runtime selection.,analysis/figma/near_duplicate_review/pairs_01.jpg
NEAR-010,branding_hero_collage__1536x1024,branding_hero_collage__384x256,701846984cec94771523267c0425b1600a935382acb03e4e7b8b038c70f9bf43,d209be58a60c0fe4a96a46f3cd93d9452cb44c34eb06c95ca9092296ac9c0535,"[1536, 1024]","[384, 256]","[0, 0, 1536, 1016]","[0, 0, 384, 254]",0.003448,"[""2:410"", ""91:558"", ""110:1166"", ""I109:602;110:1166"", ""I109:604;110:1166"", ""I109:606;110:1166"", ""I109:608;110:1166"", ""I109:610;110:1166"", ""I109:612;110:1166""]",[],USED_IN_MVP,USED_IN_MVP,KEEP_BOTH,Side-by-side inspection shows matching subject/composition in different native resolutions; decoded RGBA is not equal. Preserve independent raster/alpha data and source usage until calibrated runtime selection.,analysis/figma/near_duplicate_review/pairs_01.jpg
NEAR-011,reward_gold_chest__1254x1254,reward_gold_chest__314x314,188b86dcf82eefca301f55c9cd4a012c6522c731810b73d11757ed5c5c263ab0,9d11da602146199b9bd22760863556055be5762f88402526c93ef42dfa15e224,"[1254, 1254]","[314, 314]","[0, 0, 1254, 1254]","[0, 0, 314, 314]",0.0,"[""I2:421;2:437"", ""I106:556;2:437"", ""2:437""]",[],USED_IN_MVP,USED_IN_MVP,KEEP_BOTH,Side-by-side inspection shows matching subject/composition in different native resolutions; decoded RGBA is not equal. Preserve independent raster/alpha data and source usage until calibrated runtime selection.,analysis/figma/near_duplicate_review/pairs_01.jpg
NEAR-012,ui_button_red_square__1580x1579,ui_button_red_square__395x395,552ce9ca7d9a4168248e9f2b1af9c6ad9fa2413ec80bd798abe4d8ef179c616f,35ce6fbac7568880d998af2b41d5f409a4fe2ef013c26fd9e591b1fb1f8b4021,"[1580, 1579]","[395, 395]","[0, 0, 1580, 1579]","[0, 0, 395, 395]",0.00032,"[""51:1472""]",[],USED_IN_MVP,USED_IN_MVP,KEEP_BOTH,Side-by-side inspection shows matching subject/composition in different native resolutions; decoded RGBA is not equal. Preserve independent raster/alpha data and source usage until calibrated runtime selection.,analysis/figma/near_duplicate_review/pairs_01.jpg
NEAR-013,ui_bar_cyan_fill__335x53,ui_bar_cyan_fill__2680x420,100ccd3992f30b999f8258a97aa2c08613ef6a6e8e8db539d06d34488dd2e8df,e42e47f11e949ac6e19f7903eedec919dcaf9b88e88966aaee52126603c3c289,"[335, 53]","[2680, 420]","[0, 0, 335, 53]","[0, 0, 2680, 420]",0.006454,[],"[""51:1471""]",USED_IN_MVP,USED_IN_MVP,KEEP_BOTH,Side-by-side inspection shows matching subject/composition in different native resolutions; decoded RGBA is not equal. Preserve independent raster/alpha data and source usage until calibrated runtime selection.,analysis/figma/near_duplicate_review/pairs_02.jpg
NEAR-014,enemy_swamp_crocodile__474x358,enemy_swamp_crocodile__1895x1429,15304ce778149e7057a2564cb0250d251c628a20a5015971b7f23c013e662d37,ff94cd486f51ec02d99911341d145c24d7edceb40acc48b3c1a601fb7897c980,"[474, 358]","[1895, 1429]","[0, 0, 474, 358]","[0, 0, 1895, 1429]",0.003708,[],"[""37:1341""]",USED_IN_MVP,USED_IN_MVP,KEEP_BOTH,Side-by-side inspection shows matching subject/composition in different native resolutions; decoded RGBA is not equal. Preserve independent raster/alpha data and source usage until calibrated runtime selection.,analysis/figma/near_duplicate_review/pairs_02.jpg
NEAR-015,equipment_ice_fairy_boots__289x278,equipment_ice_fairy_boots__578x556,ab659dd75576e5dcf484f8d92d1438548ae1bb543fd129674bc287473b67e954,c13e7e70598dff3947a946a6c7578c31e79d136b4a51113ca94df2546ae03894,"[289, 278]","[578, 556]","[0, 0, 289, 278]","[0, 0, 578, 556]",0.000153,[],"[""80:1035""]",USED_IN_MVP,USED_IN_MVP,KEEP_BOTH,Side-by-side inspection shows matching subject/composition in different native resolutions; decoded RGBA is not equal. Preserve independent raster/alpha data and source usage until calibrated runtime selection.,analysis/figma/near_duplicate_review/pairs_02.jpg
NEAR-016,ui_frame_equipment_gold__259x387,ui_frame_equipment_gold__1035x1545,ed1bd6fe0e29e07f44046f2db81ac0456bcceb5943b2ebb1d8702badbfe7d8db,bbffc23e9dcc5da6a4f6f2f85680798c25877faccba3562f2c5b0c841909d56d,"[259, 387]","[1035, 1545]","[0, 0, 259, 387]","[0, 0, 1035, 1545]",0.004456,[],"[""73:407""]",USED_IN_MVP,USED_IN_MVP,KEEP_BOTH,Side-by-side inspection shows matching subject/composition in different native resolutions; decoded RGBA is not equal. Preserve independent raster/alpha data and source usage until calibrated runtime selection.,analysis/figma/near_duplicate_review/pairs_02.jpg
NEAR-017,hero_raccoon_engineer__405x416,hero_raccoon_engineer__1617x1662,3cc4090d237bd314c8cfd5c7667ccfd918c4e5583b3ff9f561720d35d6fb5396,800cd6f6e5c013bc35dbda41e27964de388aaf62c5d2892c4ab02d8f80805799,"[405, 416]","[1617, 1662]","[0, 0, 405, 416]","[0, 0, 1617, 1662]",0.004288,[],"[""I30:1278;30:1265"", ""39:1367""]",USED_IN_MVP,USED_IN_MVP,KEEP_BOTH,Side-by-side inspection shows matching subject/composition in different native resolutions; decoded RGBA is not equal. Preserve independent raster/alpha data and source usage until calibrated runtime selection.,analysis/figma/near_duplicate_review/pairs_02.jpg
NEAR-018,ui_frame_heart_wings__432x404,ui_frame_heart_wings__1728x1616,b51017dbb49621c1e2452a79c838861123fcf389d7b5bab3777628bbd88b08ba,9a76acac1af48f889b2a628ce5c42abd2be75c1c130e41c682b4b2c2889334b0,"[432, 404]","[1728, 1616]","[0, 0, 432, 404]","[0, 0, 1728, 1616]",9.2e-05,[],"[""I73:438;73:532"", ""I73:442;73:532"", ""I73:453;73:532"", ""I73:454;73:532"", ""73:532""]",USED_IN_MVP,USED_IN_MVP,KEEP_BOTH,Side-by-side inspection shows matching subject/composition in different native resolutions; decoded RGBA is not equal. Preserve independent raster/alpha data and source usage until calibrated runtime selection.,analysis/figma/near_duplicate_review/pairs_02.jpg
NEAR-019,branding_logo__1448x1086,branding_logo__362x272_variant2,28d32483760d5025b9137c076d5532188ce549439202f00740ba027f2e8fea7d,f6e716a25f79948c9e8172ae1d8e2bbbd7dd92d4f4aa222ec13617c0a66d7dd4,"[1448, 1086]","[362, 272]","[0, 0, 1448, 1086]","[0, 0, 362, 272]",0.0,"[""I2:4;2:15"", ""2:15"", ""I90:1757;2:15"", ""I110:1151;2:15"", ""I109:602;110:1151;2:15"", ""I109:604;110:1151;2:15"", ""I109:606;110:1151;2:15"", ""I109:608;110:1151;2:15"", ""I109:610;110:1151;2:15"", ""I109:612;110:1151;2:15""]",[],USED_IN_MVP,USED_IN_MVP,KEEP_BOTH,Side-by-side inspection shows matching subject/composition in different native resolutions; decoded RGBA is not equal. Preserve independent raster/alpha data and source usage until calibrated runtime selection.,analysis/figma/near_duplicate_review/pairs_02.jpg
NEAR-020,equipment_turtle_warrior_ring__534x437,equipment_turtle_warrior_ring__267x219,88668671dc6a6233c8618a4dd8eb256cc82bcbb378c3926b460bf41404e63c18,08d5bfa69741a50469e3b3da9c85bbae9630625f8e06e6290793d93d89e63fa3,"[534, 437]","[267, 219]","[0, 0, 534, 437]","[0, 0, 267, 219]",0.002716,"[""80:1075""]",[],USED_IN_MVP,USED_IN_MVP,KEEP_BOTH,Side-by-side inspection shows matching subject/composition in different native resolutions; decoded RGBA is not equal. Preserve independent raster/alpha data and source usage until calibrated runtime selection.,analysis/figma/near_duplicate_review/pairs_02.jpg
NEAR-021,boss_frost_dragon__499x482,boss_frost_dragon__1995x1925,c2dee402177403c8d632e48b44ee906055903caa67b4990fa59dcd9238c70147,39e0df703351086f18db825f78e516d6c51258604fa2a471c3029f7709431e51,"[499, 482]","[1995, 1925]","[0, 0, 499, 482]","[0, 0, 1995, 1925]",0.005386,[],"[""37:1353""]",USED_IN_MVP,USED_IN_MVP,KEEP_BOTH,Side-by-side inspection shows matching subject/composition in different native resolutions; decoded RGBA is not equal. Preserve independent raster/alpha data and source usage until calibrated runtime selection.,analysis/figma/near_duplicate_review/pairs_02.jpg
NEAR-022,equipment_fox_sorcerer_ring__452x543,equipment_fox_sorcerer_ring__226x272,11c9ff5cadf10515512147fcd58535b9c445de1fcb624cf5a5bf19c8c2fdc4ff,f301b6aa75022e277ba8c3c60b35898de650c949b061c7266481edb22702c451,"[452, 543]","[226, 272]","[0, 0, 452, 543]","[0, 0, 226, 272]",0.003937,"[""80:1055""]",[],USED_IN_MVP,USED_IN_MVP,KEEP_BOTH,Side-by-side inspection shows matching subject/composition in different native resolutions; decoded RGBA is not equal. Preserve independent raster/alpha data and source usage until calibrated runtime selection.,analysis/figma/near_duplicate_review/pairs_02.jpg
NEAR-023,ui_icon_upgrade_arrow__1302x1413,ui_icon_upgrade_arrow__326x354,a8a64e50da1df1b2c132f7a485d0215271425520362047a3a542fa213fa5bfde,ba968d056523ed6723180c226c1a72679edbc07fd2a80e32c2b7ab72475a826b,"[1302, 1413]","[326, 354]","[0, 0, 1302, 1413]","[0, 0, 326, 354]",0.002869,"[""I90:1745;90:1743"", ""90:1743"", ""I90:1749;90:1743"", ""I90:1750;90:1743"", ""I90:1748;90:1743"", ""I80:971;80:959"", ""80:959""]",[],USED_IN_MVP,USED_IN_MVP,KEEP_BOTH,Side-by-side inspection shows matching subject/composition in different native resolutions; decoded RGBA is not equal. Preserve independent raster/alpha data and source usage until calibrated runtime selection.,analysis/figma/near_duplicate_review/pairs_02.jpg
NEAR-024,equipment_ice_fairy_staff_spear__435x899,equipment_ice_fairy_staff_spear__218x450,32388b31042b8f382df34a8e8e511e2e4f5b5e020c2be1ee72222e32890e1c46,928c722bcee61516a09138fb57a923c156b0795ac40b8f88e620e4ba1b2dbef4,"[435, 899]","[218, 450]","[0, 0, 435, 899]","[0, 0, 218, 450]",0.00264,"[""80:1034""]",[],USED_IN_MVP,USED_IN_MVP,KEEP_BOTH,Side-by-side inspection shows matching subject/composition in different native resolutions; decoded RGBA is not equal. Preserve independent raster/alpha data and source usage until calibrated runtime selection.,analysis/figma/near_duplicate_review/pairs_02.jpg
NEAR-025,equipment_owl_mage_ring_crescent__413x553,equipment_owl_mage_ring_crescent__207x277,5652b9fb3db25e09b142ff050ce4fd27d1eb37c52ed6b95dea1931cd3d8c09c0,e439cfc9fb7937411062889a3302fccdd805bcea86b000db1a20ef57d7f08b94,"[413, 553]","[207, 277]","[0, 0, 413, 553]","[0, 0, 207, 277]",0.005371,"[""80:1030""]",[],USED_IN_MVP,USED_IN_MVP,KEEP_BOTH,Side-by-side inspection shows matching subject/composition in different native resolutions; decoded RGBA is not equal. Preserve independent raster/alpha data and source usage until calibrated runtime selection.,analysis/figma/near_duplicate_review/pairs_03.jpg
NEAR-026,portrait_elf_archer__324x296,portrait_elf_archer__647x592,0aede10a3babd0ef8ad6b0d42556ac0388bef2d0caec7a8b715818c328648cd1,bef3295f46a703605063c0b01fb5234778ce8ebba9df2a2405e1f5555482e184,"[324, 296]","[647, 592]","[0, 0, 324, 296]","[0, 0, 647, 592]",0.000381,[],"[""80:1080"", ""80:1081""]",USED_IN_MVP,USED_IN_MVP,KEEP_BOTH,Side-by-side inspection shows matching subject/composition in different native resolutions; decoded RGBA is not equal. Preserve independent raster/alpha data and source usage until calibrated runtime selection.,analysis/figma/near_duplicate_review/pairs_03.jpg
NEAR-027,portrait_raccoon_engineer__331x296,portrait_raccoon_engineer__662x592,83f194e4e2c1b9cf4e22a3dadb9209d3d062535ede9935a9972c23be963ed350,83b8e3ce29db413e5f1d0bb6f2846f65255dc01a23262a3b17bc436fd31827d5,"[331, 296]","[662, 592]","[0, 0, 331, 296]","[0, 0, 662, 592]",0.0,[],"[""80:1083""]",USED_IN_MVP,USED_IN_MVP,KEEP_BOTH,Side-by-side inspection shows matching subject/composition in different native resolutions; decoded RGBA is not equal. Preserve independent raster/alpha data and source usage until calibrated runtime selection.,analysis/figma/near_duplicate_review/pairs_03.jpg
NEAR-028,equipment_raccoon_engineer_ring_clock__558x491,equipment_raccoon_engineer_ring_clock__279x246,8af4b9bba0ca46968282c9b4dca048bce055fc3c5276952b59e91fc2c4996bf0,47a815ccb19b553cbef18fe92803bf56101bcfc6b3b5e6d663a26915087d5255,"[558, 491]","[279, 246]","[0, 0, 558, 491]","[0, 0, 279, 246]",0.003647,"[""80:1062""]",[],USED_IN_MVP,USED_IN_MVP,KEEP_BOTH,Side-by-side inspection shows matching subject/composition in different native resolutions; decoded RGBA is not equal. Preserve independent raster/alpha data and source usage until calibrated runtime selection.,analysis/figma/near_duplicate_review/pairs_03.jpg
NEAR-029,hero_fox_sorcerer__457x420,hero_fox_sorcerer__1828x1679,bded8080e12bd31df451430a20948a1e4190182f7a509bbc307ced469c0825d9,865ed674fc801e56a8a5aefd4ca5a8206c45bcc68bd98edf35e8d46d831b8f06,"[457, 420]","[1828, 1679]","[0, 0, 457, 420]","[0, 0, 1828, 1679]",0.001801,[],"[""I30:1282;30:1265"", ""I45:1451;32:1309"", ""I89:1604;89:1448"", ""89:1448"", ""89:1528"", ""32:1309"", ""39:1366""]",USED_IN_MVP,USED_IN_MVP,KEEP_BOTH,Side-by-side inspection shows matching subject/composition in different native resolutions; decoded RGBA is not equal. Preserve independent raster/alpha data and source usage until calibrated runtime selection.,analysis/figma/near_duplicate_review/pairs_03.jpg
NEAR-030,equipment_ice_fairy_robe__335x377,equipment_ice_fairy_robe__670x754,bb830bde653e0cbc23c64a8cc614c1500ffa52542feef94dc9eb4ded2c3d19db,7cef3018bc159a7895deff14b1772ef17ddc3920c3700f4135b261509b28f60e,"[335, 377]","[670, 754]","[0, 0, 335, 377]","[0, 0, 670, 754]",0.000107,[],"[""80:1038""]",USED_IN_MVP,USED_IN_MVP,KEEP_BOTH,Side-by-side inspection shows matching subject/composition in different native resolutions; decoded RGBA is not equal. Preserve independent raster/alpha data and source usage until calibrated runtime selection.,analysis/figma/near_duplicate_review/pairs_03.jpg
NEAR-031,equipment_ice_fairy_ring_gem__465x536,equipment_ice_fairy_ring_gem__233x268,4f9daeb4f0172bf2bb87046c67ad376f31b71ec2b4fb7864a18a8bbbfe9ae6b2,f1035f26198a3bccdc3912c7749b6152ecbee370dd992829f60aea4cf07fee91,"[465, 536]","[233, 268]","[0, 0, 465, 536]","[0, 0, 233, 268]",0.009186,"[""80:1036""]",[],USED_IN_MVP,USED_IN_MVP,KEEP_BOTH,Side-by-side inspection shows matching subject/composition in different native resolutions; decoded RGBA is not equal. Preserve independent raster/alpha data and source usage until calibrated runtime selection.,analysis/figma/near_duplicate_review/pairs_03.jpg
NEAR-032,ui_frame_orange_wings__429x416,ui_frame_orange_wings__1714x1662,d216e66385550b3642cf69c32147ceb903e01b3330b505d04a725a8ec54099f2,77c70023fca9fd7d6d619691e50f3156f58cf80ed37f05597e2fc6d22752c05e,"[429, 416]","[1714, 1662]","[0, 0, 429, 416]","[0, 0, 1714, 1662]",0.003113,[],"[""I73:473;73:532"", ""I73:474;73:532"", ""I73:475;73:532"", ""I73:476;73:532"", ""I73:477;73:532"", ""I73:478;73:532"", ""I73:479;73:532"", ""I73:480;73:532""]",USED_IN_MVP,USED_IN_MVP,KEEP_BOTH,Side-by-side inspection shows matching subject/composition in different native resolutions; decoded RGBA is not equal. Preserve independent raster/alpha data and source usage until calibrated runtime selection.,analysis/figma/near_duplicate_review/pairs_03.jpg
NEAR-033,relic_fire_crystal__447x635,relic_fire_crystal__224x318,32f8e12519e194908bb48f850b086d016f9636a02667035141bf8b87fe10c6c6,4cdf6430a40cbb765473e1f5d53a7326ae28dbbc131faf130682a445382bc5d6,"[447, 635]","[224, 318]","[0, 0, 447, 635]","[0, 0, 224, 318]",0.0047,"[""I73:474;73:436"", ""73:506""]",[],USED_POST_MVP,USED_POST_MVP,KEEP_BOTH,Side-by-side inspection shows matching subject/composition in different native resolutions; decoded RGBA is not equal. Preserve independent raster/alpha data and source usage until calibrated runtime selection.,analysis/figma/near_duplicate_review/pairs_03.jpg
NEAR-034,decoration_raccoon_castle__1254x1254,decoration_raccoon_castle__314x314_variant2,18e4da1c4e7254a0be2f85a77b5f16886969d81094bbef60211d016baabe052d,fbb2dc1ab1d19d5130bb66778bcfa4d7efd8b25c6e91956836104fce03a5c6df,"[1254, 1254]","[314, 314]","[18, 12, 1239, 1189]","[5, 3, 310, 298]",0.007034,"[""I2:119;2:124"", ""2:124""]",[],USED_IN_MVP,USED_IN_MVP,KEEP_BOTH,Side-by-side inspection shows matching subject/composition in different native resolutions; decoded RGBA is not equal. Preserve independent raster/alpha data and source usage until calibrated runtime selection.,analysis/figma/near_duplicate_review/pairs_03.jpg
NEAR-035,ui_panel_blue_square__1448x1614,ui_panel_blue_square__362x404,3c6d4b076f85591581f834359f293c58b9555b73db070f15b6c6a78c28a92158,d5a4b0effd8a3393d95fb03b72274b3dd356c249c3a5dc86d4dabb2937a363d7,"[1448, 1614]","[362, 404]","[0, 0, 1448, 1614]","[0, 0, 362, 404]",0.00708,"[""I19:1211;18:1188"", ""I89:1319;18:1188"", ""I80:1121;18:1188"", ""I71:292;18:1188"", ""I75:753;18:1188"", ""18:1188""]",[],USED_IN_MVP,USED_IN_MVP,KEEP_BOTH,Side-by-side inspection shows matching subject/composition in different native resolutions; decoded RGBA is not equal. Preserve independent raster/alpha data and source usage until calibrated runtime selection.,analysis/figma/near_duplicate_review/pairs_03.jpg
NEAR-036,ui_panel_blue_square__1448x1614,ui_panel_dark_square__394x399,3c6d4b076f85591581f834359f293c58b9555b73db070f15b6c6a78c28a92158,11fba0c719c29b6797d61aa95dba493c56cd73536b0d40c5df215390bdb09f55,"[1448, 1614]","[394, 399]","[0, 0, 1448, 1614]","[0, 0, 394, 399]",0.089111,"[""I19:1211;18:1188"", ""I89:1319;18:1188"", ""I80:1121;18:1188"", ""I71:292;18:1188"", ""I75:753;18:1188"", ""18:1188""]",[],USED_IN_MVP,USED_IN_MVP,KEEP_BOTH,"Different panel fill (blue versus dark violet), border and aspect ratio; not interchangeable UI art.",analysis/figma/near_duplicate_review/pairs_03.jpg
NEAR-037,hero_elf_archer__1797x1858,hero_elf_archer__450x465,f66d72d08e1210eafa306471c8867f9b06ae849ff9fd77eae6df7604525c0be7,a9183122d689c5ea7d2331c94a103cf5ef1e13c32758bbb8660863b8bbf5c447,"[1797, 1858]","[450, 465]","[0, 0, 1797, 1858]","[0, 0, 450, 465]",0.006287,"[""I89:1604;89:1447"", ""89:1447"", ""89:1531"", ""75:867"", ""39:1377"", ""30:1265""]",[],USED_IN_MVP,USED_IN_MVP,KEEP_BOTH,Side-by-side inspection shows matching subject/composition in different native resolutions; decoded RGBA is not equal. Preserve independent raster/alpha data and source usage until calibrated runtime selection.,analysis/figma/near_duplicate_review/pairs_04.jpg
NEAR-038,equipment_elf_archer_coat__332x313,equipment_elf_archer_coat__663x625,1119d40c83041d4af538933e75b6348d5d02d6d30828ee69070bd1f82b04ca1b,f7f0b8d7d8d072b23a6ee37e49447af51fa9adff7eb096c83bea3a574ec6b102,"[332, 313]","[663, 625]","[0, 0, 332, 313]","[0, 0, 663, 625]",0.003693,[],"[""80:1057""]",USED_IN_MVP,USED_IN_MVP,KEEP_BOTH,Side-by-side inspection shows matching subject/composition in different native resolutions; decoded RGBA is not equal. Preserve independent raster/alpha data and source usage until calibrated runtime selection.,analysis/figma/near_duplicate_review/pairs_04.jpg
NEAR-039,relic_wolf_mask__240x317,relic_wolf_mask__479x633,8e3417f70b66228ac77bdf7d5b5f3a556582426d80b3d3f171608d6438a91fbb,ddb67360680d9e622da735cd1b60c3975e1a963911f32b78e9f1e20ad7186df3,"[240, 317]","[479, 633]","[0, 0, 240, 317]","[0, 0, 479, 633]",0.002869,[],"[""I73:461;73:436"", ""73:502""]",USED_POST_MVP,USED_POST_MVP,KEEP_BOTH,Side-by-side inspection shows matching subject/composition in different native resolutions; decoded RGBA is not equal. Preserve independent raster/alpha data and source usage until calibrated runtime selection.,analysis/figma/near_duplicate_review/pairs_04.jpg
NEAR-040,boss_infernal_dragon__1968x1659,boss_infernal_dragon__492x415,2d060451d45ab5b82785cec7a77472d9cc21f1ff19de2fc5856379d96b24ae12,f2e3b7f1056d3f71205b60dab65e220db23f37fd27118c5c4e5dbba103de906d,"[1968, 1659]","[492, 415]","[0, 0, 1968, 1659]","[0, 0, 492, 415]",0.001266,"[""37:1355""]",[],USED_IN_MVP,USED_IN_MVP,KEEP_BOTH,Side-by-side inspection shows matching subject/composition in different native resolutions; decoded RGBA is not equal. Preserve independent raster/alpha data and source usage until calibrated runtime selection.,analysis/figma/near_duplicate_review/pairs_04.jpg
NEAR-041,ui_frame_purple_orb__357x360,ui_frame_purple_orb__1428x1440,19fa40dd0088641f9dbe4b5d0199c1971173867e31250f850631aaea75d1495d,975f5f6b97ce1c4516840be13d8b04fb3079fb07cac65e5780c3769f5866e848,"[357, 360]","[1428, 1440]","[0, 0, 357, 360]","[0, 0, 1428, 1440]",0.000122,[],"[""I91:574;2:661"", ""I91:580;2:661"", ""I91:568;2:661"", ""2:661"", ""I2:669;2:661""]",USED_IN_MVP,USED_IN_MVP,KEEP_BOTH,Side-by-side inspection shows matching subject/composition in different native resolutions; decoded RGBA is not equal. Preserve independent raster/alpha data and source usage until calibrated runtime selection.,analysis/figma/near_duplicate_review/pairs_04.jpg
NEAR-042,equipment_inferno_dragon_sword__279x402,equipment_inferno_dragon_sword__557x803,701cc0a4519f66f347bfa1bfeca78111adeb56f08c7b8ff23fdd57be3b8992bb,eb9bad111646f83f89189a98531c92a13e8413fdfa0070a0167460ee122635d2,"[279, 402]","[557, 803]","[0, 0, 279, 402]","[0, 0, 557, 803]",0.003021,[],"[""80:1072""]",USED_IN_MVP,USED_IN_MVP,KEEP_BOTH,Side-by-side inspection shows matching subject/composition in different native resolutions; decoded RGBA is not equal. Preserve independent raster/alpha data and source usage until calibrated runtime selection.,analysis/figma/near_duplicate_review/pairs_04.jpg
NEAR-043,hero_turtle_warrior__454x405,hero_turtle_warrior__1815x1620,42507c5b58ee689177ecd740a547272be22ddac912dd5509115ddc8751c1c5c6,1c237ea3661612276711c5bb4548ebc78e58f176f0ce15edf1e3b2275338b1ca,"[454, 405]","[1815, 1620]","[0, 0, 454, 405]","[0, 0, 1815, 1620]",0.00061,[],"[""I30:1283;30:1265"", ""32:1310"", ""39:1365""]",USED_IN_MVP,USED_IN_MVP,KEEP_BOTH,Side-by-side inspection shows matching subject/composition in different native resolutions; decoded RGBA is not equal. Preserve independent raster/alpha data and source usage until calibrated runtime selection.,analysis/figma/near_duplicate_review/pairs_04.jpg
NEAR-044,background_grass_platform__754x329,background_grass_platform__377x165,c82b2020a1a80aa6f3468574256a11d2ab83ce0f72b8980d5866357d38b97dd0,d8de15452c0fa46c8a37ad473e8e7dc1968ae684866a84e22756540c11e715e4,"[754, 329]","[377, 165]","[0, 0, 754, 329]","[0, 0, 377, 165]",0.001495,"[""I89:1604;89:1446"", ""I89:1604;89:1453"", ""I89:1604;89:1455"", ""I89:1604;89:1456"", ""I89:1604;89:1458"", ""89:1446"", ""89:1453"", ""89:1455"", ""89:1456"", ""89:1458"", ""89:1524"", ""89:1527"", ""89:1530"", ""89:1533"", ""89:1536"", ""110:1215"", ""I109:602;110:1215"", ""I109:604;110:1215"", ""I109:606;110:1215"", ""I109:608;110:1215"", ""I109:610;110:1215"", ""I109:612;110:1215""]",[],USED_IN_MVP,USED_IN_MVP,KEEP_BOTH,Side-by-side inspection shows matching subject/composition in different native resolutions; decoded RGBA is not equal. Preserve independent raster/alpha data and source usage until calibrated runtime selection.,analysis/figma/near_duplicate_review/pairs_04.jpg
NEAR-045,enemy_toxic_slime__1654x1388,enemy_toxic_slime__414x347,8a5c6aaa363f8decbf070b5f41175355efc664ec509bb8f4b45fe03dcf0cce7a,79081d0800f29fae25497e3708402ac87f8dd59e1a1f5b85f840cb218e95f9a8,"[1654, 1388]","[414, 347]","[0, 0, 1654, 1388]","[0, 0, 414, 347]",0.001984,"[""37:1345""]",[],USED_IN_MVP,USED_IN_MVP,KEEP_BOTH,Side-by-side inspection shows matching subject/composition in different native resolutions; decoded RGBA is not equal. Preserve independent raster/alpha data and source usage until calibrated runtime selection.,analysis/figma/near_duplicate_review/pairs_04.jpg
NEAR-046,ui_panel_plain_navy__282x500,ui_panel_plain_navy__1126x2000,e5d2d4a82f9a6acb3838965f1867b8d33d1a08252f31e5004c9a0bba40ad196d,549d0c779f2822144d7764a6310959f442e5da74f168bc99f656dd25e1c86f68,"[282, 500]","[1126, 2000]","[0, 0, 282, 500]","[0, 0, 1126, 2000]",0.00354,[],"[""I2:116;2:535"", ""I2:173;2:535"", ""I2:420;2:535"", ""I106:555;2:535"", ""I89:1604;89:1436"", ""89:1436"", ""89:1733"", ""I88:1291;81:1252"", ""81:1252"", ""2:535""]",USED_IN_MVP,USED_IN_MVP,KEEP_BOTH,Side-by-side inspection shows matching subject/composition in different native resolutions; decoded RGBA is not equal. Preserve independent raster/alpha data and source usage until calibrated runtime selection.,analysis/figma/near_duplicate_review/pairs_04.jpg
NEAR-047,equipment_owl_mage_robe_crescent__611x673,equipment_owl_mage_robe_crescent__306x337,5c2251775dd57dc972cb0f98e9b52764c97a863303375f9d857b2d41ca192ac3,e5e02c5176e03ef85a2f5652e056b3782e66123287cd0a32114c337763b8199a,"[611, 673]","[306, 337]","[0, 0, 611, 673]","[0, 0, 306, 337]",0.003281,"[""80:1031""]",[],USED_IN_MVP,USED_IN_MVP,KEEP_BOTH,Side-by-side inspection shows matching subject/composition in different native resolutions; decoded RGBA is not equal. Preserve independent raster/alpha data and source usage until calibrated runtime selection.,analysis/figma/near_duplicate_review/pairs_04.jpg
NEAR-048,equipment_panda_monk_pants__269x284,equipment_panda_monk_pants__537x568,109edb53a67ef63dd336fdfd437d5c2c06f0ab910c899bbf779c28971fd6d71c,12b71755e44073179e9ce43ff6c826f1acf7944a17eb736712d270cc7d22c9e1,"[269, 284]","[537, 568]","[0, 0, 269, 284]","[0, 0, 537, 568]",0.002213,[],"[""80:1047""]",USED_IN_MVP,USED_IN_MVP,KEEP_BOTH,Side-by-side inspection shows matching subject/composition in different native resolutions; decoded RGBA is not equal. Preserve independent raster/alpha data and source usage until calibrated runtime selection.,analysis/figma/near_duplicate_review/pairs_04.jpg
NEAR-049,equipment_elf_archer_bow__281x370,equipment_elf_archer_bow__561x739,cbcaa6827861b59d14c470c9b8eaa240707691e2026ab096377fe5182d8cbd0f,a30e81404c3dc97b2ee68f6c5fbd3b32eab1920b1a513ad314e6a01eb4193b05,"[281, 370]","[561, 739]","[0, 0, 281, 370]","[0, 0, 561, 739]",0.002899,[],"[""I80:937;80:911"", ""80:1009"", ""80:911""]",USED_IN_MVP,USED_IN_MVP,KEEP_BOTH,Side-by-side inspection shows matching subject/composition in different native resolutions; decoded RGBA is not equal. Preserve independent raster/alpha data and source usage until calibrated runtime selection.,analysis/figma/near_duplicate_review/pairs_05.jpg
NEAR-050,equipment_elf_archer_ring__536x516,equipment_elf_archer_ring__268x258,98b9a5ab596a9221fe731017d363a2fc1ac9114b1f788d025318907f938e98f5,af88cbd2afc8e9cc179d527c2ff18ade3c0189f453cd1fb8dd661f1ecf578089,"[536, 516]","[268, 258]","[0, 0, 536, 516]","[0, 0, 268, 258]",0.000397,"[""I80:951;80:911"", ""80:1012""]",[],USED_IN_MVP,USED_IN_MVP,KEEP_BOTH,Side-by-side inspection shows matching subject/composition in different native resolutions; decoded RGBA is not equal. Preserve independent raster/alpha data and source usage until calibrated runtime selection.,analysis/figma/near_duplicate_review/pairs_05.jpg
NEAR-051,ui_wheel_reward_illustration__1774x1837,ui_wheel_reward_illustration__444x460,c757cb792bc8baf2a2c615553f16fb3847dcfcee9e398932a0102b1bdcf5e35d,1d0e6293a99e923529b0431244a254b6c01eae3eb3d287ec896549be262d06c2,"[1774, 1837]","[444, 460]","[0, 0, 1774, 1837]","[0, 0, 444, 460]",0.002609,"[""I2:431;2:576"", ""I89:1314;2:576"", ""I80:1113;2:576"", ""I71:283;2:576"", ""I75:747;2:576"", ""2:576""]",[],USED_IN_MVP,USED_IN_MVP,KEEP_BOTH,Side-by-side inspection shows matching subject/composition in different native resolutions; decoded RGBA is not equal. Preserve independent raster/alpha data and source usage until calibrated runtime selection.,analysis/figma/near_duplicate_review/pairs_05.jpg
NEAR-052,reference_screen_equipment__852x1846,reference_screen_equipment__213x462,ad0a10c273cb5fa5c996ccd40e246d4acb14f7f1da055dda03a46883a354ea0d,3423c6d056774059983d6e751177da0ad0199cbeb36866dbe325bd5c84d61ceb,"[852, 1846]","[213, 462]","[0, 0, 852, 1846]","[0, 0, 213, 462]",0.0,"[""I109:594;203:12"", ""I109:602;109:594;203:12"", ""I109:604;109:594;203:12"", ""I109:606;109:594;203:12"", ""I109:608;109:594;203:12"", ""I109:610;109:594;203:12"", ""I109:612;109:594;203:12""]",[],UNUSED_OR_REFERENCE_ONLY,UNUSED_OR_REFERENCE_ONLY,KEEP_BOTH,Side-by-side inspection shows matching subject/composition in different native resolutions; decoded RGBA is not equal. Preserve independent raster/alpha data and source usage until calibrated runtime selection. Reference-only classification remains excluded from interactive runtime import.,analysis/figma/near_duplicate_review/pairs_05.jpg
NEAR-053,background_dungeon_goblin_strip__2172x724,background_dungeon_goblin_strip__272x91,b92b190517d730b27bba0316be20e7504fe1deeed7520cc7d308dc954d339900,8f34dd7492c368f63d21cd8549a86c2fb8d59199acd1069ce06d439ac749d9f7,"[2172, 724]","[272, 91]","[0, 0, 2172, 724]","[0, 0, 272, 91]",0.003906,"[""86:1267""]",[],USED_POST_MVP,USED_POST_MVP,KEEP_BOTH,Side-by-side inspection shows matching subject/composition in different native resolutions; decoded RGBA is not equal. Preserve independent raster/alpha data and source usage until calibrated runtime selection.,analysis/figma/near_duplicate_review/pairs_05.jpg
NEAR-054,branding_app_icon__314x314,branding_app_icon__1254x1254,b52a02fd910d38c610dd0124f4982efb39842615cb37f7e523b1150a12be5990,eff164e56bbfb81c3d34d3a082b360a8fda48689f03fd10a2dd81fbe67b19697,"[314, 314]","[1254, 1254]","[0, 0, 314, 314]","[0, 0, 1254, 1254]",0.0,[],"[""109:579""]",UNUSED_OR_REFERENCE_ONLY,UNUSED_OR_REFERENCE_ONLY,KEEP_BOTH,Side-by-side inspection shows matching subject/composition in different native resolutions; decoded RGBA is not equal. Preserve independent raster/alpha data and source usage until calibrated runtime selection. Reference-only classification remains excluded from interactive runtime import.,analysis/figma/near_duplicate_review/pairs_05.jpg
NEAR-055,background_castle_platform__236x418,background_castle_platform__941x1672,a272d540091baa70ebd7c1b2fc5da5cd1b857c03ae10eb19eeba5443fdd418fb,e06ac3ab5089d40a6fb5368d79c6742c77dc58df504753279a40886a91e8b77f,"[236, 418]","[941, 1672]","[0, 0, 236, 418]","[0, 0, 941, 1672]",0.003906,[],"[""90:1763"", ""I75:745;2:8""]",USED_IN_MVP,USED_IN_MVP,KEEP_BOTH,Side-by-side inspection shows matching subject/composition in different native resolutions; decoded RGBA is not equal. Preserve independent raster/alpha data and source usage until calibrated runtime selection.,analysis/figma/near_duplicate_review/pairs_05.jpg
NEAR-056,branding_hero_collage__1536x1024_variant2,branding_hero_collage__384x256_variant2,669960464d41fa191f0e7d967f1e0f73af8cb16b139591bbb616e84333f1c88f,455736138b1c22b93de7212c0bb67f62224ab7b00da8e73f1e090dce90612fa3,"[1536, 1024]","[384, 256]","[0, 0, 1536, 1024]","[0, 0, 384, 256]",0.0,"[""2:410"", ""91:558"", ""110:1166"", ""I109:602;110:1166"", ""I109:604;110:1166"", ""I109:606;110:1166"", ""I109:608;110:1166"", ""I109:610;110:1166"", ""I109:612;110:1166""]",[],USED_IN_MVP,USED_IN_MVP,KEEP_BOTH,Side-by-side inspection shows matching subject/composition in different native resolutions; decoded RGBA is not equal. Preserve independent raster/alpha data and source usage until calibrated runtime selection.,analysis/figma/near_duplicate_review/pairs_05.jpg
NEAR-057,enemy_fire_lizard__1562x1651,enemy_fire_lizard__391x413,a077a6307dd25d102c917f5c6f8585d6e8de991942805716c81e9e96cd3212d1,2aed58698d1dab1223cc1ecff3bfbfd1c14af195e0b126e48a6869274c682f73,"[1562, 1651]","[391, 413]","[0, 0, 1562, 1651]","[0, 0, 391, 413]",0.002792,"[""37:1343""]",[],USED_IN_MVP,USED_IN_MVP,KEEP_BOTH,Side-by-side inspection shows matching subject/composition in different native resolutions; decoded RGBA is not equal. Preserve independent raster/alpha data and source usage until calibrated runtime selection.,analysis/figma/near_duplicate_review/pairs_05.jpg
NEAR-058,reference_screen_battle__213x462,reference_screen_battle__852x1846,bacee1f5307f2343ef8ace3ca5920662f64715757f327093331397535996bbf0,7d4da292d491c12fb08bfb6b7d9ddfa1d31f182c04b65db66161adc2165062f8,"[213, 462]","[852, 1846]","[0, 0, 213, 462]","[0, 0, 852, 1846]",0.0,[],"[""I109:592;203:12"", ""I109:602;109:592;203:12"", ""I109:604;109:592;203:12"", ""I109:606;109:592;203:12"", ""I109:608;109:592;203:12"", ""I109:610;109:592;203:12"", ""I109:612;109:592;203:12""]",UNUSED_OR_REFERENCE_ONLY,UNUSED_OR_REFERENCE_ONLY,KEEP_BOTH,Side-by-side inspection shows matching subject/composition in different native resolutions; decoded RGBA is not equal. Preserve independent raster/alpha data and source usage until calibrated runtime selection. Reference-only classification remains excluded from interactive runtime import.,analysis/figma/near_duplicate_review/pairs_05.jpg
NEAR-059,decoration_raccoon_castle__314x314,decoration_raccoon_castle__1254x1254_variant2,759a86b217a88e7aaef39b92f25e4443cad6465ac598fb6fcd649f147e8139a4,ab0ddb1af853d6d13b16fb3d2aadfe1b71daf55ee00f0ed26040ba3d8964ff9e,"[314, 314]","[1254, 1254]","[0, 0, 314, 314]","[0, 0, 1254, 1254]",0.0,[],"[""I2:119;2:124"", ""2:124""]",USED_IN_MVP,USED_IN_MVP,KEEP_BOTH,Side-by-side inspection shows matching subject/composition in different native resolutions; decoded RGBA is not equal. Preserve independent raster/alpha data and source usage until calibrated runtime selection.,analysis/figma/near_duplicate_review/pairs_05.jpg
NEAR-060,boss_shadow_dragon__1974x1657,boss_shadow_dragon__494x415,e2953ae77e9a51b37e90cd4b86f351b2feb6afc31fcc3e3cfb6495436125c2c5,1106f1ac1991282b1f9b17d3b09be0391aa5fd2075bbbf1f1fcd28c1ecc79f78,"[1974, 1657]","[494, 415]","[0, 0, 1974, 1657]","[0, 0, 494, 415]",0.007339,"[""37:1352""]",[],USED_IN_MVP,USED_IN_MVP,KEEP_BOTH,Side-by-side inspection shows matching subject/composition in different native resolutions; decoded RGBA is not equal. Preserve independent raster/alpha data and source usage until calibrated runtime selection.,analysis/figma/near_duplicate_review/pairs_05.jpg
NEAR-061,background_dungeon_shadow_strip__272x91,background_dungeon_shadow_strip__2172x724,340c82f0e860823d3113aa9a6fee0d00fb918ea6ddbb8081919a253c00fa8f42,1f7ab0bebbb3ed3b21331dcc86d4ac14024723a2d1efa65137a91fc5614cbfb9,"[272, 91]","[2172, 724]","[0, 0, 272, 91]","[0, 0, 2172, 724]",0.003906,[],"[""86:1271""]",USED_POST_MVP,USED_POST_MVP,KEEP_BOTH,Side-by-side inspection shows matching subject/composition in different native resolutions; decoded RGBA is not equal. Preserve independent raster/alpha data and source usage until calibrated runtime selection.,analysis/figma/near_duplicate_review/pairs_06.jpg
NEAR-062,equipment_lion_knight_chest__305x271,equipment_lion_knight_chest__610x541,d4e152e978d922e6a2a7222ba19c1c223f0f58ec2fb312de44d0764ea75e42f7,598c4d7bc8280446fda255b9e9eda3d479c834f5fa9c0734acdda7d19e71bfdd,"[305, 271]","[610, 541]","[0, 0, 305, 271]","[0, 0, 610, 541]",0.001846,[],"[""80:1041""]",USED_IN_MVP,USED_IN_MVP,KEEP_BOTH,Side-by-side inspection shows matching subject/composition in different native resolutions; decoded RGBA is not equal. Preserve independent raster/alpha data and source usage until calibrated runtime selection.,analysis/figma/near_duplicate_review/pairs_06.jpg
NEAR-063,equipment_turtle_warrior_ring_shell__257x244,equipment_turtle_warrior_ring_shell__514x487,7fc153bc4d367d6c58b217c1d6e4c00c85e6ab0056a682bde49ff7a96b0fc3ba,e8576841f93893ab28ad689536d7f90abe030c0c7bbeefb5782cf33d934e573b,"[257, 244]","[514, 487]","[0, 0, 257, 244]","[0, 0, 514, 487]",0.003937,[],"[""80:1076""]",USED_IN_MVP,USED_IN_MVP,KEEP_BOTH,Side-by-side inspection shows matching subject/composition in different native resolutions; decoded RGBA is not equal. Preserve independent raster/alpha data and source usage until calibrated runtime selection.,analysis/figma/near_duplicate_review/pairs_06.jpg
NEAR-064,portrait_fox_sorcerer__321x296,portrait_fox_sorcerer__642x592,03a8405529b1481f2ace9e741a086db0bd72c9638fdaa083432fbde624547e81,d608c9d77717224204b70af21c17a289e31ce75f95f9c06630f4e366fb42513d,"[321, 296]","[642, 592]","[0, 0, 321, 296]","[0, 0, 642, 592]",3.1e-05,[],"[""80:1085""]",USED_IN_MVP,USED_IN_MVP,KEEP_BOTH,Side-by-side inspection shows matching subject/composition in different native resolutions; decoded RGBA is not equal. Preserve independent raster/alpha data and source usage until calibrated runtime selection.,analysis/figma/near_duplicate_review/pairs_06.jpg
NEAR-065,ui_icon_gold_pile__284x291,ui_icon_gold_pile__1134x1163,09c840c3d2a7f2b2d96be8717ce6e82207d49765158760b01ac3032314411dc4,f373ee26848c020b27dfec819733065e3f89a2f648d93600d9f31843054d785d,"[284, 291]","[1134, 1163]","[0, 0, 284, 291]","[0, 0, 1134, 1163]",0.002502,[],"[""45:1433"", ""45:1438""]",USED_IN_MVP,USED_IN_MVP,KEEP_BOTH,Side-by-side inspection shows matching subject/composition in different native resolutions; decoded RGBA is not equal. Preserve independent raster/alpha data and source usage until calibrated runtime selection.,analysis/figma/near_duplicate_review/pairs_06.jpg
NEAR-066,equipment_inferno_dragon_spear__628x784,equipment_inferno_dragon_spear__314x392,fb0282768904c95ee2865418a040b3436651d06460ef2057bf5136a7e9985f26,5984dd98a0492c67b9b43cd560659b436a6638b9c2e3508e6089382a57f870bd,"[628, 784]","[314, 392]","[0, 0, 628, 784]","[0, 0, 314, 392]",7.6e-05,"[""80:1067""]",[],USED_IN_MVP,USED_IN_MVP,KEEP_BOTH,Side-by-side inspection shows matching subject/composition in different native resolutions; decoded RGBA is not equal. Preserve independent raster/alpha data and source usage until calibrated runtime selection.,analysis/figma/near_duplicate_review/pairs_06.jpg
NEAR-067,equipment_ice_fairy_ring_snowflake__484x545,equipment_ice_fairy_ring_snowflake__242x273,a1243c7cf24ce5647fb8790becc3adffd6977128fc1065e7553a4d9ef01063ff,5e60fd3a61fd3f6448be2db7f6e819876b620a74471ee908032c9d189bd01c63,"[484, 545]","[242, 273]","[0, 0, 484, 545]","[0, 0, 242, 273]",0.004471,"[""80:1037""]",[],USED_IN_MVP,USED_IN_MVP,KEEP_BOTH,Side-by-side inspection shows matching subject/composition in different native resolutions; decoded RGBA is not equal. Preserve independent raster/alpha data and source usage until calibrated runtime selection.,analysis/figma/near_duplicate_review/pairs_06.jpg
NEAR-068,enemy_bomb_goblin__1606x1561,enemy_bomb_goblin__402x391,5c8e84e8451eb51aaf077f1be720af1c8344c4328334f2c809fc33724bedbc99,8fe53d2ede6c8b9414c82ee60a0f34ca16887886225bac86c359c919b7510641,"[1606, 1561]","[402, 391]","[0, 0, 1606, 1561]","[0, 0, 402, 391]",0.004852,"[""37:1342""]",[],USED_IN_MVP,USED_IN_MVP,KEEP_BOTH,Side-by-side inspection shows matching subject/composition in different native resolutions; decoded RGBA is not equal. Preserve independent raster/alpha data and source usage until calibrated runtime selection.,analysis/figma/near_duplicate_review/pairs_06.jpg
NEAR-069,ui_panel_dark_square__1576x1595,ui_panel_dark_square__394x399,f403a505a25fafb7ccec28a4c3cbfb24b3bcfbfc34bc2e7426e59e6cfc5cf803,11fba0c719c29b6797d61aa95dba493c56cd73536b0d40c5df215390bdb09f55,"[1576, 1595]","[394, 399]","[0, 0, 1576, 1595]","[0, 0, 394, 399]",0.006271,"[""I19:1203;18:1188"", ""I19:1207;18:1188"", ""I19:1215;18:1188"", ""I19:1216;18:1188"", ""I89:1319;18:1188"", ""I89:1320;18:1188"", ""I89:1321;18:1188"", ""I89:1322;18:1188"", ""I89:1323;18:1188"", ""I80:1118;18:1188"", ""I80:1119;18:1188"", ""I80:1120;18:1188"", ""I80:1122;18:1188"", ""I71:288;18:1188"", ""I71:289;18:1188"", ""I71:290;18:1188"", ""I71:291;18:1188"", ""I75:752;18:1188"", ""I75:754;18:1188"", ""I75:755;18:1188"", ""I75:756;18:1188""]",[],USED_IN_MVP,USED_IN_MVP,KEEP_BOTH,Side-by-side inspection shows matching subject/composition in different native resolutions; decoded RGBA is not equal. Preserve independent raster/alpha data and source usage until calibrated runtime selection.,analysis/figma/near_duplicate_review/pairs_06.jpg
NEAR-070,equipment_ice_fairy_staff_snowflake__292x441,equipment_ice_fairy_staff_snowflake__583x881,ffc605be3b37c63ba73e8c656b5a661cbb75945759e8ff106a80d56afab06dce,ebb4bd85aed8cef85c92334c2eccdd7c2a6cb94a423cce02cb14d0d2fb51e74e,"[292, 441]","[583, 881]","[1, 0, 292, 441]","[0, 0, 583, 881]",0.005951,[],"[""80:1039""]",USED_IN_MVP,USED_IN_MVP,KEEP_BOTH,Side-by-side inspection shows matching subject/composition in different native resolutions; decoded RGBA is not equal. Preserve independent raster/alpha data and source usage until calibrated runtime selection.,analysis/figma/near_duplicate_review/pairs_06.jpg
NEAR-071,reference_screen_wheel__852x1846,reference_screen_wheel__213x462,e493d6e9023f582b495d9546f804256b76df38c71f35134f1cf79c90a5bf0e22,bfa0ae406ada05ed93b5bfb23af42c471093c298b39cc15a489a5a6c0c404382,"[852, 1846]","[213, 462]","[0, 0, 852, 1846]","[0, 0, 213, 462]",0.0,"[""I109:593;203:12"", ""I109:602;109:593;203:12"", ""I109:604;109:593;203:12"", ""I109:606;109:593;203:12"", ""I109:608;109:593;203:12"", ""I109:610;109:593;203:12"", ""I109:612;109:593;203:12""]",[],UNUSED_OR_REFERENCE_ONLY,UNUSED_OR_REFERENCE_ONLY,KEEP_BOTH,Side-by-side inspection shows matching subject/composition in different native resolutions; decoded RGBA is not equal. Preserve independent raster/alpha data and source usage until calibrated runtime selection. Reference-only classification remains excluded from interactive runtime import.,analysis/figma/near_duplicate_review/pairs_06.jpg
NEAR-072,portrait_owl_mage__621x592,portrait_owl_mage__311x296,256497d52f68a33ea62f2c07598065fef6d34f9753b5f1b89fa0dd70448274d1,4775250dab9b4622bf66fd8b0ff54fa43c8257c5c74317c9855bf45b2a6191cf,"[621, 592]","[311, 296]","[0, 0, 621, 592]","[0, 0, 311, 296]",0.000305,"[""80:1089""]",[],USED_IN_MVP,USED_IN_MVP,KEEP_BOTH,Side-by-side inspection shows matching subject/composition in different native resolutions; decoded RGBA is not equal. Preserve independent raster/alpha data and source usage until calibrated runtime selection.,analysis/figma/near_duplicate_review/pairs_06.jpg
NEAR-073,equipment_bunny_assassin_axes__358x258,equipment_bunny_assassin_axes__715x516,6ff34a2deb7d7babf8a4e066572c54c0ab8839aa4a8d9f30621aa173b9e3bada,4d2217119003dfcd282ea5e0638373e1aa888e6b32e718060abb28d9251fa50f,"[358, 258]","[715, 516]","[0, 0, 358, 258]","[0, 0, 715, 516]",0.006516,[],"[""80:1025""]",USED_IN_MVP,USED_IN_MVP,KEEP_BOTH,Side-by-side inspection shows matching subject/composition in different native resolutions; decoded RGBA is not equal. Preserve independent raster/alpha data and source usage until calibrated runtime selection.,analysis/figma/near_duplicate_review/pairs_07.jpg
NEAR-074,background_forest_glade__941x1672,background_forest_glade__236x418,f3bbc4875317fad9598975b77346e2513741531b22dfa467c777e005eaba8109,da8df43c5572611186ab3957767c3936e732c1831b00f41f1e7fb4c200581f5e,"[941, 1672]","[236, 418]","[0, 0, 941, 1672]","[0, 0, 236, 418]",0.003906,"[""I71:280;2:8""]",[],USED_IN_MVP,USED_IN_MVP,KEEP_BOTH,Side-by-side inspection shows matching subject/composition in different native resolutions; decoded RGBA is not equal. Preserve independent raster/alpha data and source usage until calibrated runtime selection.,analysis/figma/near_duplicate_review/pairs_07.jpg
NEAR-075,equipment_elf_archer_hood_fur__342x357,equipment_elf_archer_hood_fur__684x714,0e2b606cbba2444f7badad8cd8800a6dfcff579a6ce9bb902ab669ca4bf89494,424fcfc05250385e412f7b4425c4536406f829f2579bf480032be484d3dbbb87,"[342, 357]","[684, 714]","[0, 0, 342, 357]","[0, 0, 684, 714]",6.1e-05,[],"[""80:1054""]",USED_IN_MVP,USED_IN_MVP,KEEP_BOTH,Side-by-side inspection shows matching subject/composition in different native resolutions; decoded RGBA is not equal. Preserve independent raster/alpha data and source usage until calibrated runtime selection.,analysis/figma/near_duplicate_review/pairs_07.jpg
NEAR-076,equipment_owl_mage_staff_crescent__197x396,equipment_owl_mage_staff_crescent__394x792,c1f67e4f7aef348ffb9b52b981a454a86d6eb185885e648ea0ba7876a67a3f01,aba0caa7ea277efe4f57e292d7ba07b5a9e22c493a36b612dc37024be32d7321,"[197, 396]","[394, 792]","[0, 0, 197, 396]","[0, 0, 394, 792]",0.0,[],"[""80:1027""]",USED_IN_MVP,USED_IN_MVP,KEEP_BOTH,Side-by-side inspection shows matching subject/composition in different native resolutions; decoded RGBA is not equal. Preserve independent raster/alpha data and source usage until calibrated runtime selection.,analysis/figma/near_duplicate_review/pairs_07.jpg
NEAR-077,equipment_inferno_dragon_chest__610x596,equipment_inferno_dragon_chest__305x298,cf224973a8cc35466a4e3d7e98198f7d2fe026d401cfddd02d52eba01761c92a,9b639aedca278894f415cf7d33eb7639403d3ebb956132023e2c58885f7bb565,"[610, 596]","[305, 298]","[0, 0, 610, 596]","[0, 0, 305, 298]",9.2e-05,"[""80:1068""]",[],USED_IN_MVP,USED_IN_MVP,KEEP_BOTH,Side-by-side inspection shows matching subject/composition in different native resolutions; decoded RGBA is not equal. Preserve independent raster/alpha data and source usage until calibrated runtime selection.,analysis/figma/near_duplicate_review/pairs_07.jpg
NEAR-078,relic_boar_mask__510x544,relic_boar_mask__255x272,4abd512905df1157258b66dc26f8561d140310942eb281c1f924034eebde9585,a3c693559f0fe82872dd11426ddf2c7901d2c28c3e08649ce13d09fda29f765f,"[510, 544]","[255, 272]","[0, 0, 510, 544]","[0, 0, 255, 272]",0.000137,"[""I73:475;73:436"", ""73:507""]",[],USED_POST_MVP,USED_POST_MVP,KEEP_BOTH,Side-by-side inspection shows matching subject/composition in different native resolutions; decoded RGBA is not equal. Preserve independent raster/alpha data and source usage until calibrated runtime selection.,analysis/figma/near_duplicate_review/pairs_07.jpg
NEAR-079,ui_wheel_outer_ring__1940x1924,ui_wheel_outer_ring__485x481,697e6fa6a8e039fe065106cd1d0c56c894a34aff3c375effdd7f7b4b06c22eb8,fa36255ad582bae23b73786a0122e41ebf8e9fe9c74294f1654ca6a2b69876f5,"[1940, 1924]","[485, 481]","[0, 0, 1940, 1924]","[0, 0, 485, 481]",7.6e-05,"[""91:575"", ""91:581"", ""91:569"", ""2:664"", ""2:670""]",[],USED_IN_MVP,USED_IN_MVP,KEEP_BOTH,Side-by-side inspection shows matching subject/composition in different native resolutions; decoded RGBA is not equal. Preserve independent raster/alpha data and source usage until calibrated runtime selection.,analysis/figma/near_duplicate_review/pairs_07.jpg
NEAR-080,branding_banner__1672x941,branding_banner__418x236,70e485da918e2e379d6123d1bc749b64ab9695a05e57a68d128bad69dec74568,bb244b9c3d02a71bd76b62238957e20ec7768b89a9ba8ae5217d35af685acbf6,"[1672, 941]","[418, 236]","[0, 0, 1672, 941]","[0, 0, 418, 236]",0.003906,"[""109:580""]",[],UNUSED_OR_REFERENCE_ONLY,UNUSED_OR_REFERENCE_ONLY,KEEP_BOTH,Side-by-side inspection shows matching subject/composition in different native resolutions; decoded RGBA is not equal. Preserve independent raster/alpha data and source usage until calibrated runtime selection. Reference-only classification remains excluded from interactive runtime import.,analysis/figma/near_duplicate_review/pairs_07.jpg
NEAR-081,equipment_raccoon_engineer_coat__326x283,equipment_raccoon_engineer_coat__651x566,69d5017f11f18cc186fb401ac96d01e70e95b6df3b714764795466d149891484,3102a68ae72c58f976ed0c8e934dce5ca1a90808458a65918b0857eb3e0c901e,"[326, 283]","[651, 566]","[0, 0, 326, 283]","[0, 0, 651, 566]",0.005615,[],"[""80:1061""]",USED_IN_MVP,USED_IN_MVP,KEEP_BOTH,Side-by-side inspection shows matching subject/composition in different native resolutions; decoded RGBA is not equal. Preserve independent raster/alpha data and source usage until calibrated runtime selection.,analysis/figma/near_duplicate_review/pairs_07.jpg
NEAR-082,branding_logo__362x272,branding_logo__1448x1086_variant2,8ba8a0aeab1db48266e3f3bf58b5f314df131e0d367086faeefee79c1b87bd6a,82a2f6d6dc2d9b8b2cf57cfce5d39d6003e07ab542f4bb0c5ef7cfe2c227edcf,"[362, 272]","[1448, 1086]","[13, 9, 349, 264]","[52, 37, 1396, 1054]",0.001541,[],"[""I2:4;2:15"", ""2:15"", ""I90:1757;2:15"", ""I110:1151;2:15"", ""I109:602;110:1151;2:15"", ""I109:604;110:1151;2:15"", ""I109:606;110:1151;2:15"", ""I109:608;110:1151;2:15"", ""I109:610;110:1151;2:15"", ""I109:612;110:1151;2:15""]",USED_IN_MVP,USED_IN_MVP,KEEP_BOTH,Side-by-side inspection shows matching subject/composition in different native resolutions; decoded RGBA is not equal. Preserve independent raster/alpha data and source usage until calibrated runtime selection.,analysis/figma/near_duplicate_review/pairs_07.jpg
NEAR-083,hero_inferno_dragon__1886x1748,hero_inferno_dragon__472x437,98edc841daa5099456253acb15c58dcfd13ec3e3b665c88a97560f9e251d778f,37992e550ae8f303a2c1b434fe5e7bc3ab3848432ade37fdc6e9729edbb2fb9d,"[1886, 1748]","[472, 437]","[0, 0, 1886, 1748]","[0, 0, 472, 437]",0.003143,"[""I30:1297;30:1265"", ""32:1312"", ""39:1359""]",[],USED_IN_MVP,USED_IN_MVP,KEEP_BOTH,Side-by-side inspection shows matching subject/composition in different native resolutions; decoded RGBA is not equal. Preserve independent raster/alpha data and source usage until calibrated runtime selection.,analysis/figma/near_duplicate_review/pairs_07.jpg
NEAR-084,equipment_lion_knight_hammer__255x348,equipment_lion_knight_hammer__509x696,53e066aaa1b479f32f3aa5e8db01530b4437e84832e6e6c13ed7bf31c8e16dc7,4dc6c1c5b0a424ccf7b567d1aa5c5dd654f87ee5fa7ec8d80f3eac99570868be,"[255, 348]","[509, 696]","[0, 0, 255, 348]","[0, 0, 509, 696]",0.003372,[],"[""80:1040""]",USED_IN_MVP,USED_IN_MVP,KEEP_BOTH,Side-by-side inspection shows matching subject/composition in different native resolutions; decoded RGBA is not equal. Preserve independent raster/alpha data and source usage until calibrated runtime selection.,analysis/figma/near_duplicate_review/pairs_07.jpg
NEAR-085,ui_icon_battle_swords__1402x1456,ui_icon_battle_swords__351x364,786b978db44f3144fed66330f7c9b1f8dae205d47b798beaf555b52bbbf93573,b43e93b58d0cb5fe4026b5328fdf240eb03a8df4b4055a26e16bad9206df75b8,"[1402, 1456]","[351, 364]","[0, 0, 1402, 1456]","[0, 0, 351, 364]",0.002304,"[""I19:1211;19:1193"", ""I89:1321;19:1193"", ""I80:1120;19:1193"", ""I71:290;19:1193"", ""I75:754;19:1193"", ""80:1099"", ""80:1106"", ""19:1193""]",[],USED_IN_MVP,USED_IN_MVP,KEEP_BOTH,Side-by-side inspection shows matching subject/composition in different native resolutions; decoded RGBA is not equal. Preserve independent raster/alpha data and source usage until calibrated runtime selection.,analysis/figma/near_duplicate_review/pairs_08.jpg
NEAR-086,enemy_iron_beetle__459x410,enemy_iron_beetle__1835x1638,a4d3d6d92a18a96a072757651d9c2bf398598c24ecae92555ddffc02b227e4e2,a700c124e81fbedc1330d5894e493eae5869a138d59f9f58111e48b874f1cc51,"[459, 410]","[1835, 1638]","[0, 0, 459, 410]","[0, 0, 1835, 1638]",0.00209,[],"[""37:1348""]",USED_IN_MVP,USED_IN_MVP,KEEP_BOTH,Side-by-side inspection shows matching subject/composition in different native resolutions; decoded RGBA is not equal. Preserve independent raster/alpha data and source usage until calibrated runtime selection.,analysis/figma/near_duplicate_review/pairs_08.jpg
NEAR-087,ui_button_gold__298x163,ui_button_gold__2378x1300,6ac0ffd2bdf989190dcd3cb1d141447c87402c1888d912b44e6ac8f22913c8ab,61d5be2b18a8882ca75e666feb312c53680eb6dca700942708314cabffb04e83,"[298, 163]","[2378, 1300]","[0, 0, 298, 163]","[0, 0, 2378, 1300]",0.00209,[],"[""I2:408;2:481"", ""I2:425;2:484"", ""I106:560;2:484"", ""I89:1604;89:1519"", ""I89:1604;89:1552"", ""I89:1604;89:1568"", ""I89:1604;89:1584"", ""I89:1604;89:1599"", ""89:1519"", ""89:1552"", ""89:1568"", ""89:1584"", ""89:1599"", ""89:1721"", ""I75:606;75:583"", ""I80:925;75:583"", ""I80:970;79:897"", ""I80:971;76:892"", ""79:897"", ""76:892"", ""75:583"", ""2:481"", ""2:484""]",USED_IN_MVP,USED_IN_MVP,KEEP_BOTH,Side-by-side inspection shows matching subject/composition in different native resolutions; decoded RGBA is not equal. Preserve independent raster/alpha data and source usage until calibrated runtime selection.,analysis/figma/near_duplicate_review/pairs_08.jpg
NEAR-088,equipment_fox_sorcerer_ring_mask__231x258,equipment_fox_sorcerer_ring_mask__461x515,510e4babcaf64909884b89c0ee3b37eb17750f5b90b9d75058177f3790ee998e,85448c224627bec7ff919696f00184e966fc66ee6d4f2f26d183f74a0c09e9d6,"[231, 258]","[461, 515]","[0, 0, 231, 258]","[0, 0, 461, 515]",0.006546,[],"[""80:1056""]",USED_IN_MVP,USED_IN_MVP,KEEP_BOTH,Side-by-side inspection shows matching subject/composition in different native resolutions; decoded RGBA is not equal. Preserve independent raster/alpha data and source usage until calibrated runtime selection.,analysis/figma/near_duplicate_review/pairs_08.jpg
NEAR-089,ui_icon_blue_triangle__1484x1322,ui_icon_blue_triangle__371x331,81eba1816d5e924a18928f5b44e2036580d298c778b8e1fa5b9d73f6fb2fe0b6,ce392458381bcb47eb0222e390e146d5f79d27db073276d0a71c634073fa5e3d,"[1484, 1322]","[371, 331]","[0, 0, 1484, 1322]","[0, 0, 371, 331]",0.000854,"[""I91:576;2:663"", ""I91:582;2:663"", ""I91:570;2:663"", ""2:663"", ""I2:671;2:663""]",[],USED_IN_MVP,USED_IN_MVP,KEEP_BOTH,Side-by-side inspection shows matching subject/composition in different native resolutions; decoded RGBA is not equal. Preserve independent raster/alpha data and source usage until calibrated runtime selection.,analysis/figma/near_duplicate_review/pairs_08.jpg
NEAR-090,background_dungeon_frost_strip__272x91,background_dungeon_frost_strip__2172x724,4990d49d4d5769d7d0364d49ce3b89213fa3cdeb4aea0d3b0fc28343603bfdf7,695a0db3c21e3ac7dc18e08a9ad9e3824187d28c004555bf2e725039e511bbcb,"[272, 91]","[2172, 724]","[0, 0, 272, 91]","[0, 0, 2172, 724]",0.003906,[],"[""I88:1291;86:1258"", ""86:1258"", ""86:1264""]",USED_POST_MVP,USED_POST_MVP,KEEP_BOTH,Side-by-side inspection shows matching subject/composition in different native resolutions; decoded RGBA is not equal. Preserve independent raster/alpha data and source usage until calibrated runtime selection.,analysis/figma/near_duplicate_review/pairs_08.jpg
NEAR-091,relic_blue_crescent__253x290,relic_blue_crescent__505x579,26f5b7535f099ca443ae4d8f09f7d920123be80e8163c84d3eecff689f50be96,f9199ea9a97a96c800489f8f9b4bc2766044b5f065017830bfe54c9f8246805e,"[253, 290]","[505, 579]","[0, 0, 253, 290]","[0, 0, 505, 579]",0.003296,[],"[""I73:454;73:436"", ""73:500""]",USED_POST_MVP,USED_POST_MVP,KEEP_BOTH,Side-by-side inspection shows matching subject/composition in different native resolutions; decoded RGBA is not equal. Preserve independent raster/alpha data and source usage until calibrated runtime selection.,analysis/figma/near_duplicate_review/pairs_08.jpg
NEAR-092,equipment_raccoon_engineer_chest_machine__668x500,equipment_raccoon_engineer_chest_machine__334x250,a0b74f4a855a2dd00d085fda4d9098e997d0eafa3e28f703fab2c06d6d97f967,90a71b39e36341da11896ac6684f75e79842c3685d6ddad1b5a7681d6eee32b2,"[668, 500]","[334, 250]","[0, 0, 668, 500]","[0, 0, 334, 250]",0.000107,"[""80:1064""]",[],USED_IN_MVP,USED_IN_MVP,KEEP_BOTH,Side-by-side inspection shows matching subject/composition in different native resolutions; decoded RGBA is not equal. Preserve independent raster/alpha data and source usage until calibrated runtime selection.,analysis/figma/near_duplicate_review/pairs_08.jpg
NEAR-093,relic_leaf_crescent__470x571,relic_leaf_crescent__235x286,dee381fa4b917cefb8f27501870deecba240b0d8a44d124b1d79c3baefcd677c,1c98eb0665dbdeb7ef902664f72d7848827ddf8a5ff01d2b078c08c656b60b38,"[470, 571]","[235, 286]","[0, 0, 470, 571]","[0, 0, 235, 286]",0.008148,"[""I73:442;73:436"", ""73:498""]",[],USED_POST_MVP,USED_POST_MVP,KEEP_BOTH,Side-by-side inspection shows matching subject/composition in different native resolutions; decoded RGBA is not equal. Preserve independent raster/alpha data and source usage until calibrated runtime selection.,analysis/figma/near_duplicate_review/pairs_08.jpg
NEAR-094,equipment_elf_archer_ring_leaf__529x544,equipment_elf_archer_ring_leaf__265x272,26aeb77ab5fa7c4ca3473a2993d3bb1c87cec7d3cab7a9885244010fd5d1edee,9953c1d2d2c72597e2bbac28aac82950948b89ab4afa73e43353eec2f5361ea4,"[529, 544]","[265, 272]","[0, 0, 529, 544]","[0, 0, 265, 272]",0.005173,"[""I80:945;80:911"", ""80:1013""]",[],USED_IN_MVP,USED_IN_MVP,KEEP_BOTH,Side-by-side inspection shows matching subject/composition in different native resolutions; decoded RGBA is not equal. Preserve independent raster/alpha data and source usage until calibrated runtime selection.,analysis/figma/near_duplicate_review/pairs_08.jpg
NEAR-095,enemy_dark_bat_mage__472x383,enemy_dark_bat_mage__1888x1531,f3f4637120f244495cf707811565e223f52488455a8fc58c0501fac0cd85d279,f118f2c0887a3c7d9e3ade50c1fa7443169166c6a94c4cc86d5cab8a64ee7183,"[472, 383]","[1888, 1531]","[0, 0, 472, 383]","[0, 0, 1888, 1531]",0.001007,[],"[""37:1349""]",USED_IN_MVP,USED_IN_MVP,KEEP_BOTH,Side-by-side inspection shows matching subject/composition in different native resolutions; decoded RGBA is not equal. Preserve independent raster/alpha data and source usage until calibrated runtime selection.,analysis/figma/near_duplicate_review/pairs_08.jpg
NEAR-096,ui_icon_sword__525x536,ui_icon_sword__263x268,5742eb59c3aab5fa28e82c25c48570f6d0b499d8caac8ee7c31abc5b7efc004a,bf74a88ef0bcf5e9b78ef4b4dbc76fedaa6acc53b0f51c955f8bc2f9a0ae820d,"[525, 536]","[263, 268]","[0, 0, 525, 536]","[0, 0, 263, 268]",0.001816,"[""I89:1604;89:1499"", ""I89:1604;89:1542"", ""I89:1604;89:1558"", ""I89:1604;89:1574"", ""I89:1604;89:1589"", ""89:1499"", ""89:1542"", ""89:1558"", ""89:1574"", ""89:1589"", ""89:1718"", ""110:1229"", ""I109:602;110:1229"", ""I109:604;110:1229"", ""I109:606;110:1229"", ""I109:608;110:1229"", ""I109:610;110:1229"", ""I109:612;110:1229""]",[],USED_IN_MVP,USED_IN_MVP,KEEP_BOTH,Side-by-side inspection shows matching subject/composition in different native resolutions; decoded RGBA is not equal. Preserve independent raster/alpha data and source usage until calibrated runtime selection.,analysis/figma/near_duplicate_review/pairs_08.jpg
NEAR-097,ui_nav_heroes_helmet__476x388,ui_nav_heroes_helmet__1902x1550,de660a8e5eabada873b871c369782d63c63a03ab439dfb03c4f399dfdd33e1c7,49e5635f7dd1c321ddd25491b61931e373167e566b8f457f011973e9e48f90e1,"[476, 388]","[1902, 1550]","[0, 0, 476, 388]","[0, 0, 1902, 1550]",0.003357,[],"[""I19:1207;19:1193"", ""I89:1320;19:1193"", ""I80:1119;19:1193"", ""I71:289;19:1193"", ""I75:753;19:1193"", ""32:1320""]",USED_IN_MVP,USED_IN_MVP,KEEP_BOTH,Side-by-side inspection shows matching subject/composition in different native resolutions; decoded RGBA is not equal. Preserve independent raster/alpha data and source usage until calibrated runtime selection.,analysis/figma/near_duplicate_review/pairs_09.jpg
NEAR-098,relic_fire_dragon_head__203x288,relic_fire_dragon_head__406x576,90e3eaeda769b50663313748cd21e125fa93b97402176f2132a5667dcaec542f,3da2745ec746d5777f47ea89562c27a1d8666377c8148aa2b54be9b7e325d184,"[203, 288]","[406, 576]","[0, 0, 203, 288]","[0, 0, 406, 576]",4.6e-05,[],"[""I73:463;73:436"", ""73:504""]",USED_POST_MVP,USED_POST_MVP,KEEP_BOTH,Side-by-side inspection shows matching subject/composition in different native resolutions; decoded RGBA is not equal. Preserve independent raster/alpha data and source usage until calibrated runtime selection.,analysis/figma/near_duplicate_review/pairs_09.jpg
NEAR-099,ui_panel_blue_square__362x404,ui_panel_dark_square__394x399,d5a4b0effd8a3393d95fb03b72274b3dd356c249c3a5dc86d4dabb2937a363d7,11fba0c719c29b6797d61aa95dba493c56cd73536b0d40c5df215390bdb09f55,"[362, 404]","[394, 399]","[0, 0, 362, 404]","[0, 0, 394, 399]",0.089966,[],[],USED_IN_MVP,USED_IN_MVP,KEEP_BOTH,"Different panel fill (blue versus dark violet), border and aspect ratio; not interchangeable UI art.",analysis/figma/near_duplicate_review/pairs_09.jpg
NEAR-100,relic_green_disc__242x274,relic_green_disc__483x547,c3808158e04cd38a9d6cfddde8febad3179ba104f134b1f6ea59591902747e0d,f68e6b52f10d37e8acb7b7a94eba0a5af1818e17a80951f170a33f507051fd49,"[242, 274]","[483, 547]","[0, 0, 242, 274]","[0, 0, 483, 547]",0.00351,[],"[""I73:453;73:436"", ""73:499""]",USED_POST_MVP,USED_POST_MVP,KEEP_BOTH,Side-by-side inspection shows matching subject/composition in different native resolutions; decoded RGBA is not equal. Preserve independent raster/alpha data and source usage until calibrated runtime selection.,analysis/figma/near_duplicate_review/pairs_09.jpg
NEAR-101,equipment_owl_mage_staff_owl__478x836,equipment_owl_mage_staff_owl__239x418,363f9dfc08389657906da5269755aa2068bb50467797f359c9948bd93f27d60d,048f3c41d8ac54b8e87495e293868ba02a31aa3265a2d7ab3cab9529efc4d847,"[478, 836]","[239, 418]","[0, 0, 478, 836]","[0, 0, 239, 418]",3.1e-05,"[""80:1032""]",[],USED_IN_MVP,USED_IN_MVP,KEEP_BOTH,Side-by-side inspection shows matching subject/composition in different native resolutions; decoded RGBA is not equal. Preserve independent raster/alpha data and source usage until calibrated runtime selection.,analysis/figma/near_duplicate_review/pairs_09.jpg
NEAR-102,equipment_turtle_warrior_hammer__281x323,equipment_turtle_warrior_hammer__562x646,09b2577fcbe54b7a9851f07386fed80406ea6d33f4f49cf2b67c9a9cba1f511a,a6507fa05f567e30990e93cfd2a882eb469bb1bb429fcac35a5fce6dcab76aab,"[281, 323]","[562, 646]","[0, 0, 281, 323]","[0, 0, 562, 646]",3.1e-05,[],"[""80:1078""]",USED_IN_MVP,USED_IN_MVP,KEEP_BOTH,Side-by-side inspection shows matching subject/composition in different native resolutions; decoded RGBA is not equal. Preserve independent raster/alpha data and source usage until calibrated runtime selection.,analysis/figma/near_duplicate_review/pairs_09.jpg
NEAR-103,branding_welcome_text__272x91,branding_welcome_text__2172x724_variant2,372ed19f77ed479ee26da1fe4049703b619efe073b540437cdc83117e54f7ed9,fd8d59b382f3b3c3f933f17b7a7dd18fb7b536d12eb2142d33ff72125be4179d,"[272, 91]","[2172, 724]","[0, 0, 272, 91]","[0, 0, 2172, 724]",0.003906,[],"[""90:1779"", ""90:1780""]",USED_IN_MVP,USED_IN_MVP,KEEP_BOTH,Side-by-side inspection shows matching subject/composition in different native resolutions; decoded RGBA is not equal. Preserve independent raster/alpha data and source usage until calibrated runtime selection.,analysis/figma/near_duplicate_review/pairs_09.jpg
NEAR-104,ui_frame_purple_shield__1628x1719,ui_frame_purple_shield__407x430,3a981b702c791b1154957731cd72842ebc2364f518e1ffda5e12a1f8596fa3a0,a5883b444bbef3cb48db3d18843babc4feaaea20e0f67a643cf1705d5b34cbfc,"[1628, 1719]","[407, 430]","[0, 0, 1628, 1719]","[0, 0, 407, 430]",0.000519,"[""I73:460;73:532"", ""I73:461;73:532"", ""I73:462;73:532"", ""I73:463;73:532""]",[],USED_IN_MVP,USED_IN_MVP,KEEP_BOTH,Side-by-side inspection shows matching subject/composition in different native resolutions; decoded RGBA is not equal. Preserve independent raster/alpha data and source usage until calibrated runtime selection.,analysis/figma/near_duplicate_review/pairs_09.jpg
NEAR-105,hero_owl_mage__454x440,hero_owl_mage__1813x1760,3cc1d97a94a86e6accdada7ba90cb27c035e84473d22d04eec59b9f19261fd67,36a86bab0a33a6123120197a3737429812d8581fc4f153fa05636a1642197f50,"[454, 440]","[1813, 1760]","[0, 0, 454, 440]","[0, 0, 1813, 1760]",0.014481,[],"[""I30:1289;30:1265"", ""39:1364""]",USED_IN_MVP,USED_IN_MVP,KEEP_BOTH,Side-by-side inspection shows matching subject/composition in different native resolutions; decoded RGBA is not equal. Preserve independent raster/alpha data and source usage until calibrated runtime selection.,analysis/figma/near_duplicate_review/pairs_09.jpg
NEAR-106,background_floating_islands__941x1672,background_floating_islands__236x418,ec5c23fbb04b3ee8647540f5e87334d9d109114d3c73cf7d20119c3b86ec2c74,5bbd5f113ad673103d55b28dac8d6c72f31913ba2972c793b368e8054ea66832,"[941, 1672]","[236, 418]","[0, 0, 941, 1672]","[0, 0, 236, 418]",0.003906,"[""I2:3;2:8"", ""2:8"", ""I2:115;2:8"", ""I2:172;2:8"", ""I2:187;2:8"", ""I2:266;2:8"", ""I2:277;2:8"", ""I2:288;2:8"", ""I2:407;2:8"", ""I2:419;2:8"", ""I106:554;2:8"", ""I2:427;2:8"", ""I89:1311;2:8"", ""I80:1110;2:8""]",[],USED_IN_MVP,USED_IN_MVP,KEEP_BOTH,Side-by-side inspection shows matching subject/composition in different native resolutions; decoded RGBA is not equal. Preserve independent raster/alpha data and source usage until calibrated runtime selection.,analysis/figma/near_duplicate_review/pairs_09.jpg
NEAR-107,enemy_stone_gargoyle__1789x1558,enemy_stone_gargoyle__448x390,0884660aeb4e4650f68f218a89143280903c84bd20d4adefe231cfe3bef994d5,bb5ac0bcc29119e518fa36af50b6abad1ffdaaf7b5d36d5f89078fb4ca223bfd,"[1789, 1558]","[448, 390]","[0, 0, 1789, 1558]","[0, 0, 448, 390]",0.00499,"[""37:1344""]",[],USED_IN_MVP,USED_IN_MVP,KEEP_BOTH,Side-by-side inspection shows matching subject/composition in different native resolutions; decoded RGBA is not equal. Preserve independent raster/alpha data and source usage until calibrated runtime selection.,analysis/figma/near_duplicate_review/pairs_09.jpg
NEAR-108,currency_blue_orb__273x277,currency_blue_orb__545x554,a99125c69348120007c532079171b6136e53761536c048473cf03f3bff16fa95,3e6d03439c83df7e7e7a73172c38427c6bd0794568a411bf943309904e270042,"[273, 277]","[545, 554]","[0, 0, 273, 277]","[0, 0, 545, 554]",0.001923,[],"[""I89:1604;89:1521"", ""I89:1604;89:1554"", ""I89:1604;89:1570"", ""I89:1604;89:1586"", ""I89:1604;89:1601"", ""89:1521"", ""89:1554"", ""89:1570"", ""89:1586"", ""89:1601"", ""89:1722"", ""110:1201"", ""I109:602;110:1201"", ""I109:604;110:1201"", ""I109:606;110:1201"", ""I109:608;110:1201"", ""I109:610;110:1201"", ""I109:612;110:1201""]",USED_IN_MVP,USED_IN_MVP,KEEP_BOTH,Side-by-side inspection shows matching subject/composition in different native resolutions; decoded RGBA is not equal. Preserve independent raster/alpha data and source usage until calibrated runtime selection.,analysis/figma/near_duplicate_review/pairs_09.jpg
NEAR-109,equipment_turtle_warrior_chest_shell__608x522,equipment_turtle_warrior_chest_shell__304x261,53a8ca645c3e720207a3b6b3eed6d1296a1ef90179812d9b6ae857689f0ba895,292b644e608aafb49d41e29c3d1d10376df410b83a7e347bf68e8ece22f6befa,"[608, 522]","[304, 261]","[0, 0, 608, 522]","[0, 0, 304, 261]",3.1e-05,"[""80:1077""]",[],USED_IN_MVP,USED_IN_MVP,KEEP_BOTH,Side-by-side inspection shows matching subject/composition in different native resolutions; decoded RGBA is not equal. Preserve independent raster/alpha data and source usage until calibrated runtime selection.,analysis/figma/near_duplicate_review/pairs_10.jpg
NEAR-110,ui_icon_hourglass__1343x1364,ui_icon_hourglass__336x341,40dbf7885c870b6b5c616043e34e2e3b72852389564bed936a1a37f0be3e74df,8a2034ab494d7c86de7f840c7490367a04fe19b9e7a931373e69585f08502de1,"[1343, 1364]","[336, 341]","[0, 0, 1343, 1364]","[0, 0, 336, 341]",0.0009,"[""45:1430"", ""45:1436""]",[],USED_IN_MVP,USED_IN_MVP,KEEP_BOTH,Side-by-side inspection shows matching subject/composition in different native resolutions; decoded RGBA is not equal. Preserve independent raster/alpha data and source usage until calibrated runtime selection.,analysis/figma/near_duplicate_review/pairs_10.jpg
NEAR-111,background_dungeon_infernal_strip__272x91,background_dungeon_infernal_strip__2172x724,ec4b66b0dc31daba972f5a581b0b6c3880a37fcaf37bdc16d030161fa7e323f7,bed40ad56e5b0c33cc1e573b37cd36deb5b1862983da0d2b9ffa2ca9428ed92f,"[272, 91]","[2172, 724]","[0, 0, 272, 91]","[0, 0, 2172, 724]",0.003906,[],"[""I88:1291;86:1260"", ""86:1260"", ""86:1265""]",USED_POST_MVP,USED_POST_MVP,KEEP_BOTH,Side-by-side inspection shows matching subject/composition in different native resolutions; decoded RGBA is not equal. Preserve independent raster/alpha data and source usage until calibrated runtime selection.,analysis/figma/near_duplicate_review/pairs_10.jpg
NEAR-112,portrait_inferno_dragon__311x295,portrait_inferno_dragon__621x590,95be3b6e875c88bdfb5354f14ed3c459e21f83a869e45c203cf5cce1c8c99fb0,abbd1cb924c2530f2aea43bd42350159835cd080846d5d572d2bbed9a8f9cf5c,"[311, 295]","[621, 590]","[0, 0, 311, 295]","[0, 0, 621, 590]",0.000229,[],"[""80:1095""]",USED_IN_MVP,USED_IN_MVP,KEEP_BOTH,Side-by-side inspection shows matching subject/composition in different native resolutions; decoded RGBA is not equal. Preserve independent raster/alpha data and source usage until calibrated runtime selection.,analysis/figma/near_duplicate_review/pairs_10.jpg
NEAR-113,equipment_fox_sorcerer_staff_orb__535x811,equipment_fox_sorcerer_staff_orb__268x406,71e3d20a6c9d11d768c68f291d42acc25c715a7d57403ab70871cce07ed9e18c,15a3c24edcd9fb2a77f24c0cc7c42585b9ea22c7059045e1f26ef8635a5b4d20,"[535, 811]","[268, 406]","[0, 0, 535, 811]","[0, 0, 268, 406]",0.002975,"[""80:1053""]",[],USED_IN_MVP,USED_IN_MVP,KEEP_BOTH,Side-by-side inspection shows matching subject/composition in different native resolutions; decoded RGBA is not equal. Preserve independent raster/alpha data and source usage until calibrated runtime selection.,analysis/figma/near_duplicate_review/pairs_10.jpg
NEAR-114,equipment_elf_archer_boots__249x268,equipment_elf_archer_boots__497x535,a358d8c8fd66ce27d899777db7589fee54d6e52922e188780f345f8d87b35223,9cbfe54df96df48f35833cfafa5104d11b03384a1a32c0491a9dcfada6d3eece,"[249, 268]","[497, 535]","[0, 0, 249, 268]","[0, 0, 497, 535]",0.004715,[],"[""I80:950;80:911"", ""80:1010""]",USED_IN_MVP,USED_IN_MVP,KEEP_BOTH,Side-by-side inspection shows matching subject/composition in different native resolutions; decoded RGBA is not equal. Preserve independent raster/alpha data and source usage until calibrated runtime selection.,analysis/figma/near_duplicate_review/pairs_10.jpg
NEAR-115,equipment_inferno_dragon_robe__521x524,equipment_inferno_dragon_robe__261x262,8af27cd5f91702b07a67a42889daa6859f861b53d5c102c974d74fb7727a875a,40679d9916de66ae0ea80bb64ba4ed49dcce918843df15e566d94d3936e918a1,"[521, 524]","[261, 262]","[0, 0, 521, 524]","[0, 0, 261, 262]",0.002731,"[""80:1071""]",[],USED_IN_MVP,USED_IN_MVP,KEEP_BOTH,Side-by-side inspection shows matching subject/composition in different native resolutions; decoded RGBA is not equal. Preserve independent raster/alpha data and source usage until calibrated runtime selection.,analysis/figma/near_duplicate_review/pairs_10.jpg
NEAR-116,reference_screen_start__213x462,reference_screen_start__852x1846,ec4996b49673ecb1994b77ac46d864c65541c9612677e62faf2cb1513b6af2c3,98380547a7830f1f64d073add475cd22a4f7c8a6090a8e6c58928e87d0b05567,"[213, 462]","[852, 1846]","[0, 0, 213, 462]","[0, 0, 852, 1846]",0.0,[],"[""I109:590;203:12"", ""I109:602;109:590;203:12"", ""I109:604;109:590;203:12"", ""I109:606;109:590;203:12"", ""I109:608;109:590;203:12"", ""I109:610;109:590;203:12"", ""I109:612;109:590;203:12""]",UNUSED_OR_REFERENCE_ONLY,UNUSED_OR_REFERENCE_ONLY,KEEP_BOTH,Side-by-side inspection shows matching subject/composition in different native resolutions; decoded RGBA is not equal. Preserve independent raster/alpha data and source usage until calibrated runtime selection. Reference-only classification remains excluded from interactive runtime import.,analysis/figma/near_duplicate_review/pairs_10.jpg
NEAR-117,branding_welcome_text__2172x724,branding_welcome_text__272x91_variant2,9de33e14e820794e8cde868cd5225b233a3e99f4d98985d1a314690fa9e180dc,faad992bdcfe518e0ffd68cc2f154f8e38dd967ac628bd59ac7d489d6362a12d,"[2172, 724]","[272, 91]","[219, 17, 1892, 722]","[27, 2, 237, 91]",0.141571,"[""90:1779"", ""90:1780""]",[],USED_IN_MVP,USED_IN_MVP,KEEP_BOTH,Same welcome lettering; visibly different raster edge quality and normalized alpha outline delta14.2%; retain high-resolution source and low-resolution source separately.,analysis/figma/near_duplicate_review/pairs_10.jpg
NEAR-118,ui_button_orange__2542x1359,ui_button_orange__318x170,f09a6fa7466d5ca352e1b5be84a02119f860fb5527dcd1941ca19f3b97103622,06571d0c9631c9f378a2d9a32047f2ad80194a306f69128cd44ed774d3a25d46,"[2542, 1359]","[318, 170]","[0, 0, 2542, 1359]","[0, 0, 318, 170]",0.000214,"[""I2:269;2:490"", ""I2:278;2:490"", ""I2:292;2:490"", ""I2:424;2:493"", ""I106:559;2:493"", ""I75:607;75:582"", ""I80:926;75:582"", ""75:582"", ""2:490"", ""2:493""]",[],USED_IN_MVP,USED_IN_MVP,KEEP_BOTH,Side-by-side inspection shows matching subject/composition in different native resolutions; decoded RGBA is not equal. Preserve independent raster/alpha data and source usage until calibrated runtime selection.,analysis/figma/near_duplicate_review/pairs_10.jpg
NEAR-119,portrait_turtle_warrior__660x592,portrait_turtle_warrior__330x296,4508b65d9bba20e222d9400b7e5a839e19212f309153ded7ce4880da7f840d9a,70f2f03b4c0f2191e4e67e28999e10aaab2bfab69b3ed34781b5ace193ea8b55,"[660, 592]","[330, 296]","[0, 0, 660, 592]","[0, 0, 330, 296]",0.0,"[""80:1087""]",[],USED_IN_MVP,USED_IN_MVP,KEEP_BOTH,Side-by-side inspection shows matching subject/composition in different native resolutions; decoded RGBA is not equal. Preserve independent raster/alpha data and source usage until calibrated runtime selection.,analysis/figma/near_duplicate_review/pairs_10.jpg
NEAR-120,ui_panel_gold_navy_wide__293x104,ui_panel_gold_navy_wide__2339x828,7c739e8a0a1fef75282cfb981f75b8e79afb0ca2a089a0a7b2adcb9b6cab0d85,ad746089526366da7b40518acaf091ad7979878c0ad7b8aad7dfb22bcbf0780c,"[293, 104]","[2339, 828]","[0, 0, 293, 104]","[0, 0, 2339, 828]",0.005219,[],"[""I89:1604;89:1438"", ""I89:1604;89:1439"", ""I89:1604;89:1441"", ""I89:1604;89:1442"", ""I89:1604;89:1444"", ""89:1438"", ""89:1439"", ""89:1441"", ""89:1442"", ""89:1444"", ""89:1730""]",USED_IN_MVP,USED_IN_MVP,KEEP_BOTH,Side-by-side inspection shows matching subject/composition in different native resolutions; decoded RGBA is not equal. Preserve independent raster/alpha data and source usage until calibrated runtime selection.,analysis/figma/near_duplicate_review/pairs_10.jpg
NEAR-121,background_battle_panorama__1916x821,background_battle_panorama__479x206,2fd957f5e04b3aaa140b7f34146a874171e73cdf6877d970f5c9650880b59ad1,4f7750c156c07d4d1ff0c8f0dafa746a656777efd235e718691bc289a727e733,"[1916, 821]","[479, 206]","[0, 0, 1916, 821]","[0, 0, 479, 206]",0.0,"[""109:581"", ""109:602"", ""109:604"", ""109:606"", ""109:608"", ""109:610"", ""109:612""]",[],USED_IN_MVP,USED_IN_MVP,KEEP_BOTH,Side-by-side inspection shows matching subject/composition in different native resolutions; decoded RGBA is not equal. Preserve independent raster/alpha data and source usage until calibrated runtime selection.,analysis/figma/near_duplicate_review/pairs_11.jpg
NEAR-122,equipment_turtle_warrior_mace__583x649,equipment_turtle_warrior_mace__292x325,e8e001ac6dc3f7a9944120a1f633cbd7a86af1aaa2d01dab024f7c315d43f277,2446536bd46c6a353c6b0bad44a6a03bb2b63be647d1cafceca8c956caf37740,"[583, 649]","[292, 325]","[0, 0, 583, 649]","[0, 0, 292, 325]",0.003113,"[""80:1073""]",[],USED_IN_MVP,USED_IN_MVP,KEEP_BOTH,Side-by-side inspection shows matching subject/composition in different native resolutions; decoded RGBA is not equal. Preserve independent raster/alpha data and source usage until calibrated runtime selection.,analysis/figma/near_duplicate_review/pairs_11.jpg
NEAR-123,enemy_shadow_wolf__1783x1677,enemy_shadow_wolf__446x420,c71995cce8a8c0efd10ef6bd19923ddb06756503f4a0eef4f396b9f5f1f677f3,9799429ea4cab2f93642e23350299c1081a9f288f4d0fd53a760d28181a83c4d,"[1783, 1677]","[446, 420]","[0, 0, 1783, 1677]","[0, 0, 446, 420]",0.005829,"[""37:1346""]",[],USED_IN_MVP,USED_IN_MVP,KEEP_BOTH,Side-by-side inspection shows matching subject/composition in different native resolutions; decoded RGBA is not equal. Preserve independent raster/alpha data and source usage until calibrated runtime selection.,analysis/figma/near_duplicate_review/pairs_11.jpg
NEAR-124,ui_banner_stage_blue__485x76,ui_banner_stage_blue__3876x605,d5a58f0e6b57aaa9f0ebd6c7c33692384760135ce81b4a761c09273a88a68a9a,f312dde3683ec7ab1ce9def13088acc093bba17f6ab2760ba0f2ef01eeb67318,"[485, 76]","[3876, 605]","[0, 0, 485, 76]","[0, 0, 3876, 605]",0.000229,[],"[""I88:1291;80:1247"", ""80:1247""]",USED_IN_MVP,USED_IN_MVP,KEEP_BOTH,Side-by-side inspection shows matching subject/composition in different native resolutions; decoded RGBA is not equal. Preserve independent raster/alpha data and source usage until calibrated runtime selection.,analysis/figma/near_duplicate_review/pairs_11.jpg
NEAR-125,ui_banner_name_purple__480x88,ui_banner_name_purple__959x176,c88a6adbed1ce6d0d53fdc61fc2886523ffd944860538de67d913c6f6b1a43f3,4924b8e68e5de2bf206105f343cd176490fec6219aa8f67f14dbfacd9d70e423,"[480, 88]","[959, 176]","[0, 0, 480, 88]","[0, 0, 959, 176]",0.000168,[],"[""I89:1604;89:1468"", ""I89:1604;89:1469"", ""I89:1604;89:1472"", ""I89:1604;89:1475"", ""I89:1604;89:1478"", ""89:1468"", ""89:1469"", ""89:1472"", ""89:1475"", ""89:1478"", ""89:1717""]",USED_IN_MVP,USED_IN_MVP,KEEP_BOTH,Side-by-side inspection shows matching subject/composition in different native resolutions; decoded RGBA is not equal. Preserve independent raster/alpha data and source usage until calibrated runtime selection.,analysis/figma/near_duplicate_review/pairs_11.jpg
NEAR-126,hero_lion_knight__404x447,hero_lion_knight__1616x1788,e07a5ef6efc63b7e591d51705758c57a2ead296d63a7fe3c6a4dd7d0052200fb,16dd368f0784fcd8000f08bc001998e8e043123123487605f5a9eafafc6916fc,"[404, 447]","[1616, 1788]","[0, 0, 404, 447]","[0, 0, 1616, 1788]",6.1e-05,[],"[""I30:1295;30:1265"", ""32:1314"", ""I89:1604;89:1450"", ""89:1450"", ""89:1534"", ""39:1361"", ""110:1194"", ""I109:602;110:1194"", ""I109:604;110:1194"", ""I109:606;110:1194"", ""I109:608;110:1194"", ""I109:610;110:1194"", ""I109:612;110:1194""]",USED_IN_MVP,USED_IN_MVP,KEEP_BOTH,Side-by-side inspection shows matching subject/composition in different native resolutions; decoded RGBA is not equal. Preserve independent raster/alpha data and source usage until calibrated runtime selection.,analysis/figma/near_duplicate_review/pairs_11.jpg
NEAR-127,relic_rabbit_mask__245x322,relic_rabbit_mask__490x644,3cebe52f608117476557c7f58abef45ca45b6033a6cd2e36a379c8e401866b28,708e9313d655bf0c14647ac958bc779b7d42b1be14a585aa6849e5006a42e341,"[245, 322]","[490, 644]","[0, 0, 245, 322]","[0, 0, 490, 644]",6.1e-05,[],"[""I73:477;73:436"", ""73:509""]",USED_POST_MVP,USED_POST_MVP,KEEP_BOTH,Side-by-side inspection shows matching subject/composition in different native resolutions; decoded RGBA is not equal. Preserve independent raster/alpha data and source usage until calibrated runtime selection.,analysis/figma/near_duplicate_review/pairs_11.jpg
NEAR-128,equipment_panda_monk_staff__312x313,equipment_panda_monk_staff__623x626,122b33f8779e647d1c3c723bf9730f7d2395ae2f6c747532a2811e164cf4e12c,75071d4d2bfc1534c8f436de3a73b93da1beface1625f3e98e4a9acdc6978ff9,"[312, 313]","[623, 626]","[0, 0, 312, 313]","[0, 0, 623, 626]",0.004883,[],"[""80:1051""]",USED_IN_MVP,USED_IN_MVP,KEEP_BOTH,Side-by-side inspection shows matching subject/composition in different native resolutions; decoded RGBA is not equal. Preserve independent raster/alpha data and source usage until calibrated runtime selection.,analysis/figma/near_duplicate_review/pairs_11.jpg
NEAR-129,ui_nav_crystal_relic__1407x1332,ui_nav_crystal_relic__352x333,3087dcd30815885e579da52808d56f66d8fc1f5f310675f80756b117dca2c99a,e555d2f4f1d2f91c8c56cd66f46d6aacf3d4bca00c1fc01237ca9a2b001001a5,"[1407, 1332]","[352, 333]","[0, 0, 1407, 1332]","[0, 0, 352, 333]",0.000977,"[""I19:1216;19:1193"", ""I89:1323;19:1193"", ""I80:1122;19:1193"", ""I71:292;19:1193"", ""I75:756;19:1193"", ""32:1322""]",[],USED_IN_MVP,USED_IN_MVP,KEEP_BOTH,Side-by-side inspection shows matching subject/composition in different native resolutions; decoded RGBA is not equal. Preserve independent raster/alpha data and source usage until calibrated runtime selection.,analysis/figma/near_duplicate_review/pairs_11.jpg
NEAR-130,ui_nav_dungeon__374x285,ui_nav_dungeon__1494x1139,45502ad6066897bee2b47e920cacc713ac882b966a3f625967c80c11926b472d,43a4d7323cd336871a977e8166b83421b81c72f117cf0ab64fe1884f494152d6,"[374, 285]","[1494, 1139]","[0, 0, 374, 285]","[0, 0, 1494, 1139]",0.001648,[],"[""I19:1215;19:1193"", ""I89:1322;19:1193"", ""I80:1121;19:1193"", ""I71:291;19:1193"", ""I75:755;19:1193"", ""32:1321""]",USED_IN_MVP,USED_IN_MVP,KEEP_BOTH,Side-by-side inspection shows matching subject/composition in different native resolutions; decoded RGBA is not equal. Preserve independent raster/alpha data and source usage until calibrated runtime selection.,analysis/figma/near_duplicate_review/pairs_11.jpg
NEAR-131,ui_panel_gold_black_wide__477x200,ui_panel_gold_black_wide__3815x1593,df66df4e53fb8b8fb0c0503af68f59df160676f286a295398b7389324bbead08,5f0ddb510bb29055a5a506e282270d3f8ac7426d98ac7b6cd359a6cbf88493fd,"[477, 200]","[3815, 1593]","[0, 0, 477, 200]","[0, 0, 3815, 1593]",0.003784,[],"[""79:896""]",USED_IN_MVP,USED_IN_MVP,KEEP_BOTH,Side-by-side inspection shows matching subject/composition in different native resolutions; decoded RGBA is not equal. Preserve independent raster/alpha data and source usage until calibrated runtime selection.,analysis/figma/near_duplicate_review/pairs_11.jpg
NEAR-132,relic_shadow_crystal__469x599,relic_shadow_crystal__235x300,d9661cb52c28c39a69ccaad4324bcbe9770c8470c0f7b409ca6a5880d93b04b9,468f28589671214333247e67c7ee9561c8c08e606dcad74aca4ef4cd02c1a0a2,"[469, 599]","[235, 300]","[0, 0, 469, 599]","[0, 0, 235, 300]",0.008072,"[""I73:476;73:436"", ""73:508""]",[],USED_POST_MVP,USED_POST_MVP,KEEP_BOTH,Side-by-side inspection shows matching subject/composition in different native resolutions; decoded RGBA is not equal. Preserve independent raster/alpha data and source usage until calibrated runtime selection.,analysis/figma/near_duplicate_review/pairs_11.jpg
NEAR-133,relic_blue_shard__354x641,relic_blue_shard__177x321,040257bff29a6a29ee565b3fcb51a208ee75f9be24e54aa6d6c2ff636ed10d20,d74b6d402b1d3a46230e811b83a5d5b0701954594f5acd5f4fe2a2eff661251f,"[354, 641]","[177, 321]","[0, 0, 354, 641]","[1, 0, 177, 321]",0.001648,"[""I73:473;73:436"", ""73:505""]",[],USED_POST_MVP,USED_POST_MVP,KEEP_BOTH,Side-by-side inspection shows matching subject/composition in different native resolutions; decoded RGBA is not equal. Preserve independent raster/alpha data and source usage until calibrated runtime selection.,analysis/figma/near_duplicate_review/pairs_12.jpg
NEAR-134,equipment_lion_knight_helmet__246x314,equipment_lion_knight_helmet__491x628,0dd9c17dd77e57ed0edc0ed636173c7a2c5221b6936c1cbcd16be5584773e280,1cb0b8528546ae1efae6207a6380cfcc37503fa9434806de621928d5b635e943,"[246, 314]","[491, 628]","[0, 0, 246, 314]","[0, 0, 491, 628]",0.006729,[],"[""80:1044""]",USED_IN_MVP,USED_IN_MVP,KEEP_BOTH,Side-by-side inspection shows matching subject/composition in different native resolutions; decoded RGBA is not equal. Preserve independent raster/alpha data and source usage until calibrated runtime selection.,analysis/figma/near_duplicate_review/pairs_12.jpg
NEAR-135,hero_bunny_assassin__428x457,hero_bunny_assassin__1711x1827,638547851abb940177f091c48cdc9ba11c323dd4477e8ffc5673de6949a02534,c6d31753476eefb819839e82e6771e5af8769ee4a1a4dd1e4b72b7c001f04679,"[428, 457]","[1711, 1827]","[0, 0, 428, 457]","[0, 0, 1711, 1827]",0.001709,[],"[""I30:1294;30:1265"", ""I89:1604;89:1449"", ""89:1449"", ""89:1537"", ""39:1362""]",USED_IN_MVP,USED_IN_MVP,KEEP_BOTH,Side-by-side inspection shows matching subject/composition in different native resolutions; decoded RGBA is not equal. Preserve independent raster/alpha data and source usage until calibrated runtime selection.,analysis/figma/near_duplicate_review/pairs_12.jpg
NEAR-136,background_dungeon_gargoyle_strip__2172x724,background_dungeon_gargoyle_strip__272x91,e2b047509863564d6dd636354433d20a55b861eeb91a9ed330a81186d44dfd83,891749b17aa2a872616bb589302e0827887e712a0cf9885801ed8eec68bd624f,"[2172, 724]","[272, 91]","[0, 0, 2172, 724]","[0, 0, 272, 91]",0.003906,"[""86:1268""]",[],USED_POST_MVP,USED_POST_MVP,KEEP_BOTH,Side-by-side inspection shows matching subject/composition in different native resolutions; decoded RGBA is not equal. Preserve independent raster/alpha data and source usage until calibrated runtime selection.,analysis/figma/near_duplicate_review/pairs_12.jpg
NEAR-137,reference_gradient_wallpaper__184x379,reference_gradient_wallpaper__736x1513,2cfbc998dca9d1cc05a00b1f4bdba221c8fe583bfb896872903c4f1f6c3f9898,f4873a9415e8e17940df8eaba531ed719a32e53b033667c2739c5128fc06e8c8,"[184, 379]","[736, 1513]","[0, 0, 184, 379]","[0, 0, 736, 1513]",0.003906,[],[],UNUSED_OR_REFERENCE_ONLY,UNUSED_OR_REFERENCE_ONLY,KEEP_BOTH,Side-by-side inspection shows matching subject/composition in different native resolutions; decoded RGBA is not equal. Preserve independent raster/alpha data and source usage until calibrated runtime selection. Reference-only classification remains excluded from interactive runtime import.,analysis/figma/near_duplicate_review/pairs_12.jpg
NEAR-138,relic_frost_dragon_head__471x629,relic_frost_dragon_head__236x315,9553922b344bb1e1fec72bb3ee2d4b02119b7ccc139802785432780b4e04e391,1915921bfd258a15bb7d5a3f3826ecf29dc685fad554e5807ed27f13f2e2067f,"[471, 629]","[236, 315]","[0, 0, 471, 629]","[0, 0, 236, 315]",0.004944,"[""I73:479;73:436"", ""73:511""]",[],USED_POST_MVP,USED_POST_MVP,KEEP_BOTH,Side-by-side inspection shows matching subject/composition in different native resolutions; decoded RGBA is not equal. Preserve independent raster/alpha data and source usage until calibrated runtime selection.,analysis/figma/near_duplicate_review/pairs_12.jpg
NEAR-139,background_dungeon_crocodile_strip__272x91,background_dungeon_crocodile_strip__2172x724,2fe40c38cd7f176d17436a694a5d8b215ccf64fcd87b63f8f0c613cdb1766f6f,ede70744b9a8c7defbe8168e88934320c821245c27fb96f2aefa073c6b64c275,"[272, 91]","[2172, 724]","[0, 0, 272, 91]","[0, 0, 2172, 724]",0.003906,[],"[""86:1272""]",USED_POST_MVP,USED_POST_MVP,KEEP_BOTH,Side-by-side inspection shows matching subject/composition in different native resolutions; decoded RGBA is not equal. Preserve independent raster/alpha data and source usage until calibrated runtime selection.,analysis/figma/near_duplicate_review/pairs_12.jpg
NEAR-140,hero_panda_monk__427x444,hero_panda_monk__1705x1775,261569fd2871fc203b4a61b14c47885faf701085888519ca0ebf938c74d3e8a6,43f57af8c76b8db945eb4493b5d941aa86f2f69eba999b6baa410451164d178b,"[427, 444]","[1705, 1775]","[0, 0, 427, 444]","[0, 0, 1705, 1775]",0.005386,[],"[""I30:1293;30:1265"", ""39:1363""]",USED_IN_MVP,USED_IN_MVP,KEEP_BOTH,Side-by-side inspection shows matching subject/composition in different native resolutions; decoded RGBA is not equal. Preserve independent raster/alpha data and source usage until calibrated runtime selection.,analysis/figma/near_duplicate_review/pairs_12.jpg
NEAR-141,equipment_lion_knight_sword__243x375,equipment_lion_knight_sword__486x750,b268029c7825d015c114c6ead638b02079cc1d7ebc4ca5c100c0d82de314bd95,18a04ecdd84829f898a72d264ab040146b142977c7aea546aae01bc541890c7b,"[243, 375]","[486, 750]","[0, 0, 243, 375]","[0, 0, 486, 750]",1.5e-05,[],"[""80:1045""]",USED_IN_MVP,USED_IN_MVP,KEEP_BOTH,Side-by-side inspection shows matching subject/composition in different native resolutions; decoded RGBA is not equal. Preserve independent raster/alpha data and source usage until calibrated runtime selection.,analysis/figma/near_duplicate_review/pairs_12.jpg
NEAR-142,portrait_ice_fairy__660x590,portrait_ice_fairy__330x295,b6bf6522834ca3197497149f45f9397d21fae2b1e80fbaeb5bcc70ca6844c4d2,280e5ab40385348b5e5170bc6d75c600735dac91a33112d07abc7c75dfc5b7d4,"[660, 590]","[330, 295]","[0, 0, 660, 590]","[0, 0, 330, 295]",0.0,"[""80:1241"", ""80:1094""]",[],USED_IN_MVP,USED_IN_MVP,KEEP_BOTH,Side-by-side inspection shows matching subject/composition in different native resolutions; decoded RGBA is not equal. Preserve independent raster/alpha data and source usage until calibrated runtime selection.,analysis/figma/near_duplicate_review/pairs_12.jpg
NEAR-143,equipment_bunny_assassin_crescent_axes__350x294,equipment_bunny_assassin_crescent_axes__699x588,6dcb01f1a328854ff9022e006d34e1f0b8e094968c21c9465d0d32d7855be975,e6142cef21b9d73308106be6ba7acd8f42079d476b502321a177eb6fcf700059,"[350, 294]","[699, 588]","[0, 0, 350, 294]","[0, 0, 699, 588]",0.002426,[],"[""80:1020""]",USED_IN_MVP,USED_IN_MVP,KEEP_BOTH,Side-by-side inspection shows matching subject/composition in different native resolutions; decoded RGBA is not equal. Preserve independent raster/alpha data and source usage until calibrated runtime selection.,analysis/figma/near_duplicate_review/pairs_12.jpg
NEAR-144,equipment_panda_monk_chest__619x555,equipment_panda_monk_chest__310x278,249e50b473a57a60823a0d0904f5cdd578210f9b26fd26fe9bd90f1fcc921cec,f93d0f8d93f6db9a454e5970a11095739eeb191dfa864865049dadc38f6c8e22,"[619, 555]","[310, 278]","[0, 0, 619, 555]","[0, 0, 310, 278]",0.003326,"[""80:1050""]",[],USED_IN_MVP,USED_IN_MVP,KEEP_BOTH,Side-by-side inspection shows matching subject/composition in different native resolutions; decoded RGBA is not equal. Preserve independent raster/alpha data and source usage until calibrated runtime selection.,analysis/figma/near_duplicate_review/pairs_12.jpg
NEAR-145,portrait_bunny_assassin__662x590,portrait_bunny_assassin__331x295,dec077664924569c976bc66ace90cd40dfb7e81cb062fc041b34fe69e51f22d0,bff2ff784d9f63ea94bc2f591923a51daecdb6147d316c284b0a4636bacc1797,"[662, 590]","[331, 295]","[0, 0, 662, 590]","[0, 0, 331, 295]",1.5e-05,"[""80:1239"", ""80:1092""]",[],USED_IN_MVP,USED_IN_MVP,KEEP_BOTH,Side-by-side inspection shows matching subject/composition in different native resolutions; decoded RGBA is not equal. Preserve independent raster/alpha data and source usage until calibrated runtime selection.,analysis/figma/near_duplicate_review/pairs_13.jpg
NEAR-146,relic_gold_hammer__474x528,relic_gold_hammer__237x264,ec9e081a48cf10a8773bcde6a5d3a111b710f3d8f43cc67c89ddf7e33df3b703,0a424722b10847e1dcbd9e9f2f0b01110bed2c58fb29aaf6eaca9835278035ce,"[474, 528]","[237, 264]","[0, 0, 474, 528]","[0, 0, 237, 264]",0.000244,"[""I73:460;73:436"", ""73:501""]",[],USED_POST_MVP,USED_POST_MVP,KEEP_BOTH,Side-by-side inspection shows matching subject/composition in different native resolutions; decoded RGBA is not equal. Preserve independent raster/alpha data and source usage until calibrated runtime selection.,analysis/figma/near_duplicate_review/pairs_13.jpg
NEAR-147,equipment_elf_archer_quiver__519x688,equipment_elf_archer_quiver__260x344,3acc70845a2056e0bd60299afd0fe2f885aa8a119a04ca3c3cc21e081546451e,6fffd9b2fc7f383b12de24bc41eb7fca23344406705c92e5ec7fbaa59a11bddc,"[519, 688]","[260, 344]","[0, 0, 519, 688]","[0, 0, 260, 343]",0.010818,"[""I80:949;80:911"", ""80:1008""]",[],USED_IN_MVP,USED_IN_MVP,KEEP_BOTH,Side-by-side inspection shows matching subject/composition in different native resolutions; decoded RGBA is not equal. Preserve independent raster/alpha data and source usage until calibrated runtime selection.,analysis/figma/near_duplicate_review/pairs_13.jpg
NEAR-148,background_dungeon_lizard_strip__2172x724,background_dungeon_lizard_strip__272x91,1bf7a67f5307f70247412ef441257fba214ccec47559ea931bca80b98afaba2b,c328225251954411cd6b8139ccbe609fcb2de74651d6dd516a55ec6087d1945e,"[2172, 724]","[272, 91]","[0, 0, 2172, 724]","[0, 0, 272, 91]",0.003906,"[""86:1269""]",[],USED_POST_MVP,USED_POST_MVP,KEEP_BOTH,Side-by-side inspection shows matching subject/composition in different native resolutions; decoded RGBA is not equal. Preserve independent raster/alpha data and source usage until calibrated runtime selection.,analysis/figma/near_duplicate_review/pairs_13.jpg
NEAR-149,relic_blue_feather__237x333,relic_blue_feather__473x665,6aa7094c8e02ae282171d949d48a8ca8563efbb5bac4f69fa940d01af5ee7652,373d45ba94b8ec41c1cd73bba7d96e4fd52ee421aa8c9ca622d5ad90971e750b,"[237, 333]","[473, 665]","[0, 0, 237, 333]","[0, 0, 473, 665]",0.002579,[],"[""I73:438;73:436"", ""73:436""]",USED_POST_MVP,USED_POST_MVP,KEEP_BOTH,Side-by-side inspection shows matching subject/composition in different native resolutions; decoded RGBA is not equal. Preserve independent raster/alpha data and source usage until calibrated runtime selection.,analysis/figma/near_duplicate_review/pairs_13.jpg
NEAR-150,enemy_ironhide_boar__1862x1681,enemy_ironhide_boar__466x421,f4a011a953e9d21b58200c7f8ffdf23b81dcfbcf8f022b77baa7ae5337329237,8328e2606a04993cb1ec29c95b6c8ccd4fd8b524683fde9b6f9235e6fd756d2c,"[1862, 1681]","[466, 421]","[0, 0, 1862, 1681]","[0, 0, 466, 421]",0.003479,"[""37:1350"", ""37:1340"", ""110:1222"", ""I109:602;110:1222"", ""I109:604;110:1222"", ""I109:606;110:1222"", ""I109:608;110:1222"", ""I109:610;110:1222"", ""I109:612;110:1222""]",[],USED_IN_MVP,USED_IN_MVP,KEEP_BOTH,Side-by-side inspection shows matching subject/composition in different native resolutions; decoded RGBA is not equal. Preserve independent raster/alpha data and source usage until calibrated runtime selection.,analysis/figma/near_duplicate_review/pairs_13.jpg
NEAR-151,equipment_panda_monk_orbs__669x551,equipment_panda_monk_orbs__335x276,aadc9c3dcd6ec50a6dffb1e1d3c4b69e9e96a3f93e0fa476d1f04364f4d96927,f979251136b00f1cf5a98526e09f458b3de4cbf6c97b83b47613403422511f48,"[669, 551]","[335, 276]","[0, 0, 669, 551]","[0, 0, 335, 276]",0.007111,"[""80:1046""]",[],USED_IN_MVP,USED_IN_MVP,KEEP_BOTH,Side-by-side inspection shows matching subject/composition in different native resolutions; decoded RGBA is not equal. Preserve independent raster/alpha data and source usage until calibrated runtime selection.,analysis/figma/near_duplicate_review/pairs_13.jpg
NEAR-152,equipment_bunny_assassin_chest__284x328,equipment_bunny_assassin_chest__567x656,ec3b95aa0bf8f9df3abdfaea1dd0e3561621755ca881525e0d449713ef636455,4c42b1ec55c1bed86ef710ea7dba12a26753949dea260c30480bb0aadded0d34,"[284, 328]","[567, 656]","[0, 0, 284, 328]","[0, 0, 567, 656]",0.004059,[],"[""80:1024""]",USED_IN_MVP,USED_IN_MVP,KEEP_BOTH,Side-by-side inspection shows matching subject/composition in different native resolutions; decoded RGBA is not equal. Preserve independent raster/alpha data and source usage until calibrated runtime selection.,analysis/figma/near_duplicate_review/pairs_13.jpg
NEAR-153,reward_gold_chest__314x314_variant2,reward_gold_chest__1254x1254_variant2,6ecc40de469484c30e89c8b883791833a32dd773a876de9e1f84c39daefdff3e,88bff839ec65a4e657f10bcd19c9ff26c329edac788669c5b2f4e95245a203ad,"[314, 314]","[1254, 1254]","[4, 7, 304, 301]","[14, 30, 1214, 1203]",0.004242,[],"[""I2:421;2:437"", ""I106:556;2:437"", ""2:437""]",USED_IN_MVP,USED_IN_MVP,KEEP_BOTH,Side-by-side inspection shows matching subject/composition in different native resolutions; decoded RGBA is not equal. Preserve independent raster/alpha data and source usage until calibrated runtime selection.,analysis/figma/near_duplicate_review/pairs_13.jpg
NEAR-154,portrait_lion_knight__331x303,portrait_lion_knight__661x606,1b51b101ee3c6a022c24626c1a16b5745c158ece016fca40d443994ec2bfe7dd,0bf7cf58458260b6643ce47d8744e11253d570f36eb7ca8f6415b0c18a081d9c,"[331, 303]","[661, 606]","[0, 0, 331, 303]","[0, 0, 661, 606]",0.005127,[],"[""80:1093""]",USED_IN_MVP,USED_IN_MVP,KEEP_BOTH,Side-by-side inspection shows matching subject/composition in different native resolutions; decoded RGBA is not equal. Preserve independent raster/alpha data and source usage until calibrated runtime selection.,analysis/figma/near_duplicate_review/pairs_13.jpg
NEAR-155,background_dungeon_boar_strip__2172x724,background_dungeon_boar_strip__272x91,2f6ad69f446e42bbcc8234476364678c74d2e667a12b35134e62b91e2dba4996,8f3f724c7642455cfe422d91f14b5f78d10cfdf10dc718067861163838e4a7d8,"[2172, 724]","[272, 91]","[0, 0, 2172, 724]","[0, 0, 272, 91]",0.003906,"[""86:1273""]",[],USED_POST_MVP,USED_POST_MVP,KEEP_BOTH,Side-by-side inspection shows matching subject/composition in different native resolutions; decoded RGBA is not equal. Preserve independent raster/alpha data and source usage until calibrated runtime selection.,analysis/figma/near_duplicate_review/pairs_13.jpg
NEAR-156,relic_gold_dragon_head__455x633,relic_gold_dragon_head__228x317,d38bd926d27f67c12668b9a2596cc84f0ad816854cb1ae667610dadc37d9fd6d,fd4e4b4f761787163f0d30b9b4c343f35ed3aa3b31d9c3cf8707a7b73935da24,"[455, 633]","[228, 317]","[0, 0, 455, 633]","[0, 0, 228, 317]",0.003433,"[""I73:478;73:436"", ""73:510""]",[],USED_POST_MVP,USED_POST_MVP,KEEP_BOTH,Side-by-side inspection shows matching subject/composition in different native resolutions; decoded RGBA is not equal. Preserve independent raster/alpha data and source usage until calibrated runtime selection.,analysis/figma/near_duplicate_review/pairs_13.jpg
NEAR-157,relic_gold_bird_mask__264x296,relic_gold_bird_mask__527x591,0a7b17aaeb65c35e03d08e6227de1b40314638f4a6a8528bc3d5ee418a8e51a9,6b2643af8d76215892416fcb7481549875d9dc41e2ee58bec942e303ef4cfaac,"[264, 296]","[527, 591]","[0, 0, 264, 296]","[0, 0, 527, 591]",0.006241,[],"[""I73:480;73:436"", ""73:512""]",USED_POST_MVP,USED_POST_MVP,KEEP_BOTH,Side-by-side inspection shows matching subject/composition in different native resolutions; decoded RGBA is not equal. Preserve independent raster/alpha data and source usage until calibrated runtime selection.,analysis/figma/near_duplicate_review/pairs_14.jpg
NEAR-158,ui_bar_dark_track__3646x435,ui_bar_dark_track__456x55,8dfc7fb23c4c2c64ee8971134c0ac20172f9ce57323b38cf966aa22ad4c4cda0,b0144c0c20f6bb8f3ba1296945ac1fe61f5d90f723a7f5c4d35af3f0d1454478,"[3646, 435]","[456, 55]","[0, 0, 3646, 435]","[0, 0, 456, 55]",0.003708,"[""I2:428;2:487"", ""I57:260;2:487"", ""51:1470"", ""I89:1313;2:487"", ""I89:1317;2:487"", ""I80:1112;2:487"", ""I80:1116;2:487"", ""I71:282;2:487"", ""I71:286;2:487"", ""I75:746;2:487"", ""I75:750;2:487"", ""2:487""]",[],USED_IN_MVP,USED_IN_MVP,KEEP_BOTH,Side-by-side inspection shows matching subject/composition in different native resolutions; decoded RGBA is not equal. Preserve independent raster/alpha data and source usage until calibrated runtime selection.,analysis/figma/near_duplicate_review/pairs_14.jpg
NEAR-159,background_dungeon_shadow_bright_strip__2172x724,background_dungeon_shadow_bright_strip__272x91,87d500f26a3797076183c64e1a15bd93c5513e83bfe744253e6d2aecd425c649,14fd6d83e90835c1ffdd4e22f816bfb7e8721cc66836f449e43292a66b917bdf,"[2172, 724]","[272, 91]","[0, 0, 2172, 724]","[0, 0, 272, 91]",0.003906,"[""I88:1291;81:1256"", ""81:1256"", ""86:1263""]",[],USED_POST_MVP,USED_POST_MVP,KEEP_BOTH,Side-by-side inspection shows matching subject/composition in different native resolutions; decoded RGBA is not equal. Preserve independent raster/alpha data and source usage until calibrated runtime selection.,analysis/figma/near_duplicate_review/pairs_14.jpg
NEAR-160,equipment_raccoon_engineer_cannon_small__313x283,equipment_raccoon_engineer_cannon_large__625x565,ead0ce93cc0943a963432651b7563521cca455abbfa0c1fe25cae67820236a14,a08ebe08664eb17c3106d57d1469fe393df1080105b8b60869ea3a1d82a626ce,"[313, 283]","[625, 565]","[0, 2, 313, 283]","[0, 0, 625, 565]",0.007034,[],"[""80:1060""]",USED_IN_MVP,USED_IN_MVP,KEEP_BOTH,Same scoped cannon art in two resolutions despite small/large family names; retain separate IDs. This scope design differs from the coil cannon in NEAR-164.,analysis/figma/near_duplicate_review/pairs_14.jpg
NEAR-161,equipment_owl_mage_robe_orb__533x651,equipment_owl_mage_robe_orb__267x326,ca798a6b9b072b2b0965ec129b2badb11270428fd63221c5dd73a1d17b44abbb,c852914d6f20570b7a3f7da45d6250b90d349c30b7d7cf98180461fdab20e568,"[533, 651]","[267, 326]","[0, 0, 533, 651]","[0, 0, 267, 326]",0.003204,"[""80:1028""]",[],USED_IN_MVP,USED_IN_MVP,KEEP_BOTH,Side-by-side inspection shows matching subject/composition in different native resolutions; decoded RGBA is not equal. Preserve independent raster/alpha data and source usage until calibrated runtime selection.,analysis/figma/near_duplicate_review/pairs_14.jpg
NEAR-162,ui_icon_dragon_red__385x391,ui_icon_dragon_red__1540x1564,f310c0bb84b50d9ef0f8959421fd08b566dc29057d0102269e1518586342889b,f319037f91057ff360e32f5019ce054dc5d4c47c9a076addcd136ac868df2e21,"[385, 391]","[1540, 1564]","[0, 0, 385, 391]","[0, 0, 1540, 1564]",0.000122,[],"[""51:1473"", ""110:1187"", ""I109:602;110:1187"", ""I109:604;110:1187"", ""I109:606;110:1187"", ""I109:608;110:1187"", ""I109:610;110:1187"", ""I109:612;110:1187""]",USED_IN_MVP,USED_IN_MVP,KEEP_BOTH,Side-by-side inspection shows matching subject/composition in different native resolutions; decoded RGBA is not equal. Preserve independent raster/alpha data and source usage until calibrated runtime selection.,analysis/figma/near_duplicate_review/pairs_14.jpg
NEAR-163,equipment_turtle_warrior_chest_plate__343x278,equipment_turtle_warrior_chest_plate__686x555,a7b044cfb3029040e5c355e0c7594aa642d2f8d28b9822287c4e5ce690560557,57dfb7cf4d036ef662ab304fe74845bd16469d380565dcad9316652c09117662,"[343, 278]","[686, 555]","[0, 0, 343, 278]","[0, 0, 686, 555]",0.001495,[],"[""80:1074""]",USED_IN_MVP,USED_IN_MVP,KEEP_BOTH,Side-by-side inspection shows matching subject/composition in different native resolutions; decoded RGBA is not equal. Preserve independent raster/alpha data and source usage until calibrated runtime selection.,analysis/figma/near_duplicate_review/pairs_14.jpg
NEAR-164,equipment_raccoon_engineer_cannon_small__333x269,equipment_raccoon_engineer_cannon_large__666x538,2d417070aa5a0500060cfbc9bf9f52f54f837501491d5b19541976d37eb77e3b,e722a1c4159721b339b310d2e2b03b1aea575f6818735f6ff6596cd4f5c32989,"[333, 269]","[666, 538]","[0, 0, 333, 269]","[0, 0, 666, 538]",0.0,[],"[""80:1065""]",USED_IN_MVP,USED_IN_MVP,KEEP_BOTH,Same top-coil cannon art in two resolutions despite small/large family names; retain separate IDs. This coil design differs from the scoped cannon in NEAR-160.,analysis/figma/near_duplicate_review/pairs_14.jpg
NEAR-165,reference_screen_daily__213x462,reference_screen_daily__852x1846,8868a457231dd85738e2b94da0e7a7de2576eaf12d02d7f4254ab5d08abee1d7,b9443ab0f186058676f20871871c581cfb7725544bb60ab03823609ca0ccc2cf,"[213, 462]","[852, 1846]","[0, 0, 213, 462]","[0, 0, 852, 1846]",0.0,[],"[""I109:591;203:12"", ""I109:602;109:591;203:12"", ""I109:604;109:591;203:12"", ""I109:606;109:591;203:12"", ""I109:608;109:591;203:12"", ""I109:610;109:591;203:12"", ""I109:612;109:591;203:12""]",UNUSED_OR_REFERENCE_ONLY,UNUSED_OR_REFERENCE_ONLY,KEEP_BOTH,Side-by-side inspection shows matching subject/composition in different native resolutions; decoded RGBA is not equal. Preserve independent raster/alpha data and source usage until calibrated runtime selection. Reference-only classification remains excluded from interactive runtime import.,analysis/figma/near_duplicate_review/pairs_14.jpg
NEAR-166,ui_panel_stats_black__483x213,ui_panel_stats_black__966x425,3d430d41d7ada555fbf62b08027bc417bc826144f89d111138145dda84a7b8c1,ca6d322b1a3fe254be49230e897597e09656d936c459f91391436c5a8beae2bf,"[483, 213]","[966, 425]","[0, 0, 483, 213]","[0, 0, 966, 425]",3.1e-05,[],"[""I2:190;2:539"", ""I2:191;2:537"", ""I89:1604;89:1497"", ""I89:1604;89:1541"", ""I89:1604;89:1557"", ""I89:1604;89:1573"", ""I89:1604;89:1588"", ""89:1497"", ""89:1541"", ""89:1557"", ""89:1573"", ""89:1588"", ""2:537"", ""2:539""]",USED_IN_MVP,USED_IN_MVP,KEEP_BOTH,Side-by-side inspection shows matching subject/composition in different native resolutions; decoded RGBA is not equal. Preserve independent raster/alpha data and source usage until calibrated runtime selection.,analysis/figma/near_duplicate_review/pairs_14.jpg
NEAR-167,portrait_panda_monk__324x295,portrait_panda_monk__648x590,6e61b6a33ed750c6dd34be614052564e7712f5053bb17fa8f1053c172e5f1d0a,9d7745bbacaa81655615cd4a9fc071879c4ad2e0cbb6e62ba53c16cb36975390,"[324, 295]","[648, 590]","[0, 0, 324, 295]","[0, 0, 648, 590]",0.0,[],"[""80:1091""]",USED_IN_MVP,USED_IN_MVP,KEEP_BOTH,Side-by-side inspection shows matching subject/composition in different native resolutions; decoded RGBA is not equal. Preserve independent raster/alpha data and source usage until calibrated runtime selection.,analysis/figma/near_duplicate_review/pairs_14.jpg
